
INSERT INTO `dec_dependencia` (`id_dependencia`, `dependen`) VALUES
(15, 'ADMINISTRACION'),
(22, 'ASUNTOS ESTUDIANTILES'),
(12, 'ASUNTOS PROFESORALES'),
(1, 'BIBLIOTECA'),
(2, 'BIOLOGIA'),
(3, 'COMPUTACION'),
(18, 'CONSEJO FACULTAD'),
(13, 'CURRICULUM'),
(4, 'DAE'),
(5, 'DECANATO'),
(19, 'DESPACHO'),
(6, 'DTIC'),
(14, 'EXTENSION'),
(7, 'FISICA'),
(17, 'INVESTIGACION'),
(21, 'MANTENIMIENTO'),
(8, 'MATEMATICA'),
(9, 'OST'),
(16, 'POSTGRADO'),
(10, 'QUIMICA'),
(20, 'RECURSOS HUMANOS'),
(11, 'UFSH');

INSERT INTO `dec_usuario` (`ID`, `TIME`, `id_usuario`, `password`, `nombre`, `apellido`, `cargo`, `email`, `telefono`, `id_dependencia`, `tipo`, `observacion`, `sys_rol`, `status`) VALUES
(NULL, '2015-07-07 19:41:59', '10037592', 'f3b0e838741a3e516be00ae23eb486fc2100f509', 'Angel Enrique', 'Rivas Mendoza', '', '', '',  5, 'docente', NULL, 'no_visible', 'inactivo'),
(NULL, '2015-07-07 19:41:59', '10082266', '006aff423cc6ea9bb995faba3d4702e08db5ff08', 'Mirba', 'Romero Matos', '', '', '',  5, 'docente', NULL, 'no_visible', 'inactivo'),
(NULL, '2015-07-07 19:41:59', '10111075', '220d18b82501bcee5019f73598c237562aba6875', 'Sandra', 'Morales', '', '', '',  5, 'administrativo', NULL, 'no_visible', 'inactivo'),
(NULL, '2015-07-07 19:41:59', '10114715', 'be407882f575b087accdce7b59ea3a9709460291', 'Jesus', 'Rivas ', '', '', '',  5, 'docente', NULL, 'no_visible', 'inactivo'),
(NULL, '2015-07-07 19:41:59', '10131920', 'c49b98e68b93ae575e125040a9409ebaff97b853', 'A', 'Lopez Angel', '', '', '',  5, 'docente', NULL, 'no_visible', 'inactivo'),
(NULL, '2015-07-07 19:41:59', '10146766', 'a5d1f9748cd05f862e05546560c8670629e8c318', 'Lellys', 'Contreras Moyeja', '', '', '',  5, 'docente', NULL, 'no_visible', 'inactivo'),
(NULL, '2015-07-07 19:41:59', '10227973', 'f3e71038dfdcaf36488bf3114d5b263ab52e3620', 'Hector', 'Inojosa Vitriago', '', '', '',  5, 'docente', NULL, 'no_visible', 'inactivo'),
(NULL, '2015-07-07 19:41:59', '10228698', '7cccc01f89cf3ff6dec1d9470643e4dcf88f4bb8', 'Anabella', 'Sanz', '', '', '',  5, 'administrativo', NULL, 'no_visible', 'inactivo'),
(NULL, '2015-07-07 19:41:59', '10232537', '62ec17de53471df68c42f36e237bb7047c82b10c', 'Milagros', 'Tortolero ', '', '', '',  5, 'administrativo', NULL, 'no_visible', 'inactivo'),
(NULL, '2015-07-07 19:41:59', '10233908', '4a7594b38d216ab593e1544f589a5e1c57896a47', 'Nancy', 'Zambrano F', '', '', '',  5, 'administrativo', NULL, 'no_visible', 'inactivo'),
(NULL, '2015-07-07 19:41:59', '10273691', '24a1f1abf1a8a6e2e5c9707afd39548ce71b671e', 'Jorge', 'Briceno Carrasquel', '', '', '',  5, 'docente', NULL, 'no_visible', 'inactivo'),
(NULL, '2015-07-07 19:41:59', '10378636', '999400a61e4702402e2404eb00a802550252805f', 'Daniel', 'Arias Toro', '', '', '',  5, 'docente', NULL, 'no_visible', 'inactivo'),
(NULL, '2015-07-07 19:41:59', '10484903', '4c5f0cdd9cd0fd92d47c6392b3f64f8bc0daa2a1', 'Maryorie', 'Machado S', '', '', '',  5, 'docente', NULL, 'no_visible', 'inactivo'),
(NULL, '2015-07-07 19:41:59', '10561291', 'b949fc528b44ac3b59ccb247daad0b93dfdee3ba', 'Zoraida', 'Velasco S', '', '', '',  5, 'docente', NULL, 'no_visible', 'inactivo'),
(NULL, '2015-07-07 19:41:59', '10577808', 'ba3037d7703cdd782162c760ca5b3f0c30f46fcd', 'Belkys Yubiry', 'Perez Garcia', '', '', '',  5, 'docente', NULL, 'no_visible', 'inactivo'),
(NULL, '2015-07-07 19:41:59', '10701349', '5a31397702d7283a8bece9378dceff835f8b130c', 'Herminia', 'Jimenez velasquez', '', '', '',  5, 'administrativo', NULL, 'no_visible', 'inactivo'),
(NULL, '2015-07-07 19:41:59', '10730466', '14fb0eba37fe934a3df46e7cd5defbcbf1617872', 'Iraida', 'Falcón', '', '', '',  5, 'administrativo', NULL, 'no_visible', 'inactivo'),
(NULL, '2015-07-07 19:41:59', '10731726', 'e55f4f9e86c8b3de527df0a6eaf3f357f2d29e28', 'Angel', 'Leon ', '', '', '',  5, 'administrativo', NULL, 'no_visible', 'inactivo'),
(NULL, '2015-07-07 19:41:59', '10732218', '36ffe34f59da3d95e10388ffecc8aaaff047ee93', 'Lilian', 'Guevara ', '', '', '',  5, 'administrativo', NULL, 'no_visible', 'inactivo'),
(NULL, '2015-07-07 19:41:59', '10754307', 'f4389672b47eeef1f0ec18d7af9044efb304afd5', 'Luis', 'Puerta Silva', '', '', '',  5, 'docente', NULL, 'no_visible', 'inactivo'),
(NULL, '2015-07-07 19:41:59', '10755388', 'e6c3fbe2252abd55b21d6b4a0d712ae2a01833da', 'Muñoz', 'Marcos', '', '', '',  5, 'docente', NULL, 'no_visible', 'inactivo'),
(NULL, '2015-07-07 19:41:59', '11007186', '39ae3cc4b543fba86d8f4d01c4dc5c455439eb1b', 'Damarys C', 'Serrano V', '', '', '',  5, 'docente', NULL, 'no_visible', 'inactivo'),
(NULL, '2015-07-07 19:41:59', '11095592', '6f6c2a072db378883df2a9192f6c40b37dca95e0', 'Chirinos', 'Iris', '', '', '',  5, 'docente', NULL, 'no_visible', 'inactivo'),
(NULL, '2015-07-07 19:41:59', '11148154', 'eebf8f01eb5447d664855aa99fba1f7341d7e0be', 'Katiuska', 'Ramos Jimenez', '', '', '',  5, 'docente', NULL, 'no_visible', 'inactivo'),
(NULL, '2015-07-07 19:41:59', '11153957', '9d04c2017d9422ebcb4a9a9abd4d6b9456c4122b', 'Victor', 'Perez ', '', '', '',  5, 'administrativo', NULL, 'no_visible', 'inactivo'),
(NULL, '2015-07-07 19:41:59', '11155728', '31c67c60ed17f1090b0260e10ac61f81e831d5a7', 'Dayana', 'Parra', '', '', '',  5, 'administrativo', NULL, 'no_visible', 'inactivo'),
(NULL, '2015-07-07 19:41:59', '11183899', 'a8b38b80c4bd2abe2c22a31600c2b8dff3b2c52f', 'Juan', 'Pereira Antique', '', '', '',  5, 'docente', NULL, 'no_visible', 'inactivo'),
(NULL, '2015-07-07 19:41:59', '11352146', '5cf5f4ac354c1227c7320ed07de03a9bdce86b49', 'Erika', 'Paracare', '', '', '',  5, 'administrativo', NULL, 'no_visible', 'inactivo'),
(NULL, '2015-07-07 19:41:59', '11359154', 'f826c1e90f441d8a3f50d4f509ce0c48c156c5fd', 'Ivonne', 'Leal M', '', '', '',  5, 'administrativo', NULL, 'no_visible', 'inactivo'),
(NULL, '2015-07-07 19:41:59', '11362785', '57df7b60ac76cccc4ec198c5f6a20d0903d792c0', 'Esmeralda', 'Montero', '', '', '',  5, 'administrativo', NULL, 'no_visible', 'inactivo'),
(NULL, '2015-07-07 19:41:59', '11364017', 'b3279fe5258af730dc98f7e5aa7b983e8bc53c81', 'Yojana', 'Sequera Rojas', '', '', '',  5, 'administrativo', NULL, 'no_visible', 'inactivo'),
(NULL, '2015-07-07 19:41:59', '11485668', '27ab9c299da62fb192d4645db9afa1cd3104307d', 'Lenys', 'Bello G', '', '', '',  5, 'docente', NULL, 'no_visible', 'inactivo'),
(NULL, '2015-07-07 19:41:59', '11525159', '15d7d77a7f0e41fa18c413513b348e000d3e7740', 'Lisbeht', 'Hernandez ', '', '', '',  5, 'administrativo', NULL, 'no_visible', 'inactivo'),
(NULL, '2015-07-07 19:41:59', '11525430', 'b626c6da850eb834810fa1e13d0b5c4ac72bbc84', 'Jeff', 'Wilkesman Giamate', '', '', '',  5, 'docente', NULL, 'no_visible', 'inactivo'),
(NULL, '2015-07-07 19:41:59', '11526178', '465462c3b73071c773ae78cb508be2188ee58c17', 'Elizabeth', 'Perozo Rondon', '', '', '',  5, 'docente', NULL, 'no_visible', 'inactivo'),
(NULL, '2015-07-07 19:41:59', '11557142', '23494cc5da7d5e736bd5c184f29c33b54aeeb113', 'Carlos', 'Valera', '', '', '',  5, 'docente', NULL, 'no_visible', 'inactivo'),
(NULL, '2015-07-07 19:41:59', '11638901', 'd389adcc186fbdad05b2997b67eff510077e4b08', 'Domenico', 'Pavone M', '', '', '',  5, 'docente', NULL, 'no_visible', 'inactivo'),
(NULL, '2015-07-07 19:41:59', '11678882', 'e0c4cd16b28b048867a4551f17fb65c386e5968a', 'Luis', 'Rodriguez ', '', '', '',  5, 'docente', NULL, 'no_visible', 'inactivo'),
(NULL, '2015-07-07 19:41:59', '11687214', '18de070c3f5f96bd99649284dc360f0b3cf4a8cd', 'Monica', 'Perez S', '', '', '',  5, 'administrativo', NULL, 'no_visible', 'inactivo'),
(NULL, '2015-07-07 19:41:59', '11808711', '89cb09153d147c9e9f68e90db58bc46033a2236f', 'Girolamo', 'Grassi', '', '', '',  5, '', NULL, 'no_visible', 'inactivo'),
(NULL, '2015-07-07 19:41:59', '11808960', '3ccae20f695857973215638beb280204f2c6ba4c', 'Julissa', 'Brizuela', '', '', '',  5, 'docente', NULL, 'no_visible', 'inactivo'),
(NULL, '2015-07-07 19:41:59', '11809738', '3df992e85dd90147cc3a384d3fcf5523dee03738', 'Arnaldo', 'Armado Matute', '', '', '',  5, 'docente', NULL, 'no_visible', 'inactivo'),
(NULL, '2015-07-07 19:41:59', '11811500', '287205b99d559aa2655434b6c667d874c3624365', 'Victor', 'Griffin B', '', '', '',  5, 'docente', NULL, 'no_visible', 'inactivo'),
(NULL, '2015-07-07 19:41:59', '11814428', 'e78a975785af72ae246ca2ecae9b65129d57bd03', 'Elsa', 'Tovar Flores', '', '', '',  5, 'docente', NULL, 'no_visible', 'inactivo'),
(NULL, '2015-07-07 19:41:59', '11960243', 'dd7354382d0f690c86413638b567e1b787037493', 'Jonathan', 'Liria Salazar', '', '', '',  5, 'docente', NULL, 'no_visible', 'inactivo'),
(NULL, '2015-07-07 19:41:59', '12028017', 'dec517659a19078ed42c64dce7a77396b612ebb9', 'José', 'Garcia', '', '', '',  5, '', NULL, 'no_visible', 'inactivo'),
(NULL, '2015-07-07 19:41:59', '12029549', 'f2ab7478865ec91f20408bc66df4c1121e53a789', 'Yoanair', 'Tovar Pena', '', '', '',  5, 'administrativo', NULL, 'no_visible', 'inactivo'),
(NULL, '2015-07-07 19:41:59', '12031020', '8c73e74a8a1f6182261ccf8a19aafe0603c60225', 'Sandra', 'Peña', '', '', '',  5, 'administrativo', NULL, 'no_visible', 'inactivo'),
(NULL, '2015-07-07 19:41:59', '12032005', '10e59071eb5cc104de66bf3b3fec82e3b357c828', 'Karina', 'Gonzalez ', '', '', '',  5, 'administrativo', NULL, 'no_visible', 'inactivo'),
(NULL, '2015-07-07 19:41:59', '12033792', '503514a063072aefa7729020ba26a9e92bb6ce6a', 'Lorena', 'Febres', '', '', '',  5, 'administrativo', NULL, 'no_visible', 'inactivo'),
(NULL, '2015-07-07 19:41:59', '12035391', '6d394e7c4ea2bedd8ea3c336df3b8973749316ad', 'Jose', 'Ramirez B', '', '', '',  5, 'docente', NULL, 'no_visible', 'inactivo'),
(NULL, '2015-07-07 19:41:59', '12035819', '0c786701c3a57f64057516924c4b030d8d1e0c63', 'Hernan', 'Torres', '', '', '',  5, '', NULL, 'no_visible', 'inactivo'),
(NULL, '2015-07-07 19:41:59', '12065867', '374853e3b1e885447a5f2577b9b3a82d29175723', 'Carlos', 'Do Nascimiento', '', '', '',  5, 'docente', NULL, 'no_visible', 'inactivo'),
(NULL, '2015-07-07 19:41:59', '12102193', 'c9734e985b06542f83e0b3c90c9dd76de7d4a65e', 'Urbina Abel', 'D alessandro', '', '', '',  5, 'administrativo', NULL, 'no_visible', 'inactivo'),
(NULL, '2015-07-07 19:41:59', '12122940', '694b95b4aa550ad609b90aefcd1960aa90733736', 'Sheyla', 'Ortiz Kukec', '', '', '',  5, 'docente', NULL, 'no_visible', 'inactivo'),
(NULL, '2015-07-07 19:41:59', '12148374', '40159a5a7201842653a818b41667ec634291f071', 'Oscar', 'Sucre Reyes', '', '', '',  5, 'docente', NULL, 'no_visible', 'inactivo'),
(NULL, '2015-07-07 19:41:59', '12174070', '705ebf21270620d98de348dbc075f4f8d0952c21', 'Juan', 'Mateu Petit', '', '', '',  5, 'docente', NULL, 'no_visible', 'inactivo'),
(NULL, '2015-07-07 19:41:59', '12312009', 'f187035aacd154489cb53692d9a2fa384ab80e19', 'Amadis', 'Martinez Morales', '', '', '',  5, 'docente', NULL, 'no_visible', 'inactivo'),
(NULL, '2015-07-07 19:41:59', '12345678', '7c222fb2927d828af22f592134e8932480637c0d', 'Desk', 'Help', '', '', '',  5, '', NULL, 'no_visible', 'inactivo'),
(NULL, '2015-07-07 19:41:59', '12522701', 'b551ebce08305a894b813232c0f5e82c50f0bc2f', 'Jower', 'Ruiz A', '', '', '',  5, 'administrativo', NULL, 'no_visible', 'inactivo'),
(NULL, '2015-07-07 19:41:59', '12524155', '1e3562a82af1e9aaae9edf694cf032eeaeadd229', 'Maria', 'Villegas Aguilar', '', '', '',  5, 'docente', NULL, 'no_visible', 'inactivo'),
(NULL, '2015-07-07 19:41:59', '12546473', '522c63bf6973e19625245505f5f105ac3f233c12', 'Irazabal', 'Neudis', '', '', '',  5, 'docente', NULL, 'no_visible', 'inactivo'),
(NULL, '2015-07-07 19:41:59', '12605080', '47c6cd201522dff9185f85912da2af12ce320606', 'Cleomara', 'Palacios', '', '', '',  5, 'administrativo', NULL, 'no_visible', 'inactivo'),
(NULL, '2015-07-07 19:41:59', '12606179', 'cb2cc38c5db8e1fce446449891fd36c89b77bc89', 'Romero Ysmel', 'La Rosa', '', '', '',  5, 'docente', NULL, 'no_visible', 'inactivo'),
(NULL, '2015-07-07 19:41:59', '12608487', 'afde2773a35b861b236d1608497dabd0a0e1c6fa', 'Mariela', 'Forti', '', '', '',  5, 'docente', NULL, 'no_visible', 'inactivo'),
(NULL, '2015-07-07 19:41:59', '12751826', '6433b486d62b3453b4bbcb8f627aa0afb682cee9', 'Diogelia', 'Zarraga', '', '', '',  5, 'administrativo', NULL, 'no_visible', 'inactivo'),
(NULL, '2015-07-07 19:41:59', '12752011', '54695af571ec0c5269da1ad8fa62902596cfe09e', 'Jose', 'Manrique Rodriguez', '', '', '',  5, 'administrativo', NULL, 'no_visible', 'inactivo'),
(NULL, '2015-07-07 19:41:59', '12752272', '59b7c692ecf26002968420f5721b501da6d56973', 'Daniel', 'Matute', '', '', '',  5, '', NULL, 'no_visible', 'inactivo'),
(NULL, '2015-07-07 19:41:59', '12753599', '2ce4051c8051a19a5724feb3159291705133412f', 'Maria', 'Sanchez Vega', '', '', '',  5, 'docente', NULL, 'no_visible', 'inactivo'),
(NULL, '2015-07-07 19:41:59', '12771372', '6cc54b3b6a0588c70c75884385916cc81113cd86', 'Florisela', 'Armado Matute', '', '', '',  5, 'administrativo', NULL, 'no_visible', 'inactivo'),
(NULL, '2015-07-07 19:41:59', '12771395', '77e2794d7dce77167deded09e93101a7b0734070', 'Leilibet', 'Lopez Marquez', '', '', '',  5, 'administrativo', NULL, 'no_visible', 'inactivo'),
(NULL, '2015-07-07 19:41:59', '12774644', '460c01b2939fd0d3822c3b46bdeeea950ac3662a', 'Dorys', 'Reyes', '', '', '',  5, 'administrativo', NULL, 'no_visible', 'inactivo'),
(NULL, '2015-07-07 19:41:59', '12842680', 'e3488975528908e941fc75d5da51de3de44e9704', 'Reimer', 'Romero', '', '', '',  5, 'docente', NULL, 'no_visible', 'inactivo'),
(NULL, '2015-07-07 19:41:59', '12856938', '83f5d0b82aba252c56c35a681f96a8da61c84b8f', 'Maria', 'Mendoza', '', '', '',  5, 'administrativo', NULL, 'no_visible', 'inactivo'),
(NULL, '2015-07-07 19:41:59', '12872503', 'ac9b0f6c66f9562d2da11d154e21541f4aa2144b', 'Carmen', 'Andara D', '', '', '',  5, 'docente', NULL, 'no_visible', 'inactivo'),
(NULL, '2015-07-07 19:41:59', '13045466', 'affbb6dbbfc05f18f617582c2bf53110adf56343', 'Dorys', 'Manzanilla Narea', '', '', '',  5, 'administrativo', NULL, 'no_visible', 'inactivo'),
(NULL, '2015-07-07 19:41:59', '13105945', '5b4e12422b45e19687485432bd00cb1118dd89e4', 'Mavo', 'Henry', '', '', '',  5, 'docente', NULL, 'no_visible', 'inactivo'),
(NULL, '2015-07-07 19:41:59', '13195420', '8679cf84e17336e412178516b82c89d2f0f9caee', 'G', 'Ramirez Luis', '', '', '',  5, 'docente', NULL, 'no_visible', 'inactivo'),
(NULL, '2015-07-07 19:41:59', '13281221', 'd6263d5a044b212992c9686970eb22363c86fac4', 'Eber Enrique', 'Orozco Guillen', '', '', '',  5, 'docente', NULL, 'no_visible', 'inactivo'),
(NULL, '2015-07-07 19:41:59', '13314242', '05d60e9b29ba98b6c00c2146a3ea1909b0215066', 'Franger', 'García A.', '', '', '',  5, 'administrativo', NULL, 'no_visible', 'inactivo'),
(NULL, '2015-07-07 19:41:59', '13322048', 'f6534a52cb2449926b737ffb55671f5af8969130', 'Harold', 'Vasquez Chavarria', '', '', '',  5, 'docente', NULL, 'no_visible', 'inactivo'),
(NULL, '2015-07-07 19:41:59', '13382475', '705e84ba6a6af0b501eb1a5389200ec703e58de1', 'Gabriela', 'Rodriguez E', '', '', '',  5, 'docente', NULL, 'no_visible', 'inactivo'),
(NULL, '2015-07-07 19:41:59', '13509090', 'f650f9ca1dd1356c0517ad32da2a2a849d3ff657', 'Aguilar', 'Soraya', '', '', '',  5, 'docente', NULL, 'no_visible', 'inactivo'),
(NULL, '2015-07-07 19:41:59', '13562316', '1a32c87e882df40f2205c51f4d497690aa50029d', 'QUINTERO', 'DENNY', '', '', '',  5, 'administrativo', NULL, 'no_visible', 'inactivo'),
(NULL, '2015-07-07 19:41:59', '13588340', '6f050fbc223ef6b451c337dabf0f2e1330b22322', 'Jazmin', 'Moncaca', '', '', '',  5, 'administrativo', NULL, 'no_visible', 'inactivo'),
(NULL, '2015-07-07 19:41:59', '13635990', '69f9e03cdb438c6228811a65275fc7167ea96f84', 'Maria A', 'Padron H', '', '', '',  5, 'administrativo', NULL, 'no_visible', 'inactivo'),
(NULL, '2015-07-07 19:41:59', '13666872', 'b621e1b1a52c5282bd884873e4e52c741e6dcbbb', 'Gabriela', 'Colmenares Guevara', '', '', '',  5, 'administrativo', NULL, 'no_visible', 'inactivo'),
(NULL, '2015-07-07 19:41:59', '13696879', '2659df9da0f42ecbfc2eae9f41f7a1cb095e5599', 'Sierra', 'Oscar', '', '', '',  5, 'docente', NULL, 'no_visible', 'inactivo'),
(NULL, '2015-07-07 19:41:59', '13717204', '15ee48fbb96c2cd9d82f1d764bfbf0fb9a49c2df', 'Carlos', 'Mantilla', '', '', '',  5, 'docente', NULL, 'no_visible', 'inactivo'),
(NULL, '2015-07-07 19:41:59', '13804500', 'a71e4e9f80180049eea5b74293dbffc9edfdc0b1', 'Maria', 'Alvarado', '', '', '',  5, 'docente', NULL, 'no_visible', 'inactivo'),
(NULL, '2015-07-07 19:41:59', '13899563', 'fb0ece17bf9d771ed3d4a9702e756f42aa9e73d8', 'Luis', 'Gaviria', '', '', '',  5, 'administrativo', NULL, 'no_visible', 'inactivo'),
(NULL, '2015-07-07 19:41:59', '13899653', 'f51ae8b75e77e1059c6fe7698fac856df8dc03f3', 'GAVIRIA E.', 'LUIS F.', '', '', '',  5, 'administrativo', NULL, 'no_visible', 'inactivo'),
(NULL, '2015-07-07 19:41:59', '13953077', 'ed70208bddc4900a374a4a67ba9bde60f3e0d561', 'Yolwiths', 'Plaza', '', '', '',  5, '', NULL, 'no_visible', 'inactivo'),
(NULL, '2015-07-07 19:41:59', '13987872', '46b67823e5ec827e67cc466548e6efd96160f775', 'Elluz', 'Uzcategui Perez', '', '', '',  5, 'docente', NULL, 'no_visible', 'inactivo'),
(NULL, '2015-07-07 19:41:59', '13988151', '61296a3b95da52c7c0657e3cbccb0e8b7f5aa783', 'Angelica G.', 'Flores B.', '', '', '',  5, 'administrativo', NULL, 'no_visible', 'inactivo'),
(NULL, '2015-07-07 19:41:59', '13988661', '44c9c1e5ba52303b1c2fc1d697e77855a0b39520', 'Mónica', 'Armado', '', '', '',  5, 'administrativo', NULL, 'no_visible', 'inactivo'),
(NULL, '2015-07-07 19:41:59', '13989244', 'db23591a4d3e3129c9b73dc7dc9ecdd475e96b06', 'Jose', 'Henríquez', '', '', '',  5, 'administrativo', NULL, 'no_visible', 'inactivo'),
(NULL, '2015-07-07 19:41:59', '13998824', 'fc6e8f0be20e7d846a1953faf8a96f09571df040', 'Johanna', 'Figueroa', '', '', '',  5, 'docente', NULL, 'no_visible', 'inactivo'),
(NULL, '2015-07-07 19:41:59', '14025326', 'b8158e6ed766c11f723f43ea3234e495164a490c', 'Liaska Y', 'Cuamo G', '', '', '',  5, 'administrativo', NULL, 'no_visible', 'inactivo'),
(NULL, '2015-07-07 19:41:59', '14078157', 'b6a28fc2eaa325886338e45167ca84c28fcdbe96', 'Z', 'Moreno Marlin', '', '', '',  5, 'administrativo', NULL, 'no_visible', 'inactivo'),
(NULL, '2015-07-07 19:41:59', '14078269', '704b96b9eb9211e42fbed1786408016af9ba376f', 'Alexander', 'Blasco', '', '', '',  5, '', NULL, 'no_visible', 'inactivo'),
(NULL, '2015-07-07 19:41:59', '14078669', '4455bf83b421e9481167384beece51221770463c', 'Parra', 'Yesenia', '', '', '',  5, 'administrativo', NULL, 'no_visible', 'inactivo'),
(NULL, '2015-07-07 19:41:59', '14162837', '953280063b90fadaa2c7d2138462314bca3a6083', 'Vincenzo', 'Storaci', '', '', '',  5, 'administrativo', NULL, 'no_visible', 'inactivo'),
(NULL, '2015-07-07 19:41:59', '14185657', '7446129d271e76e04ac23d6a05e956ef2c5b7494', 'Johana', 'Guerrero', '', '', '',  5, 'docente', NULL, 'no_visible', 'inactivo'),
(NULL, '2015-07-07 19:41:59', '14247340', '877e206358956725af05f5ae8f60988de28af703', 'Aaron Alberto', 'Munoz Morales', '', '', '',  5, 'docente', NULL, 'no_visible', 'inactivo'),
(NULL, '2015-07-07 19:41:59', '14302080', '5f5b97b827765ee0a869920d3726eb036f990881', 'Esther C.', 'Torquati Marvez', '', '', '',  5, 'administrativo', NULL, 'no_visible', 'inactivo'),
(NULL, '2015-07-07 19:41:59', '14381377', 'd70a95120ec2c4f7cb970a5adb2c6647e78516c1', 'Rossana', 'Tortolero ', '', '', '',  5, 'administrativo', NULL, 'no_visible', 'inactivo'),
(NULL, '2015-07-07 19:41:59', '14381875', '6df51ba005a7807681479cb7f4022208cb460c36', 'Joslem', 'Rivas Cabeza', '', '', '',  5, 'administrativo', NULL, 'no_visible', 'inactivo'),
(NULL, '2015-07-07 19:41:59', '14382083', '3ac0f8176113d114e91a864dfbaff54f99c86cf2', 'Liliana Yaneth', 'Nieto Caicedo', '', '', '',  5, 'administrativo', NULL, 'no_visible', 'inactivo'),
(NULL, '2015-07-07 19:41:59', '14383069', 'fdc7213052504f70f57641bf16eb0499da189e4a', 'Castellanos', 'Fernando ', '', '', '',  5, 'docente', NULL, 'no_visible', 'inactivo'),
(NULL, '2015-07-07 19:41:59', '14514919', '2f99bff5e609f9281da8f18e64bbfbaed5a0e5b0', 'Jose G', 'Parra F', '', '', '',  5, 'docente', NULL, 'no_visible', 'inactivo'),
(NULL, '2015-07-07 19:41:59', '14573107', '31b771cb38437405410ee9868279def66606c55f', 'Belitzeth', 'Diaz', '', '', '',  5, 'administrativo', NULL, 'no_visible', 'inactivo'),
(NULL, '2015-07-07 19:41:59', '14573360', 'edf6a81e77635aa94dd8b0eedde3986fde9bb060', 'Nuñez', 'Maria', '', '', '',  5, 'docente', NULL, 'no_visible', 'inactivo'),
(NULL, '2015-07-07 19:41:59', '14624510', 'e0af1d6b26f6893eef1f64d8d8afb895caca1259', 'Blazetic', 'Alberto', '', '', '',  5, 'docente', NULL, 'no_visible', 'inactivo'),
(NULL, '2015-07-07 19:41:59', '14713134', '34cd7a29450e3123e5c7747673deb6013afdfb0d', 'Carlos', 'Parra Juan', '', '', '',  5, 'administrativo', NULL, 'no_visible', 'inactivo'),
(NULL, '2015-07-07 19:41:59', '14721738', '4d39791a6915577683f576ccb24e4273db66c68f', 'Renny', 'Pacheco ', '', '', '',  5, 'docente', NULL, 'no_visible', 'inactivo'),
(NULL, '2015-07-07 19:41:59', '14754527', '72c27ed30a5e21c3b625557b0e33f0754f8909e0', 'Tatiana', 'Gallego Murillo', '', '', '',  5, 'administrativo', NULL, 'no_visible', 'inactivo'),
(NULL, '2015-07-07 19:41:59', '14820460', '77c33b7c499a6255303d66d39904a3476cab0228', 'CASTILLO', 'JAZMIN', '', '', '',  5, 'administrativo', NULL, 'no_visible', 'inactivo'),
(NULL, '2015-07-07 19:41:59', '14915211', '196175b42535fe64f4ba55b3d812746988b8ed84', 'José A.', 'Sosa R.', '', '', '',  5, 'administrativo', NULL, 'no_visible', 'inactivo'),
(NULL, '2015-07-07 19:41:59', '14915702', '016db1d4302ec43e885f7a45e6b57035f30d6592', 'Anibal', 'Guerra', '', '', '',  5, 'docente', NULL, 'no_visible', 'inactivo'),
(NULL, '2015-07-07 19:41:59', '14976435', '663323a512833ab1b75d62ab6d38ec4015ccc876', 'Eucandis', 'Fuentes', '', '', '',  5, 'docente', NULL, 'no_visible', 'inactivo'),
(NULL, '2015-07-07 19:41:59', '14999453', '049d66c2ee4fddad903d6ca53469b803f1c5f4f5', 'Luis', 'León', '', '', '',  5, 'docente', NULL, 'no_visible', 'inactivo'),
(NULL, '2015-07-07 19:41:59', '15000848', '60f0f76c28ec4c9aede0c0d5443cb537f0f1d15b', 'Padrón', 'Maively', '', '', '',  5, 'docente', NULL, 'no_visible', 'inactivo'),
(NULL, '2015-07-07 19:41:59', '15169197', 'aedff84569c43f32c42012e3730986fb39ac6c5a', 'Miguel', 'Suarez Ledo', '', '', '',  5, 'docente', NULL, 'no_visible', 'inactivo'),
(NULL, '2015-07-07 19:41:59', '15258288', '19ec867d8d12d61588765e7eda36abc792515fdc', 'Montaño', 'Fredina', '', '', '',  5, 'docente', NULL, 'no_visible', 'inactivo'),
(NULL, '2015-07-07 19:41:59', '15398669', 'f5ec81f9fdd9acf0393ddfc382e054c1fbf08885', 'Angelica', 'Díaz', '', '', '',  5, 'administrativo', NULL, 'no_visible', 'inactivo'),
(NULL, '2015-07-07 19:41:59', '15428812', '24864b58345fab14120c036fd06306b40aaf2ca1', 'Blaides', 'Luis', '', '', '',  5, 'docente', NULL, 'no_visible', 'inactivo'),
(NULL, '2015-07-07 19:41:59', '15529951', 'c626984d260114d1bb284d28ce5ba8b35331661f', 'David', 'Vega Mendez', '', '', '',  5, 'docente', NULL, 'no_visible', 'inactivo'),
(NULL, '2015-07-07 19:41:59', '15656021', '5d07d530a23c67c5c8949413b2fc6da10c769eed', 'Carlos', 'Moreno', '', '', '',  5, 'docente', NULL, 'no_visible', 'inactivo'),
(NULL, '2015-07-07 19:41:59', '15739066', 'b0962f198fc78d78dcdb60b54ca194af16b9dbc6', 'Deisy A', 'Garcia S', '', '', '',  5, 'administrativo', NULL, 'no_visible', 'inactivo'),
(NULL, '2015-07-07 19:41:59', '15897618', '2166ce8689475f7c00b286cce832e3e8eec51892', 'Dioleidy', 'Gonzalez M.', '', '', '',  5, 'administrativo', NULL, 'no_visible', 'inactivo'),
(NULL, '2015-07-07 19:41:59', '16015265', 'd77c6036b18da71e6ff6f4cb3572f3eda588564c', 'Dilcia', 'Artigas', '', '', '',  5, 'administrativo', NULL, 'no_visible', 'inactivo'),
(NULL, '2015-07-07 19:41:59', '16034144', 'ed21cb66a2d37ca9e38aa4b85853e14878c02eaa', 'Guerrero', 'Patricia', '', '', '',  5, 'docente', NULL, 'no_visible', 'inactivo'),
(NULL, '2015-07-07 19:41:59', '16269715', '3655415d057267b5752cd856b3afa87822dc5b1e', 'Jimenez', 'Dora', '', '', '',  5, 'docente', NULL, 'no_visible', 'inactivo'),
(NULL, '2015-07-07 19:41:59', '16270061', '505122b3a979f161324d26ebe9642ae834287f6e', 'Colmenares', 'Mairin', '', '', '',  5, 'docente', NULL, 'no_visible', 'inactivo'),
(NULL, '2015-07-07 19:41:59', '16288667', '73069f40f588d6c3d9978b8c43d3e4dbfc2e495d', 'Jesus', 'Figueroa', '', '', '',  5, 'administrativo', NULL, 'no_visible', 'inactivo'),
(NULL, '2015-07-07 19:41:59', '16290807', 'a4ef15e71dabffba9b484b4a20f3620e178fbac3', 'Daniel', 'Rosquete', '', '', '',  5, 'docente', NULL, 'no_visible', 'inactivo'),
(NULL, '2015-07-07 19:41:59', '16299957', '6f2aebe37f05cd27ddfdfc8e3cab8a7b3cd944ac', 'Maximo', 'Mero Barcia', '', '', '',  5, 'docente', NULL, 'no_visible', 'inactivo'),
(NULL, '2015-07-07 19:41:59', '16454599', 'fe0923bc956028925174e8ae9a4fc74452b4e572', 'Nori', 'Nuñez', '', '', '',  5, '', NULL, 'no_visible', 'inactivo'),
(NULL, '2015-07-07 19:41:59', '16501883', '39d438d4b822f68aaa04feb3be0a11b1d10a1355', 'Cedeño', 'Fernando', '', '', '',  5, 'docente', NULL, 'no_visible', 'inactivo'),
(NULL, '2015-07-07 19:41:59', '16579835', '965a805afd190e789a05ee2de435d256b5da5667', 'Sho', 'Antony', '', '', '',  5, 'docente', NULL, 'no_visible', 'inactivo'),
(NULL, '2015-07-07 19:41:59', '16850688', 'eadfec32e9ddd5bff6ef855c008fdb853c46a8f9', 'Díaz', 'Bianca', '', '', '',  5, 'docente', NULL, 'no_visible', 'inactivo'),
(NULL, '2015-07-07 19:41:59', '17032400', '60eb331d03ecd92a1747d954c790d961664cc52b', 'Milennys del Valler', 'Gallardo Diaz', '', '', '',  5, 'administrativo', NULL, 'no_visible', 'inactivo'),
(NULL, '2015-07-07 19:41:59', '17066999', 'b6abd771582eb00520042d9466d09378e18e3148', 'Patricia', 'Chirivella', '', '', '',  5, '', NULL, 'no_visible', 'inactivo'),
(NULL, '2015-07-07 19:41:59', '17171090', 'c4224882cecf08990d31cb69cdcce0cae31f10aa', 'Manuel', 'Herrera', '', '', '',  5, '', NULL, 'no_visible', 'inactivo'),
(NULL, '2015-07-07 19:41:59', '17193617', '653942a2dcc6328737f200610934ac5b5b519984', 'Narea Jimenez', 'Freddy J.', '', '', '',  5, 'docente', NULL, 'no_visible', 'inactivo'),
(NULL, '2015-07-07 19:41:59', '17316466', 'c938ceacf916c00a748ac39adcc575628fb65b55', 'Zharife', 'Samara', '', '', '',  5, 'administrativo', NULL, 'no_visible', 'inactivo'),
(NULL, '2015-07-07 19:41:59', '17373972', '3d782ebd269ecf5790a4ee19e54c682c0ee81eff', 'Vargas', 'Ramón', '', '', '',  5, 'docente', NULL, 'no_visible', 'inactivo'),
(NULL, '2015-07-07 19:41:59', '17387931', 'c3bea34e9a6496f0956239645c5604f2958dd689', 'Rolando', 'Gaitan Deveras', '', '', '',  5, 'docente', NULL, 'no_visible', 'inactivo'),
(NULL, '2015-07-07 19:41:59', '17397519', '27da0b322463e3b452772e826bdb28626c7da746', 'Lisette', 'Molins', '', '', '',  5, 'administrativo', NULL, 'no_visible', 'inactivo'),
(NULL, '2015-07-07 19:41:59', '17399487', '27b0afdb5c1bcd0496d004764e3e67b8fdc11e28', 'José', 'Casadiego', '', '', '',  5, 'docente', NULL, 'no_visible', 'inactivo'),
(NULL, '2015-07-07 19:41:59', '17494728', 'cb5a1a8614682ef18aee0c05b792affde587f01c', 'Enzo', 'Garcia', '', '', '',  5, '', NULL, 'no_visible', 'inactivo'),
(NULL, '2015-07-07 19:41:59', '17599633', 'bcb20a245dd81986abb716a73a51d5d60bc4b257', 'Guevara', 'Esnil', '', '', '',  5, 'docente', NULL, 'no_visible', 'inactivo'),
(NULL, '2015-07-07 19:41:59', '17614031', '2387395d7a28c40db7a7c470e58f06d4dc726edb', 'Laura', 'Arocha', '', '', '',  5, '', NULL, 'no_visible', 'inactivo'),
(NULL, '2015-07-07 19:41:59', '17807606', '9ab47c90330b5aa0a1197578d110b67d70f990f8', 'Vasquez', 'Marianela', '', '', '',  5, 'docente', NULL, 'no_visible', 'inactivo'),
(NULL, '2015-07-07 19:41:59', '17807836', '47e5b2b328bfdeef18128ed7c3867c5b894b02f7', 'Ottogalli', 'Kiara', '', '', '',  5, 'docente', NULL, 'no_visible', 'inactivo'),
(NULL, '2015-07-07 19:41:59', '17904341', '55861e2a6ac159a668eac3f824d7cc4004d0a8b5', 'Moises A.', 'Lopez S.', '', '', '',  5, '', NULL, 'no_visible', 'inactivo'),
(NULL, '2015-07-07 19:41:59', '17986853', '2d85caefed9d896afee57f5038b1416cb529a224', 'Aury', 'Rodriguez', '', '', '',  5, 'administrativo', NULL, 'autoridad', 'activo'),
(NULL, '2015-07-07 19:41:59', '18060673', '5386866f4f7f56c0ee0c664e580d4a27e6a741ec', 'Gliseth', 'Hernandez', '', '', '',  5, 'administrativo', NULL, 'no_visible', 'inactivo'),
(NULL, '2015-07-07 19:41:59', '18180900', '03f1cb7c82a4908f62eb26f9203d30b10001b21c', 'Elias A.', 'Salazar B.', '', '', '',  5, '', NULL, 'no_visible', 'inactivo'),
(NULL, '2015-07-07 19:41:59', '18253417', '5d210d119bdf9fd7fc59f602eb93f72c19714d52', 'Acosta', 'Alí', '', '', '',  5, 'docente', NULL, 'no_visible', 'inactivo'),
(NULL, '2015-07-07 19:41:59', '18360098', '01343b94c57ade04e244bc17b617b2883fae2a20', 'Leonardo', 'Conde', '', '', '',  5, '', NULL, 'no_visible', 'inactivo'),
(NULL, '2015-07-07 19:41:59', '18470357', 'abb5d24f500c3b1683bdc79c91a7daf3ad093323', 'LEON', 'JOELI', '', '', '',  5, 'administrativo', NULL, 'no_visible', 'inactivo'),
(NULL, '2015-07-07 19:41:59', '18561378', 'bf55af2c7e4823e4cc436342392a48ae40861bda', 'Urquiola', 'Andreina', '', '', '',  5, 'docente', NULL, 'no_visible', 'inactivo'),
(NULL, '2015-07-07 19:41:59', '18686803', 'a7219ecd7276571f102046311e6a75fe678b50f8', 'Lisset', 'Orozco', '', '', '',  5, '', NULL, 'no_visible', 'inactivo'),
(NULL, '2015-07-07 19:41:59', '18747162', 'ae77081af971e1458260e07068b7c99a918d1cf9', 'Analisa', 'Carbone', '', '', '',  5, '', NULL, 'no_visible', 'inactivo'),
(NULL, '2015-07-07 19:41:59', '18837119', '8fffcccd0a6dca2ff8c3d62a42a77e0b4c183494', 'Brayan', 'Salas', '', '', '',  5, '', NULL, 'no_visible', 'inactivo'),
(NULL, '2015-07-07 19:41:59', '18859671', '61bfed48830dee4f0c1702b9b2083bb8ffcca5ff', 'Orlando', 'Pandares', '', '', '',  5, '', NULL, 'no_visible', 'inactivo'),
(NULL, '2015-07-07 19:41:59', '19410300', '3be64f3696c617c9c2feff07cce3f5f0621be8cb', 'Bermúdez', 'Johana', '', '', '',  5, '', NULL, 'no_visible', 'inactivo'),
(NULL, '2015-07-07 19:41:59', '19480276', '18761308f46610fc398d07ccc8d2196977d0842f', 'María J.', 'Fernandez P.', '', '', '',  5, '', NULL, 'no_visible', 'inactivo'),
(NULL, '2015-07-07 19:41:59', '19524082', 'e04312418068dd4223e64907ca9c292a6d9f4641', 'Piñero', 'Yuney', '', '', '',  5, '', NULL, 'no_visible', 'inactivo'),
(NULL, '2015-07-07 19:41:59', '19919960', '765221eabff8ea90cdb1a21c9283077aec619cca', 'Manuel', 'Fernandez', '', '', '',  5, '', NULL, 'no_visible', 'inactivo'),
(NULL, '2015-07-07 19:41:59', '20029038', 'e71ffd3c04441722da4cd3de9509ac0727692d37', 'Rudy R.', 'Colina M.', '', '', '',  5, '', NULL, 'no_visible', 'inactivo'),
(NULL, '2015-07-07 19:41:59', '20083998', 'ec9f03a18d6503188c59878ce8974a1c15627638', 'Rosana', 'Escalona', '', '', '',  5, '', NULL, 'no_visible', 'inactivo'),
(NULL, '2015-07-07 19:41:59', '20163880', '534f53a8850ab4d45c310113d41763ae82ae8865', 'Genesis', 'Rodriguez R.', '', '', '',  5, 'administrativo', NULL, 'no_visible', 'inactivo'),
(NULL, '2015-07-07 19:41:59', '20713569', 'bd5dd2aa701b14f0581aa92b15753c57cd23f05a', 'Dorybel', 'Mojon G.', '', '', '',  5, '', NULL, 'no_visible', 'inactivo'),
(NULL, '2015-07-07 19:41:59', '20753603', '23a543cc74e06d1e2af7d9779c4cb11276075518', 'Leosbeth', 'Gomez', '', '', '',  5, '', NULL, 'no_visible', 'inactivo'),
(NULL, '2015-07-07 19:41:59', '20819097', '6d0a3332ef0193eb8179700cd3e513e7522a7251', 'Pedro', 'Romero', '', '', '',  5, '', NULL, 'no_visible', 'inactivo'),
(NULL, '2015-07-07 19:41:59', '21139778', '662efc86de81905a3c470381cf5cebc56b0118e7', 'Solano', 'Frank', '', '', '',  5, '', NULL, 'no_visible', 'inactivo'),
(NULL, '2015-07-07 19:41:59', '21454331', 'e44e050f743325da785df1b988da3b63b3d27c08', 'Edgardo', 'Rodriguez', '', '', '',  5, '', NULL, 'no_visible', 'inactivo'),
(NULL, '2015-07-07 19:41:59', '21459200', 'ed4f7d4237b6f8e57169bc60cbb94ff7d21582c6', 'Darwin', 'Palmer', '', '', '',  5, '', NULL, 'no_visible', 'inactivo'),
(NULL, '2015-07-07 19:41:59', '22001580', 'a72dfbf3b14f7a0ca531ede1906e638630df883a', 'Nohely', 'Vargas', '', '', '',  5, '', NULL, 'no_visible', 'inactivo'),
(NULL, '2015-07-07 19:41:59', '22208289', '30cf6e443bd08fb408a070cea09d430884d3ad71', 'Escalona', 'Anyelys', '', '', '',  5, '', NULL, 'no_visible', 'inactivo'),
(NULL, '2015-07-07 19:41:59', '24002850', '682965e829de7829ae800e744f81b797c769609c', 'Jhonny', 'Tarazona', '', '', '',  5, '', NULL, 'no_visible', 'inactivo'),
(NULL, '2015-07-07 19:41:59', '24388004', 'bb1b0769cd59a0bc04828b8d7109209eecc53673', 'Teran Maria Elena', 'Mier y', '', '', '',  5, '', NULL, 'no_visible', 'inactivo'),
(NULL, '2015-07-07 19:41:59', '24471949', '8960f86916cbaa330d38ce7f189a26319bb58fc6', 'Macias', 'Alfredo', '', '', '',  5, 'docente', NULL, 'no_visible', 'inactivo'),
(NULL, '2015-07-07 19:41:59', '24499052', '47e7a4429c8eadb518f7023c11703a922adb9a53', 'Mayra Valentina', 'Suarez Hurtado', '', '', '',  5, '', NULL, 'no_visible', 'inactivo'),
(NULL, '2015-07-07 19:41:59', '24815407', 'b4dd451b7e48826e89eac28a1ebe5297e3951d93', 'Maikel', 'Vera', '', '', '',  5, 'administrativo', NULL, 'no_visible', 'inactivo'),
(NULL, '2015-07-07 19:41:59', '2523054', '954e85389f878e9697732084a64ce1d934d35103', 'Manuela', 'Sanchez', '', '', '',  5, 'docente', NULL, 'no_visible', 'inactivo'),
(NULL, '2015-07-07 19:41:59', '3442264', 'df2c7999c6c3e13b23910b86135fdd2fabd6d5ad', 'José', 'Rodriguez', '', '', '',  5, 'docente', NULL, 'no_visible', 'inactivo'),
(NULL, '2015-07-07 19:41:59', '3584216', 'b6fb2caf19b9d7cbd4d5dfd256b59c984b4f67da', 'Elizabeth', 'Luque Bello', '', '', '',  5, 'administrativo', NULL, 'no_visible', 'inactivo'),
(NULL, '2015-07-07 19:41:59', '3987442', 'ff9354add11e6561aba5108589d187c57e5ee7ee', 'Jose', 'Ortega Becea', '', '', '',  5, 'docente', NULL, 'no_visible', 'inactivo'),
(NULL, '2015-07-07 19:41:59', '4268159', '25b38a92a57e21e7caa291917b13847933b514fe', 'Morales de Munoz', 'Rosa C.', '', '', '',  5, 'docente', NULL, 'no_visible', 'inactivo'),
(NULL, '2015-07-07 19:41:59', '4365931', 'c1687e943320ca7143d51d98e2809b536d7156d9', 'Fatima', 'De Abreu', '', '', '',  5, 'docente', NULL, 'no_visible', 'inactivo'),
(NULL, '2015-07-07 19:41:59', '4460185', 'e5d2489b01d58c8e1094cf00331ad7194c692dcb', 'Romaly', 'Kolster B', '', '', '',  5, 'administrativo', NULL, 'no_visible', 'inactivo'),
(NULL, '2015-07-07 19:41:59', '4567390', '8d84e2b0726532b7aacfb16b16799069d0333ca2', 'Antonio', 'Castaneda Brito', '', '', '',  5, 'docente', NULL, 'no_visible', 'inactivo'),
(NULL, '2015-07-07 19:41:59', '4859596', '0440a8cb5d766c81e38a3d0ee8809a51f4a29452', 'Sharon', 'Basso Jardine', '', '', '',  5, 'docente', NULL, 'no_visible', 'inactivo'),
(NULL, '2015-07-07 19:41:59', '5070033', '714fc09fb894a80ecd6407deded919d685ee8566', 'Rodriguez', 'Carmen', '', '', '',  5, 'docente', NULL, 'no_visible', 'inactivo'),
(NULL, '2015-07-07 19:41:59', '5307499', '42dd40c744cb22c06ee5df370a2b25b8af28d001', 'Nelson', 'Hernandez T.', '', '', '',  5, 'docente', NULL, 'no_visible', 'inactivo'),
(NULL, '2015-07-07 19:41:59', '5373527', 'c1e9b2aa4860d79ebbbff434191bf43277298e8e', 'Ilse', 'Rodriguez Bustillos', '', '', '',  5, 'docente', NULL, 'no_visible', 'inactivo'),
(NULL, '2015-07-07 19:41:59', '5421183', '3d463eb6b611c4d5094adfb568df6a23432074a4', 'Cecilia', 'Parra ', '', '', '',  5, 'administrativo', NULL, 'no_visible', 'inactivo'),
(NULL, '2015-07-07 19:41:59', '5521244', '9bc8883e10840f83ca72032de023ffb4dcb426fd', 'Francisca', 'Grimon Mejias', '', '', '',  5, 'docente', NULL, 'no_visible', 'inactivo'),
(NULL, '2015-07-07 19:41:59', '55555555', '19dd466e43cdbd3833abc0609eba6d8786f9b342', 'OST', 'Soporte', '', '', '',  5, 'administrativo', NULL, 'no_visible', 'inactivo'),
(NULL, '2015-07-07 19:41:59', '5580398', '787d6533710c5b6d789e282cb732f2aded65bae0', 'Freddy', 'Ocanto Uzcategui', '', '', '',  5, 'docente', NULL, 'no_visible', 'inactivo'),
(NULL, '2015-07-07 19:41:59', '5592143', '18098de6b26d1bce23894d67a32f97558d643cd3', 'Sabina A', 'Caula Q', '', '', '',  5, 'docente', NULL, 'no_visible', 'inactivo'),
(NULL, '2015-07-07 19:41:59', '5598204', '3d041348b6ca37a1b5dd29d2e1c74757af4f5d04', 'Ronald', 'Blanco ', '', '', '',  5, 'docente', NULL, 'no_visible', 'inactivo'),
(NULL, '2015-07-07 19:41:59', '5893251', 'd29058dde5a0ea33bcac868b36f2ad015ec16b60', 'Nancy', 'Salinas Trejo', '', '', '',  5, 'docente', NULL, 'no_visible', 'inactivo'),
(NULL, '2015-07-07 19:41:59', '5911802', 'f05c15b96e533f7f5dbb081c549cd206e778b3b9', 'Rafael', 'Ruiz J.', '', '', '',  5, 'administrativo', NULL, 'no_visible', 'inactivo'),
(NULL, '2015-07-07 19:41:59', '5966736', '721f5254fadcc109db890012908506e52beb8b02', 'Maria', 'Corao Marcano', '', '', '',  5, 'docente', NULL, 'no_visible', 'inactivo'),
(NULL, '2015-07-07 19:41:59', '6015116', '4a52c525217ee1cde0262d0d9ed687d961a20f1b', 'Luciana', 'Scarioni Dallagata', '', '', '',  5, 'docente', NULL, 'no_visible', 'inactivo'),
(NULL, '2015-07-07 19:41:59', '6101724', '7bc73f3444d4530e57b79ebc5c9584c5e0b962ec', 'Nelson', 'Falcon Veloz', '', '', '',  5, 'docente', NULL, 'no_visible', 'inactivo'),
(NULL, '2015-07-07 19:41:59', '6129612', '770e8631cf3f953624c9ef779887337c057491a2', 'Mario', 'Palacios Caceres', '', '', '',  5, 'docente', NULL, 'no_visible', 'inactivo'),
(NULL, '2015-07-07 19:41:59', '6131761', '2f380090077d5fa780aedf09da48679408879d8f', 'German', 'Larrazabal Serrano', '', '', '',  5, 'docente', NULL, 'no_visible', 'inactivo'),
(NULL, '2015-07-07 19:41:59', '6341790', '68e1b7d5c6f621598bca9a2865461fc55829f7a5', 'Sonia', 'Ardito', '', '', '',  5, 'docente', NULL, 'no_visible', 'inactivo'),
(NULL, '2015-07-07 19:41:59', '6349490', 'b5723a22d863e129e3116c9828025e8da3ac76b9', 'Carmen', 'Rodriguez F', '', '', '',  5, 'docente', NULL, 'no_visible', 'inactivo'),
(NULL, '2015-07-07 19:41:59', '6358124', '4038855f9f8abedb8c3a6f6a5f4fe383323530b0', 'Rafael A', 'Rodriguez A', '', '', '',  5, 'docente', NULL, 'no_visible', 'inactivo'),
(NULL, '2015-07-07 19:41:59', '6408134', '7b84e35d19c8bf51e74e20c634d1ab6cc8ec30f5', 'Richard', 'Gonzalez R', '', '', '',  5, 'administrativo', NULL, 'no_visible', 'inactivo'),
(NULL, '2015-07-07 19:41:59', '6650600', '87b5e59b60d8d758d2f48bc9834ab6e0da6ddbbc', 'Hanen', 'Hanna Hanna', '', '', '',  5, 'docente', NULL, 'no_visible', 'inactivo'),
(NULL, '2015-07-07 19:41:59', '6728079', '90d4cc5267693bd8335913ddf60995d36e3cd5c4', 'Henry', 'Labrador Sanchez', '', '', '',  5, 'docente', NULL, 'no_visible', 'inactivo'),
(NULL, '2015-07-07 19:41:59', '6850966', '41dacf8c9a2370449be8b107dff735ca15e8e9c2', 'Roberto', 'Ruggiero', '', '', '',  5, 'docente', NULL, 'no_visible', 'inactivo'),
(NULL, '2015-07-07 19:41:59', '6884574', '0f2e2da49d0706a8bb5a74355eb1485fb6458cae', 'Lesbia', 'Martinez Lopez', '', '', '',  5, 'administrativo', NULL, 'no_visible', 'inactivo'),
(NULL, '2015-07-07 19:41:59', '6887736', '3099d3fede5b15c39f7920a46f4acb25fdc7948a', 'Orestes', 'Montilla Montilla', '', '', '',  5, 'docente', NULL, 'no_visible', 'inactivo'),
(NULL, '2015-07-07 19:41:59', '6971554', '17de98a2e2a8e6436f67ef73b90f3bd7d468ad64', 'Zoraida Del C', 'Fernandez G', '', '', '',  5, 'docente', NULL, 'no_visible', 'inactivo'),
(NULL, '2015-07-07 19:41:59', '6975018', 'f34955cd3ff1849cae59148359f45ed89170a54b', 'Alberto', 'Subero ', '', '', '',  5, 'docente', NULL, 'no_visible', 'inactivo'),
(NULL, '2015-07-07 19:41:59', '6999346', '1541416368c4f9db24dd4b28090ee53489a3b774', 'Esteban', 'Flores Rodriguez', '', '', '',  5, 'docente', NULL, 'no_visible', 'inactivo'),
(NULL, '2015-07-07 19:41:59', '7012556', '8bbe9a1ebba1b8114ee38953ca944d6e262cec15', 'Rosario', 'Fiorita,', '', '', '',  5, 'administrativo', NULL, 'no_visible', 'inactivo'),
(NULL, '2015-07-07 19:41:59', '7016985', '649da7b6ef425eafa0223b88352f9a21482d9e8d', 'Otto G', 'Rendon Rodriguez', '', '', '',  5, 'docente', NULL, 'no_visible', 'inactivo'),
(NULL, '2015-07-07 19:41:59', '7059903', 'a81e3eb19fcd87cde8fa5fdfd4d390da8393d2ad', 'Aldo', 'Reyes,', '', '', '',  5, 'docente', NULL, 'no_visible', 'inactivo'),
(NULL, '2015-07-07 19:41:59', '7063100', '27dd6579acd09579acbc71a939a8426dd4753faa', 'MANRIQUE', 'JOSE G', '', '', '',  5, 'administrativo', NULL, 'no_visible', 'inactivo'),
(NULL, '2015-07-07 19:41:59', '7064568', 'b6c042fcc7bf19d90f3f726f6b343f5c3cb24cf1', 'Marlene', 'Arias Soto', '', '', '',  5, 'docente', NULL, 'no_visible', 'inactivo'),
(NULL, '2015-07-07 19:41:59', '7068730', '28e88693acb7eccb01bbd0317e0a8067dc6e1c61', 'Jose', 'Jimenez Ochoa', '', '', '',  5, 'docente', NULL, 'no_visible', 'inactivo'),
(NULL, '2015-07-07 19:41:59', '7079917', '5439658bd365d75db0a27ad366b069eedeb6f01c', 'Janitis', 'Arocha M', '', '', '',  5, 'administrativo', NULL, 'no_visible', 'inactivo'),
(NULL, '2015-07-07 19:41:59', '7084323', '9fa9fe1fc4f9518c259112efc4cf84fe41b1c205', 'Nolly', 'Alvarez C.', '', '', '',  5, 'administrativo', NULL, 'no_visible', 'inactivo'),
(NULL, '2015-07-07 19:41:59', '7088165', 'b76eb6d2feddfc3ef29b297456181657bcec93de', 'Rosa', 'Bravo Pachas', '', '', '',  5, 'docente', NULL, 'no_visible', 'inactivo'),
(NULL, '2015-07-07 19:41:59', '7088947', 'aec6fd8218e5e2c0734a4c0b0f6cc581ed3d142e', 'Orlando', 'Alvarez L', '', '', '',  5, 'docente', NULL, 'no_visible', 'inactivo'),
(NULL, '2015-07-07 19:41:59', '7091519', 'f44d6fec79a87a8a07de264cae1d89a705478c6c', 'Rubén', 'Rojas', '', '', '',  5, '', NULL, 'no_visible', 'inactivo'),
(NULL, '2015-07-07 19:41:59', '7092726', '4c00a8fbe141f1cf6577b9aeddd6158d0174c30b', 'Freddy', 'Perozo Rondon', '', '', '',  5, 'docente', NULL, 'no_visible', 'inactivo'),
(NULL, '2015-07-07 19:41:59', '7094314', 'f99e4b69a06044475cea8b62964d02d708c283e4', 'Reina', 'Loaiza Barreto', '', '', '',  5, 'docente', NULL, 'no_visible', 'inactivo'),
(NULL, '2015-07-07 19:41:59', '7106785', '910f4f41975ddfa6935066b37b7d53af69eea5dc', 'Ingrid', 'Rivero A', '', '', '',  5, 'administrativo', NULL, 'no_visible', 'inactivo'),
(NULL, '2015-07-07 19:41:59', '7112641', '99c0997cf6b6f6c408d7ecba65b9ba88ac43715b', 'Yadirna', 'Omana Quero', '', '', '',  5, 'docente', NULL, 'no_visible', 'inactivo'),
(NULL, '2015-07-07 19:41:59', '7113823', 'ae206ea4353f33b9d3b9497b53fffb370940c08f', 'Sibel', 'Villalta Corrales', '', '', '',  5, 'administrativo', NULL, 'no_visible', 'inactivo'),
(NULL, '2015-07-07 19:41:59', '7122452', '60e53570265bf740493c5360549d386759988f21', 'Ygmar', 'Jimenez Barrios', '', '', '',  5, 'docente', NULL, 'no_visible', 'inactivo'),
(NULL, '2015-07-07 19:41:59', '7122700', '8b3014381a3b5fec5ac5443fc27a2e7a2239cad8', 'Claudia', 'Manfredini', '', '', '',  5, 'administrativo', NULL, 'no_visible', 'inactivo'),
(NULL, '2015-07-07 19:41:59', '7125852', '209eabf530f27a9d806169bf3fcf916ff2ac5a8c', 'Orlando', 'Colina', '', '', '',  5, '', NULL, 'no_visible', 'inactivo'),
(NULL, '2015-07-07 19:41:59', '7126487', '02fedaf3719c98345cdb9b2f8799aca53cfb6197', 'Leny', 'Romero O', '', '', '',  5, 'administrativo', NULL, 'no_visible', 'inactivo'),
(NULL, '2015-07-07 19:41:59', '7127436', 'a039df3582934eca9f983e6e932011698119faaa', 'Jesus', 'Tellez Isaac', '', '', '',  5, 'docente', NULL, 'no_visible', 'inactivo'),
(NULL, '2015-07-07 19:41:59', '7127475', '69ecdf775c867e6595a2d68b55233ae25d536780', 'Patacho', 'Fernando', '', '', '',  5, 'docente', NULL, 'no_visible', 'inactivo'),
(NULL, '2015-07-07 19:41:59', '7128972', '493b410d6dac682f982d49d957c6a7da1dc716cb', 'Nexi', 'Peraza A', '', '', '',  5, 'administrativo', NULL, 'no_visible', 'inactivo'),
(NULL, '2015-07-07 19:41:59', '7140595', '39444509aae5cab051bbfe3921d425e29b0f3c24', 'Armando', 'Leon Delgado', '', '', '',  5, 'administrativo', NULL, 'no_visible', 'inactivo'),
(NULL, '2015-07-07 19:41:59', '7142771', '76e814422633ae398457f6ce6f7d16da2342e4ce', 'Andreina', 'Granado L', '', '', '',  5, 'administrativo', NULL, 'no_visible', 'inactivo'),
(NULL, '2015-07-07 19:41:59', '7149603', '3359ea19523576f451804170fca183d3d2d72beb', 'De Leon Dany', 'De Cecchis', '', '', '',  5, 'docente', NULL, 'no_visible', 'inactivo'),
(NULL, '2015-07-07 19:41:59', '7221077', '96d877e494ad29d19e5f72b0e99fffb571bed3af', 'Miguel', 'Luis Luis', '', '', '',  5, 'docente', NULL, 'no_visible', 'inactivo'),
(NULL, '2015-07-07 19:41:59', '7262333', 'c7611758bcb9ab66eb00a92750cdc285992360d4', 'Carlos', 'Machado', '', '', '',  5, '', NULL, 'no_visible', 'inactivo'),
(NULL, '2015-07-07 19:41:59', '7352958', 'b8cc4f8c06fcaae96420beb4fba65c69d351e8b4', 'Castillo Desiree', 'Delgado de', '', '', '',  5, 'docente', NULL, 'no_visible', 'inactivo'),
(NULL, '2015-07-07 19:41:59', '7436881', '4f9a15cab507a99c1fed64b4f9006ee65ae8464a', 'Ana', 'Aguilera Faraco', '', '', '',  5, 'docente', NULL, 'no_visible', 'inactivo'),
(NULL, '2015-07-07 19:41:59', '7538127', '0f4f86646d6ca2be603e4fc4ab4465727f8988b2', 'Pedro', 'Linares Herrera', '', '', '',  5, 'docente', NULL, 'no_visible', 'inactivo'),
(NULL, '2015-07-07 19:41:59', '7569635', 'f23e4c906487df3da60eb3e42de314c69826748b', 'Jorge L.', 'Marval Frontado', '', '', '',  5, 'administrativo', NULL, 'no_visible', 'inactivo'),
(NULL, '2015-07-07 19:41:59', '7731949', '21e6518579590bae50081d8849e15948eba1cd8b', 'Xiomara', 'Cardozo R.', '', '', '',  5, 'docente', NULL, 'no_visible', 'inactivo'),
(NULL, '2015-07-07 19:41:59', '8007908', '3bd9b05ab768217e9781cb6a1cb236a7594cd2cf', 'Maria', 'Guevara Matheus', '', '', '',  5, 'docente', NULL, 'no_visible', 'inactivo'),
(NULL, '2015-07-07 19:41:59', '8019647', 'c3a05964d533e20c22709df691029da410dab45d', 'Jose', 'Albornoz ', '', '', '',  5, 'docente', NULL, 'no_visible', 'inactivo'),
(NULL, '2015-07-07 19:41:59', '8044677', 'a790b697b9f9f28c30ae0c916209f971b559d091', 'Mirella', 'Herrera Colmenares', '', '', '',  5, 'docente', NULL, 'no_visible', 'inactivo'),
(NULL, '2015-07-07 19:41:59', '8217801', 'c381bfe30a79b8054e0649473713da167e772dbc', 'Jose', 'Guaregua Marquez', '', '', '',  5, 'docente', NULL, 'no_visible', 'inactivo'),
(NULL, '2015-07-07 19:41:59', '8254206', '7dfa3e8c5505c810d801e9945c186b5531ac4c73', 'Jose', 'Marcano Chivico', '', '', '',  5, 'docente', NULL, 'no_visible', 'inactivo'),
(NULL, '2015-07-07 19:41:59', '84322224', 'f21fab8ac877c48eaf549632cc4f68e9d4dfb803', 'Toma', 'Ronaldo', '', '', '',  5, 'docente', NULL, 'no_visible', 'inactivo'),
(NULL, '2015-07-07 19:41:59', '8603641', '4be5eaea932000595167c0044612490cd43ae544', 'Farran Ana', 'Armas de', '', '', '',  5, 'administrativo', NULL, 'no_visible', 'inactivo'),
(NULL, '2015-07-07 19:41:59', '8611660', '0a517081eaaad762dd54223350f8941b06c98297', 'Dinarle', 'Ortega ', '', '', '',  5, 'docente', NULL, 'no_visible', 'inactivo'),
(NULL, '2015-07-07 19:41:59', '8668239', 'bcc5e6796d51b7087f7ea3d25ac48db3051b4599', 'Jaidin', 'Nuñez', '', '', '',  5, 'administrativo', NULL, 'no_visible', 'inactivo'),
(NULL, '2015-07-07 19:41:59', '8669391', 'fc160f65ba00bbc04696748c0158c08d2c42b146', 'Beatriz', 'Moy Fajardo', '', '', '',  5, 'administrativo', NULL, 'no_visible', 'inactivo'),
(NULL, '2015-07-07 19:41:59', '8730138', '67b0a27b8ba718fa0efca54f3defcfb91a893e7b', 'Infante Aracelis', 'Hernandez de', '', '', '',  5, 'docente', NULL, 'no_visible', 'inactivo'),
(NULL, '2015-07-07 19:41:59', '8795671', '459d2d74b36873d8960da3f26a1d534e5aaf7a06', 'Saba', 'Infante Quirpa', '', '', '',  5, 'docente', NULL, 'no_visible', 'inactivo'),
(NULL, '2015-07-07 19:41:59', '8837384', '77ae1bd9812a3043cbe4c80eec694845636e4096', 'Arturo', 'Lopez', '', '', '',  5, '', NULL, 'no_visible', 'inactivo'),
(NULL, '2015-07-07 19:41:59', '8839237', 'fbecb62d11823826fb9d39e4dfe1a19bad73d8f6', 'Luis', 'Matos Sanchez', '', '', '',  5, 'administrativo', NULL, 'no_visible', 'inactivo'),
(NULL, '2015-07-07 19:41:59', '8841651', 'b03370db8076683cf8a8d1a3642ece929dddaaa6', 'Marylin', 'Giugni', '', '', '',  5, 'docente', NULL, 'no_visible', 'inactivo'),
(NULL, '2015-07-07 19:41:59', '9173005', 'c54103cadedf041e9de33ca846fd30d0bbf54dea', 'Richard', 'Barrios ', '', '', '',  5, 'docente', NULL, 'no_visible', 'inactivo'),
(NULL, '2015-07-07 19:41:59', '9212276', '35410b67ec77278d1d9f571d651f8155a4d95328', 'Jorge', 'Castellanos Diaz', '', '', '',  5, 'docente', NULL, 'no_visible', 'inactivo'),
(NULL, '2015-07-07 19:41:59', '9277997', '0dfcff4a974e47e718c41db5d96920254aa7dee5', 'José', 'Gomez', '', '', '',  5, 'administrativo', NULL, 'no_visible', 'inactivo'),
(NULL, '2015-07-07 19:41:59', '9311496', '2a31dc1af76fec4a94dd1ec0271b9e0652aac83d', 'Rivas', 'Loyda J.', '', '', '',  5, 'docente', NULL, 'no_visible', 'inactivo'),
(NULL, '2015-07-07 19:41:59', '9349387', '428d845e8031e4b37c0c6213e0be53dc9c5336f6', 'Miguel', 'Rodriguez Rodriguez', '', '', '',  5, 'docente', NULL, 'no_visible', 'inactivo'),
(NULL, '2015-07-07 19:41:59', '9413599', '1becc4f2058e4b960a28ac888ba1b198e9c85f52', 'Miryelis', 'Rojas Caruci', '', '', '',  5, 'docente', NULL, 'no_visible', 'inactivo'),
(NULL, '2015-07-07 19:41:59', '9435975', '99d4eac44f11d47a6b097a691b1d21597735bf62', 'Carlos', 'Linares Aponte', '', '', '',  5, 'docente', NULL, 'no_visible', 'inactivo'),
(NULL, '2015-07-07 19:41:59', '9449314', '6e885668de4e05b0eda630b91587088131f834f4', 'Willin', 'Alvarez ', '', '', '',  5, 'docente', NULL, 'no_visible', 'inactivo'),
(NULL, '2015-07-07 19:41:59', '9489872', '7717eefe2718d08d9cf94816531f98a03006d0ac', 'Pimali', 'Felibertt Sanabria', '', '', '',  5, 'docente', NULL, 'no_visible', 'inactivo'),
(NULL, '2015-07-07 19:41:59', '9588017', '00f0eb65f49f53367b5333249c703f1d2283e4ae', 'Luis', 'Rodriguez Jose', '', '', '',  5, '', NULL, 'no_visible', 'inactivo'),
(NULL, '2015-07-07 19:41:59', '9608943', '3fd9dc9b257885309e87fe9de6158a4df6e91f12', 'William', 'Palmero P.', '', '', '',  5, 'administrativo', NULL, 'no_visible', 'inactivo'),
(NULL, '2015-07-07 19:41:59', '9663251', 'c0e3987666e56089e7d5d26129082ff542bb66b5', 'Jorge', 'Rodriguez Rojas', '', '', '',  5, 'docente', NULL, 'no_visible', 'inactivo'),
(NULL, '2015-07-07 19:41:59', '9959898', '6e175d4f4fe8dad82df9967efb229ab075a90062', 'Silva Rafael', 'Fernandez Da', '', '', '',  5, 'docente', NULL, 'no_visible', 'inactivo'),
(NULL, '2015-07-07 19:41:59', '9966192', '0e35ab62f2eed5e73a5a148d014d7bceebc24690', 'Jose', 'Rodriguez Q', '', '', '',  5, 'docente', NULL, 'no_visible', 'inactivo'),
(NULL, '2015-07-07 19:41:59', 'cadenas', 'b95b260c709e4e344ab08a6bad49b4aeefa80e64', 'Carlos E', 'Cadenas Romero', '', '', '',  5, 'docente', NULL, 'no_visible', 'inactivo'),
(NULL, '2015-07-07 19:41:59', '10455543', 'fdad79e342db93804cb9d23acedc2c82db96005c', 'José Abraham', 'Ascanio M', '', '', '',  5, 'obrero', NULL, 'no_visible', 'activo'),
(NULL, '2015-07-07 19:41:59', '17066227', '698984f3c3f0f90fd1917add2a60a5fb1b9494fe', 'Dayana', 'Azuaje', '', '', '',  5, 'obrero', NULL, 'no_visible', 'activo'),
(NULL, '2015-07-07 19:41:59', '15494959', 'edcce5d2e0dfbc908c7ce36de5d94c7cb09f217d', 'Jonder', 'Chirinos', '', '', '',  5, 'obrero', NULL, 'no_visible', 'activo'),
(NULL, '2015-07-07 19:41:59', '18166077', 'faa3d5e8898cb5428b618cc02927d48d064e814b', 'Miguel', 'Escalona', '', '', '',  5, 'obrero', NULL, 'no_visible', 'activo'),
(NULL, '2015-07-07 19:41:59', '17679264', 'fbfdad8df881154ea62063e6ff3e851b9a84e6f5', 'Rosa A.', 'García A.', '', '', '',  5, 'obrero', NULL, 'no_visible', 'activo'),
(NULL, '2015-07-07 19:41:59', '7560867', '4e060fe582069c7f39161ff7d89f507dbf515d78', 'José', 'Granado', '', '', '',  5, 'obrero', NULL, 'no_visible', 'activo'),
(NULL, '2015-07-07 19:41:59', '19842872', '13c1849bc85af1ea1ec4ffbe8b78aafa9fddfa15', 'Mayra', 'Gutiérrez H.', '', '', '',  5, 'obrero', NULL, 'no_visible', 'activo'),
(NULL, '2015-07-07 19:41:59', '12092890', '0e3acee1f779096bb1612910405976dadd487953', 'Egidio', 'López', '', '', '',  5, 'obrero', NULL, 'no_visible', 'activo'),
(NULL, '2015-07-07 19:41:59', '16503761', '70b5975b2e78e881d4bd7e899524af406bd608ef', 'José A', 'Márquez D.', 'Ayudante de Mantenimiento', '', '',  5, 'obrero', NULL, 'no_visible', 'activo'),
(NULL, '2015-07-07 19:41:59', '8711369', '8332c49b18c9e4ee9beb225627185ced922aa7a0', 'Adelso', 'Mendez ', 'Mensajero Externo', '', '',  5, 'obrero', NULL, 'no_visible', 'activo'),
(NULL, '2015-07-07 19:41:59', '16280386', '91d3b5dab248c73b730b3be63131879c60bccfe2', 'Luisana', 'Moreno E.', 'Ayudante de Servicio', '', '',  5, 'obrero', NULL, 'no_visible', 'activo'),
(NULL, '2015-07-07 19:41:59', '23649287', 'c88238c536f2ced5d8e4701b8f0fbcf589a448b6', 'Oscar J.', 'Ojeda B.', 'Ayudante de Mantenimiento', '', '',  5, 'obrero', NULL, 'no_visible', 'activo'),
(NULL, '2015-07-07 19:41:59', '7210515', 'dea0f15cf35506ff9654260f00798eee210ab650', 'Carlos', 'Perez', 'Electricista', '', '',  5, 'obrero', NULL, 'no_visible', 'activo'),
(NULL, '2015-07-07 19:41:59', '12106491', 'a40b089956deb25bf14dce42864016950e653c40', 'Heber', 'Perez', 'Electricista', '', '',  5, 'obrero', NULL, 'no_visible', 'activo'),
(NULL, '2015-07-07 19:41:59', '20699287', 'fcd98473e9e8bd6d1f4b3c04bd3f64fdea0ba005', 'Ricardo', 'Pérez', 'Mensajero Interno', '', '',  5, 'obrero', NULL, 'no_visible', 'activo'),
(NULL, '2015-07-07 19:41:59', '13047133', '9ba50347f70ca20112eea5fe23ec406f03310def', 'Nelson', 'Sanz', 'Mecánico en Refrigeración', '', '',  5, 'obrero', NULL, 'no_visible', 'activo'),
(NULL, '2015-07-07 19:41:59', '18468502', 'a9d53949f5522ab33e9b6a05dbefd32dbc859cd9', 'José', 'Sequera', 'Ayudante de Mantenimiento', '', '',  5, 'obrero', NULL, 'no_visible', 'activo'),
(NULL, '2015-07-07 19:41:59', '6484055', '9a9cd355d847ba2f01b14f84657be3ae4942d591', 'Wilfredo J.', 'Yeguez M.', '', '', '',  5, 'obrero', NULL, 'no_visible', 'activo'),
(NULL, '2015-07-07 19:41:59', '10266594', '804201024580744c894d96e0fc6cb210cd93c5c2', 'Luis', 'Zerpa', 'Ayudante de Servicios', '', '',  5, 'obrero', NULL, 'no_visible', 'activo');

INSERT INTO `mnt_cuadrilla` (`id`, `id_trabajador_responsable`, `cuadrilla`, `icono`) VALUES
(1, '10455543', 'MANTENIMIENTO GENERAL', 'assets/img/mnt/mntg.png'),
(2, '16280386', 'LIMPIEZA', 'assets/img/mnt/limpieza.png'),
(3, '15494959', 'PLOMERIA', 'assets/img/mnt/plomeria.png'),
(4, '7560867', 'AIRE ACONDICIONADO', 'assets/img/mnt/aire.png'),
(5, '6484055', 'ELECTRONICA', 'assets/img/mnt/electronica.png'),
(6, '12092890', 'PINTURA', 'assets/img/mnt/pintura.png'),
(7, '8711369', 'MENSAJERIA', 'assets/img/mnt/mensajeria.png'),
(8, '10266594', 'ELECTRICISTA', 'assets/img/mnt/electrico.png');

INSERT INTO `mnt_miembros_cuadrilla` (`id_cuadrilla`, `id_trabajador`) VALUES
(1, '10455543'),
(2, '17066227'),
(2, '17679264'),
(2, '16280386'),
(3, '15494959'),
(4, '18166077'),
(4, '7560867'),
(4, '13047133'),
(4, '18468502'),
(5, '6484055'),
(5, '19842872'),
(6, '12092890'),
(7, '8711369'),
(7, '20699287'),
(8, '10266594');