
INSERT INTO `dec_dependencia` (`id_dependencia`, `dependen`) VALUES
(1, 'BIBLIOTECA'),
(2, 'BIOLOGIA'),
(3, 'COMPUTACION'),
(4, 'DAE'),
(5, 'DECANATO'),
(6, 'DTIC'),
(7, 'FISICA'),
(8, 'MATEMATICA'),
(9, 'UST'),
(10, 'QUIMICA'),
(11, 'UFSH'),
(12, 'ASUNTOS PROFESORALES'),
(13, 'CURRICULUM'),
(14, 'EXTENSION'),
(15, 'ADMINISTRACION'),
(16, 'POSTGRADO'),
(17, 'INVESTIGACION'),
(18, 'CONSEJO FACULTAD'),
(19, 'DESPACHO'),
(20, 'RECURSOS HUMANOS'),
(21, 'MANTENIMIENTO'),
(22, 'ASUNTOS ESTUDIANTILES');


INSERT INTO `dec_usuario` (`ID`, `TIME`, `id_usuario`, `password`, `nombre`, `apellido`, `cargo`, `email`, `telefono`, `id_dependencia`, `tipo`, `observacion`, `sys_rol`, `status`) VALUES
(1, '2016-02-04 13:06:51', '10037592', '7b88f8c06353d9b379ae6a21d0a9986f6276b2bb', 'Angel Enrique', 'Rivas Mendoza', 'Director de Asuntos Profe', 'Aerivas1@uc.edu.ve', '04124865159', 5, 'docente', '', 'asistente_dep', 'activo'),
(2, '2015-07-08 00:11:59', '10082266', '006aff423cc6ea9bb995faba3d4702e08db5ff08', 'Mirba', 'Romero Matos', '', '', '', 5, 'docente', NULL, 'no_visible', 'inactivo'),
(3, '2015-07-08 00:11:59', '10111075', '220d18b82501bcee5019f73598c237562aba6875', 'Sandra', 'Morales', '', '', '', 5, 'administrativo', NULL, 'no_visible', 'inactivo'),
(4, '2015-07-08 00:11:59', '10114715', 'be407882f575b087accdce7b59ea3a9709460291', 'Jesus', 'Rivas ', '', '', '', 5, 'docente', NULL, 'no_visible', 'inactivo'),
(5, '2016-01-29 17:31:17', '10131920', 'e8947193ed5c142c854bd8b1284a22e3bf431ad5', 'Angel', 'Lopez ', 'IAsistente de Decano', 'anlopez169@gmail.com', '04124910774', 5, 'docente', 'Asistente al Decano', 'autoridad', 'activo'),
(6, '2015-07-30 14:28:59', '10146766', 'a5d1f9748cd05f862e05546560c8670629e8c318', 'Lellys', 'Contreras Moyeja', '', '', '', 5, 'docente', NULL, 'no_visible', 'inactivo'),
(7, '2015-07-08 00:11:59', '10227973', 'f3e71038dfdcaf36488bf3114d5b263ab52e3620', 'Hector', 'Inojosa Vitriago', '', '', '', 5, 'docente', NULL, 'no_visible', 'inactivo'),
(8, '2016-02-03 17:58:38', '10228698', 'c5002ba4b8d05b5977f78ef25672b34e52caf3e5', 'Anabella', 'Sanz', 'Secretaria  Ejecutiva', 'anajsanzt@gmail.com', '04144423125', 14, 'administrativo', '', 'asistente_dep', 'activo'),
(9, '2016-01-27 16:54:05', '10232537', '62ec17de53471df68c42f36e237bb7047c82b10c', 'Milagros', 'Tortolero ', 'Abogado Especialista', '', '', 5, 'administrativo', '', 'asistente_dep', 'activo'),
(10, '2016-01-27 16:57:14', '10233908', '4a7594b38d216ab593e1544f589a5e1c57896a47', 'Nancy', 'Zambrano F', 'Secretaria Ejecutiva', '', '', 5, 'administrativo', '', 'asistente_dep', 'activo'),
(307, '2015-07-08 00:11:59', '10266594', '804201024580744c894d96e0fc6cb210cd93c5c2', 'Luis', 'Zerpa', 'Ayudante de Servicios', '', '', 5, 'obrero', NULL, 'no_visible', 'activo'),
(11, '2015-07-08 00:11:59', '10273691', '24a1f1abf1a8a6e2e5c9707afd39548ce71b671e', 'Jorge', 'Briceno Carrasquel', '', '', '', 5, 'docente', NULL, 'no_visible', 'inactivo'),
(12, '2015-07-08 00:11:59', '10378636', '999400a61e4702402e2404eb00a802550252805f', 'Daniel', 'Arias Toro', '', '', '', 5, 'docente', NULL, 'no_visible', 'inactivo'),
(289, '2015-07-08 00:11:59', '10455543', 'fdad79e342db93804cb9d23acedc2c82db96005c', 'José Abraham', 'Ascanio M', '', '', '', 5, 'obrero', NULL, 'no_visible', 'activo'),
(13, '2015-07-08 00:11:59', '10484903', '4c5f0cdd9cd0fd92d47c6392b3f64f8bc0daa2a1', 'Maryorie', 'Machado S', '', '', '', 5, 'docente', NULL, 'no_visible', 'inactivo'),
(14, '2015-07-08 00:11:59', '10561291', 'b949fc528b44ac3b59ccb247daad0b93dfdee3ba', 'Zoraida', 'Velasco S', '', '', '', 5, 'docente', NULL, 'no_visible', 'inactivo'),
(15, '2016-02-02 15:22:46', '10577808', '8b1d7fefa76207cbb18f8a6c219deba41792e446', 'Belkys Yubiry', 'Perez Garcia', 'Director de Departamento', 'Belperez@uc.edu.ve', '04169943277', 2, 'docente', '', 'director_dep', 'activo'),
(16, '2016-02-02 15:21:39', '10701349', '4f0356d3f52ee70af32cba6f8933d8f3dac4e73c', 'Herminia', 'Jimenez', 'Secretaria al Decano', '', '04124225927', 5, 'administrativo', '', 'asistente_dep', 'activo'),
(17, '2015-07-08 00:11:59', '10730466', '14fb0eba37fe934a3df46e7cd5defbcbf1617872', 'Iraida', 'Falcón', '', '', '', 5, 'administrativo', NULL, 'no_visible', 'inactivo'),
(18, '2015-07-08 00:11:59', '10731726', 'e55f4f9e86c8b3de527df0a6eaf3f357f2d29e28', 'Angel', 'Leon ', '', '', '', 5, 'administrativo', NULL, 'no_visible', 'inactivo'),
(19, '2015-07-08 00:11:59', '10732218', '36ffe34f59da3d95e10388ffecc8aaaff047ee93', 'Lilian', 'Guevara ', '', '', '', 5, 'administrativo', NULL, 'no_visible', 'inactivo'),
(20, '2015-07-08 00:11:59', '10754307', 'f4389672b47eeef1f0ec18d7af9044efb304afd5', 'Luis', 'Puerta Silva', '', '', '', 5, 'docente', NULL, 'no_visible', 'inactivo'),
(21, '2015-07-08 00:11:59', '10755388', 'e6c3fbe2252abd55b21d6b4a0d712ae2a01833da', 'Muñoz', 'Marcos', '', '', '', 5, 'docente', NULL, 'no_visible', 'inactivo'),
(22, '2016-01-27 17:36:27', '11007186', '39ae3cc4b543fba86d8f4d01c4dc5c455439eb1b', 'Damarys C', 'Serrano V', 'Director de Departamento', '', '', 7, 'docente', '', 'director_dep', 'activo'),
(23, '2015-07-08 00:11:59', '11095592', '6f6c2a072db378883df2a9192f6c40b37dca95e0', 'Chirinos', 'Iris', '', '', '', 5, 'docente', NULL, 'no_visible', 'inactivo'),
(24, '2015-07-08 00:11:59', '11148154', 'eebf8f01eb5447d664855aa99fba1f7341d7e0be', 'Katiuska', 'Ramos Jimenez', '', '', '', 5, 'docente', NULL, 'no_visible', 'inactivo'),
(25, '2015-07-08 00:11:59', '11153957', '9d04c2017d9422ebcb4a9a9abd4d6b9456c4122b', 'Victor', 'Perez ', '', '', '', 5, 'administrativo', NULL, 'no_visible', 'inactivo'),
(26, '2016-01-27 17:07:06', '11155728', '31c67c60ed17f1090b0260e10ac61f81e831d5a7', 'Dayana', 'Parra', 'Secretaria Ejecutiva', '', '', 7, 'administrativo', '', 'asistente_dep', 'activo'),
(27, '2015-10-06 15:08:49', '11183899', 'a8b38b80c4bd2abe2c22a31600c2b8dff3b2c52f', 'Juan', 'Pereira Antique', 'Docente', '', '', 10, 'docente', '', 'no_visible', 'activo'),
(28, '2016-01-27 17:05:57', '11352146', '5cf5f4ac354c1227c7320ed07de03a9bdce86b49', 'Erika', 'Paracare', 'Secretaria Ejecutiva', '', '', 3, 'administrativo', '', 'asistente_dep', 'activo'),
(29, '2016-03-03 18:35:38', '11359154', '95abd7a027b6747bc649118898f66ab9c24b3234', 'Ivonne', 'Leal M', 'Disenador Curricular', 'Ivonnita14@hotmail.com', '04244998577', 13, 'administrativo', '', 'asistente_dep', 'activo'),
(30, '2015-07-08 00:11:59', '11362785', '57df7b60ac76cccc4ec198c5f6a20d0903d792c0', 'Esmeralda', 'Montero', '', '', '', 5, 'administrativo', NULL, 'no_visible', 'inactivo'),
(31, '2016-02-04 14:47:15', '11364017', 'a45184005589c291ceeee5b53e94be9980ff776f', 'Yojana', 'Sequera Rojas', 'Secretaria Ejecutiva', 'yojana.sequera@gmail.com', '04123483378', 8, 'administrativo', '', 'asistente_dep', 'activo'),
(32, '2016-03-07 20:51:50', '11485668', '27ab9c299da62fb192d4645db9afa1cd3104307d', 'Lenys', 'Bello G', '', '', '', 5, 'docente', NULL, 'no_visible', 'inactivo'),
(33, '2016-01-27 16:52:21', '11525159', '15d7d77a7f0e41fa18c413513b348e000d3e7740', 'Lisbeht', 'Hernandez ', 'Coordinador Sectorial de ', '', '', 14, 'administrativo', '', 'asistente_dep', 'activo'),
(34, '2015-07-08 00:11:59', '11525430', 'b626c6da850eb834810fa1e13d0b5c4ac72bbc84', 'Jeff', 'Wilkesman Giamate', '', '', '', 5, 'docente', NULL, 'no_visible', 'inactivo'),
(35, '2015-07-08 00:11:59', '11526178', '465462c3b73071c773ae78cb508be2188ee58c17', 'Elizabeth', 'Perozo Rondon', '', '', '', 5, 'docente', NULL, 'no_visible', 'inactivo'),
(36, '2015-07-08 00:11:59', '11557142', '23494cc5da7d5e736bd5c184f29c33b54aeeb113', 'Carlos', 'Valera', '', '', '', 5, 'docente', NULL, 'no_visible', 'inactivo'),
(37, '2015-07-08 00:11:59', '11638901', 'd389adcc186fbdad05b2997b67eff510077e4b08', 'Domenico', 'Pavone M', '', '', '', 5, 'docente', NULL, 'no_visible', 'inactivo'),
(38, '2015-07-08 00:11:59', '11678882', 'e0c4cd16b28b048867a4551f17fb65c386e5968a', 'Luis', 'Rodriguez ', '', '', '', 5, 'docente', NULL, 'no_visible', 'inactivo'),
(39, '2016-01-27 16:39:39', '11687214', '18de070c3f5f96bd99649284dc360f0b3cf4a8cd', 'Monica', 'Perez S', 'Analista de Presupuesto', '', '', 5, 'administrativo', '', 'asistente_dep', 'activo'),
(40, '2015-07-08 00:11:59', '11808711', '89cb09153d147c9e9f68e90db58bc46033a2236f', 'Girolamo', 'Grassi', '', '', '', 5, '', NULL, 'no_visible', 'inactivo'),
(41, '2015-07-08 00:11:59', '11808960', '3ccae20f695857973215638beb280204f2c6ba4c', 'Julissa', 'Brizuela', '', '', '', 5, 'docente', NULL, 'no_visible', 'inactivo'),
(42, '2016-03-08 14:50:00', '11809738', '23dd1fc4912559f2ffdbaad33e42bb6849286e25', 'Arnaldo', 'Armado Matute', 'Director de Departamento', '', '04265438636', 10, 'docente', '', 'director_dep', 'activo'),
(43, '2015-07-08 00:11:59', '11811500', '287205b99d559aa2655434b6c667d874c3624365', 'Victor', 'Griffin B', '', '', '', 5, 'docente', NULL, 'no_visible', 'inactivo'),
(44, '2015-07-08 00:11:59', '11814428', 'e78a975785af72ae246ca2ecae9b65129d57bd03', 'Elsa', 'Tovar Flores', '', '', '', 5, 'docente', NULL, 'no_visible', 'inactivo'),
(45, '2015-07-08 00:11:59', '11960243', 'dd7354382d0f690c86413638b567e1b787037493', 'Jonathan', 'Liria Salazar', '', '', '', 5, 'docente', NULL, 'no_visible', 'inactivo'),
(46, '2015-07-08 00:11:59', '12028017', 'dec517659a19078ed42c64dce7a77396b612ebb9', 'José', 'Garcia', '', '', '', 5, '', NULL, 'no_visible', 'inactivo'),
(47, '2015-07-30 14:29:28', '12029549', 'f2ab7478865ec91f20408bc66df4c1121e53a789', 'Yoanair', 'Tovar Pena', '', '', '', 5, 'administrativo', NULL, 'no_visible', 'activo'),
(48, '2015-07-08 00:11:59', '12031020', '8c73e74a8a1f6182261ccf8a19aafe0603c60225', 'Sandra', 'Peña', '', '', '', 5, 'administrativo', NULL, 'no_visible', 'inactivo'),
(49, '2016-01-27 16:59:59', '12032005', '10e59071eb5cc104de66bf3b3fec82e3b357c828', 'Karina', 'Gonzalez ', 'Analista Especialista', '', '', 12, 'administrativo', '', 'asistente_dep', 'activo'),
(50, '2015-07-08 00:11:59', '12033792', '503514a063072aefa7729020ba26a9e92bb6ce6a', 'Lorena', 'Febres', '', '', '', 5, 'administrativo', NULL, 'no_visible', 'inactivo'),
(51, '2015-07-08 00:11:59', '12035391', '6d394e7c4ea2bedd8ea3c336df3b8973749316ad', 'Jose', 'Ramirez B', '', '', '', 5, 'docente', NULL, 'no_visible', 'inactivo'),
(52, '2015-07-08 00:11:59', '12035819', '0c786701c3a57f64057516924c4b030d8d1e0c63', 'Hernan', 'Torres', '', '', '', 5, '', NULL, 'no_visible', 'inactivo'),
(53, '2015-07-08 00:11:59', '12065867', '374853e3b1e885447a5f2577b9b3a82d29175723', 'Carlos', 'Do Nascimiento', '', '', '', 5, 'docente', NULL, 'no_visible', 'inactivo'),
(296, '2015-07-08 00:11:59', '12092890', '0e3acee1f779096bb1612910405976dadd487953', 'Egidio', 'López', '', '', '', 5, 'obrero', NULL, 'no_visible', 'activo'),
(54, '2015-07-08 00:11:59', '12102193', 'c9734e985b06542f83e0b3c90c9dd76de7d4a65e', 'Urbina Abel', 'D alessandro', '', '', '', 5, 'administrativo', NULL, 'no_visible', 'inactivo'),
(302, '2015-07-08 00:11:59', '12106491', 'a40b089956deb25bf14dce42864016950e653c40', 'Heber', 'Perez', 'Electricista', '', '', 5, 'obrero', NULL, 'no_visible', 'activo'),
(55, '2015-07-08 00:11:59', '12122940', '694b95b4aa550ad609b90aefcd1960aa90733736', 'Sheyla', 'Ortiz Kukec', '', '', '', 5, 'docente', NULL, 'no_visible', 'inactivo'),
(56, '2015-07-08 00:11:59', '12148374', '40159a5a7201842653a818b41667ec634291f071', 'Oscar', 'Sucre Reyes', '', '', '', 5, 'docente', NULL, 'no_visible', 'inactivo'),
(57, '2015-07-08 00:11:59', '12174070', '705ebf21270620d98de348dbc075f4f8d0952c21', 'Juan', 'Mateu Petit', '', '', '', 5, 'docente', NULL, 'no_visible', 'inactivo'),
(58, '2015-07-30 14:36:44', '12312009', 'f187035aacd154489cb53692d9a2fa384ab80e19', 'Amadis', 'Martinez Morales', '', '', '', 5, 'docente', NULL, 'no_visible', 'activo'),
(59, '2015-07-08 00:11:59', '12345678', '7c222fb2927d828af22f592134e8932480637c0d', 'Desk', 'Help', '', '', '', 5, '', NULL, 'no_visible', 'inactivo'),
(60, '2015-07-08 00:11:59', '12522701', 'b551ebce08305a894b813232c0f5e82c50f0bc2f', 'Jower', 'Ruiz A', '', '', '', 5, 'administrativo', NULL, 'no_visible', 'inactivo'),
(61, '2015-07-08 00:11:59', '12524155', '1e3562a82af1e9aaae9edf694cf032eeaeadd229', 'Maria', 'Villegas Aguilar', '', '', '', 5, 'docente', NULL, 'no_visible', 'inactivo'),
(62, '2015-07-08 00:11:59', '12546473', '522c63bf6973e19625245505f5f105ac3f233c12', 'Irazabal', 'Neudis', '', '', '', 5, 'docente', NULL, 'no_visible', 'inactivo'),
(63, '2015-07-08 00:11:59', '12605080', '47c6cd201522dff9185f85912da2af12ce320606', 'Cleomara', 'Palacios', '', '', '', 5, 'administrativo', NULL, 'no_visible', 'inactivo'),
(64, '2015-07-08 00:11:59', '12606179', 'cb2cc38c5db8e1fce446449891fd36c89b77bc89', 'Romero Ysmel', 'La Rosa', '', '', '', 5, 'docente', NULL, 'no_visible', 'inactivo'),
(65, '2015-07-08 00:11:59', '12608487', 'afde2773a35b861b236d1608497dabd0a0e1c6fa', 'Mariela', 'Forti', '', '', '', 5, 'docente', NULL, 'no_visible', 'inactivo'),
(66, '2016-01-27 16:36:08', '12751826', '6433b486d62b3453b4bbcb8f627aa0afb682cee9', 'Diogelia', 'Zarraga', 'Asistente Administrativo', '', '', 15, 'administrativo', '', 'asistente_dep', 'activo'),
(67, '2016-02-18 16:32:20', '12752011', '39414cbfe26244aadbd4dd024c9725b771f25af3', 'Jose', 'Manrique Rodriguez', 'Analista de Informacion y', '', '02416358683', 22, 'administrativo', '', 'asistente_dep', 'activo'),
(68, '2015-07-08 00:11:59', '12752272', '59b7c692ecf26002968420f5721b501da6d56973', 'Daniel', 'Matute', '', '', '', 5, '', NULL, 'no_visible', 'inactivo'),
(69, '2015-07-08 00:11:59', '12753599', '2ce4051c8051a19a5724feb3159291705133412f', 'Maria', 'Sanchez Vega', '', '', '', 5, 'docente', NULL, 'no_visible', 'inactivo'),
(70, '2015-07-08 00:11:59', '12771372', '6cc54b3b6a0588c70c75884385916cc81113cd86', 'Florisela', 'Armado Matute', '', '', '', 5, 'administrativo', NULL, 'no_visible', 'inactivo'),
(71, '2015-07-08 00:11:59', '12771395', '77e2794d7dce77167deded09e93101a7b0734070', 'Leilibet', 'Lopez Marquez', '', '', '', 5, 'administrativo', NULL, 'no_visible', 'inactivo'),
(72, '2015-07-08 00:11:59', '12774644', '460c01b2939fd0d3822c3b46bdeeea950ac3662a', 'Dorys', 'Reyes', '', '', '', 5, 'administrativo', NULL, 'no_visible', 'inactivo'),
(73, '2015-07-08 00:11:59', '12842680', 'e3488975528908e941fc75d5da51de3de44e9704', 'Reimer', 'Romero', '', '', '', 5, 'docente', NULL, 'no_visible', 'inactivo'),
(74, '2015-07-08 00:11:59', '12856938', '83f5d0b82aba252c56c35a681f96a8da61c84b8f', 'Maria', 'Mendoza', '', '', '', 5, 'administrativo', NULL, 'no_visible', 'inactivo'),
(75, '2015-07-08 00:11:59', '12872503', 'ac9b0f6c66f9562d2da11d154e21541f4aa2144b', 'Carmen', 'Andara D', '', '', '', 5, 'docente', NULL, 'no_visible', 'inactivo'),
(76, '2015-07-08 00:11:59', '13045466', 'affbb6dbbfc05f18f617582c2bf53110adf56343', 'Dorys', 'Manzanilla Narea', '', '', '', 5, 'administrativo', NULL, 'no_visible', 'inactivo'),
(304, '2015-07-08 00:11:59', '13047133', '9ba50347f70ca20112eea5fe23ec406f03310def', 'Nelson', 'Sanz', 'Mecánico en Refrigeración', '', '', 5, 'obrero', NULL, 'no_visible', 'activo'),
(77, '2015-07-08 00:11:59', '13105945', '5b4e12422b45e19687485432bd00cb1118dd89e4', 'Mavo', 'Henry', '', '', '', 5, 'docente', NULL, 'no_visible', 'inactivo'),
(78, '2015-07-08 00:11:59', '13195420', '8679cf84e17336e412178516b82c89d2f0f9caee', 'G', 'Ramirez Luis', '', '', '', 5, 'docente', NULL, 'no_visible', 'inactivo'),
(79, '2015-07-08 00:11:59', '13281221', 'd6263d5a044b212992c9686970eb22363c86fac4', 'Eber Enrique', 'Orozco Guillen', '', '', '', 5, 'docente', NULL, 'no_visible', 'inactivo'),
(80, '2015-07-08 00:11:59', '13314242', '05d60e9b29ba98b6c00c2146a3ea1909b0215066', 'Franger', 'García A.', '', '', '', 5, 'administrativo', NULL, 'no_visible', 'inactivo'),
(81, '2015-07-08 00:11:59', '13322048', 'f6534a52cb2449926b737ffb55671f5af8969130', 'Harold', 'Vasquez Chavarria', '', '', '', 5, 'docente', NULL, 'no_visible', 'inactivo'),
(82, '2015-07-08 00:11:59', '13382475', '705e84ba6a6af0b501eb1a5389200ec703e58de1', 'Gabriela', 'Rodriguez E', '', '', '', 5, 'docente', NULL, 'no_visible', 'inactivo'),
(83, '2015-07-08 00:11:59', '13509090', 'f650f9ca1dd1356c0517ad32da2a2a849d3ff657', 'Aguilar', 'Soraya', '', '', '', 5, 'docente', NULL, 'no_visible', 'inactivo'),
(84, '2015-07-08 00:11:59', '13562316', '1a32c87e882df40f2205c51f4d497690aa50029d', 'QUINTERO', 'DENNY', '', '', '', 5, 'administrativo', NULL, 'no_visible', 'inactivo'),
(85, '2016-01-27 16:11:40', '13588340', '6f050fbc223ef6b451c337dabf0f2e1330b22322', 'Jazmin', 'Moncaca', 'Secretaria Ejecutiva', '', '', 15, 'administrativo', '', 'asistente_dep', 'activo'),
(86, '2016-01-27 16:46:56', '13635990', '69f9e03cdb438c6228811a65275fc7167ea96f84', 'Maria A', 'Padron H', 'Analista de Recursos Huma', '', '', 20, 'administrativo', '', 'asistente_dep', 'activo'),
(87, '2015-07-08 00:11:59', '13666872', 'b621e1b1a52c5282bd884873e4e52c741e6dcbbb', 'Gabriela', 'Colmenares Guevara', '', '', '', 5, 'administrativo', NULL, 'no_visible', 'inactivo'),
(88, '2015-07-08 00:11:59', '13696879', '2659df9da0f42ecbfc2eae9f41f7a1cb095e5599', 'Sierra', 'Oscar', '', '', '', 5, 'docente', NULL, 'no_visible', 'inactivo'),
(89, '2015-07-08 00:11:59', '13717204', '15ee48fbb96c2cd9d82f1d764bfbf0fb9a49c2df', 'Carlos', 'Mantilla', '', '', '', 5, 'docente', NULL, 'no_visible', 'inactivo'),
(90, '2015-07-08 00:11:59', '13804500', 'a71e4e9f80180049eea5b74293dbffc9edfdc0b1', 'Maria', 'Alvarado', '', '', '', 5, 'docente', NULL, 'no_visible', 'inactivo'),
(91, '2015-07-08 00:11:59', '13899563', 'fb0ece17bf9d771ed3d4a9702e756f42aa9e73d8', 'Luis', 'Gaviria', '', '', '', 5, 'administrativo', NULL, 'no_visible', 'inactivo'),
(92, '2015-07-08 00:11:59', '13899653', 'f51ae8b75e77e1059c6fe7698fac856df8dc03f3', 'GAVIRIA E.', 'LUIS F.', '', '', '', 5, 'administrativo', NULL, 'no_visible', 'inactivo'),
(93, '2015-07-08 00:11:59', '13953077', 'ed70208bddc4900a374a4a67ba9bde60f3e0d561', 'Yolwiths', 'Plaza', '', '', '', 5, '', NULL, 'no_visible', 'inactivo'),
(94, '2015-07-08 00:11:59', '13987872', '46b67823e5ec827e67cc466548e6efd96160f775', 'Elluz', 'Uzcategui Perez', '', '', '', 5, 'docente', NULL, 'no_visible', 'inactivo'),
(95, '2016-02-03 19:07:33', '13988151', '78f7a8fdc02c549cfaaed3fe8d35cef08bcf6626', 'Angelica G.', 'Flores B.', 'Secretaria', '', '04144046608', 12, 'administrativo', '', 'asistente_dep', 'activo'),
(96, '2015-07-08 00:11:59', '13988661', '44c9c1e5ba52303b1c2fc1d697e77855a0b39520', 'Mónica', 'Armado', '', '', '', 5, 'administrativo', NULL, 'no_visible', 'inactivo'),
(97, '2016-01-29 15:24:06', '13989244', 'dfb2656f1cded1f9c391e6cad5f7a3bf40e06289', 'Jose', 'Henríquez', 'Administrador TIC', 'Jahenriq@gmail.com', '04265439086', 9, 'administrativo', '', 'director_dep', 'activo'),
(98, '2015-07-08 00:11:59', '13998824', 'fc6e8f0be20e7d846a1953faf8a96f09571df040', 'Johanna', 'Figueroa', '', '', '', 5, 'docente', NULL, 'no_visible', 'inactivo'),
(99, '2015-07-08 00:11:59', '14025326', 'b8158e6ed766c11f723f43ea3234e495164a490c', 'Liaska Y', 'Cuamo G', '', '', '', 5, 'administrativo', NULL, 'no_visible', 'inactivo'),
(100, '2016-02-04 18:00:19', '14078157', 'ac57c5c85e718afc6d1597e285f1d03bcfa1404d', 'Marlin', 'Moreno ', 'Planificador de informaci', 'Marlinmoreno@gmail.com', '04244293867', 22, 'administrativo', '', 'asistente_dep', 'activo'),
(101, '2015-07-08 00:11:59', '14078269', '704b96b9eb9211e42fbed1786408016af9ba376f', 'Alexander', 'Blasco', '', '', '', 5, '', NULL, 'no_visible', 'inactivo'),
(102, '2015-07-08 00:11:59', '14078669', '4455bf83b421e9481167384beece51221770463c', 'Parra', 'Yesenia', '', '', '', 5, 'administrativo', NULL, 'no_visible', 'inactivo'),
(103, '2016-02-10 18:20:02', '14162837', '9394decbe8e2cc90ee19dd386211d32585626e3e', 'Vincenzo', 'Storaci', 'Laboratorio', 'Vastoraci@uc.edu.ve', '04124373143', 2, 'administrativo', 'Supervisor de Laboratorios', 'asistente_dep', 'activo'),
(104, '2016-01-28 19:21:07', '14185657', '7446129d271e76e04ac23d6a05e956ef2c5b7494', 'Johana', 'Guerrero', 'Director TIC', '', '', 5, 'docente', '', 'asistente_dep', 'activo'),
(105, '2015-07-08 00:11:59', '14247340', '877e206358956725af05f5ae8f60988de28af703', 'Aaron Alberto', 'Munoz Morales', '', '', '', 5, 'docente', NULL, 'no_visible', 'inactivo'),
(106, '2015-07-08 00:11:59', '14302080', '5f5b97b827765ee0a869920d3726eb036f990881', 'Esther C.', 'Torquati Marvez', '', '', '', 5, 'administrativo', NULL, 'no_visible', 'inactivo'),
(107, '2015-07-08 00:11:59', '14381377', 'd70a95120ec2c4f7cb970a5adb2c6647e78516c1', 'Rossana', 'Tortolero ', '', '', '', 5, 'administrativo', NULL, 'no_visible', 'inactivo'),
(108, '2015-07-08 00:11:59', '14381875', '6df51ba005a7807681479cb7f4022208cb460c36', 'Joslem', 'Rivas Cabeza', '', '', '', 5, 'administrativo', NULL, 'no_visible', 'inactivo'),
(109, '2016-02-03 12:56:12', '14382083', '3f096fa067ef1a46f5140511f270b3724bd03989', 'Liliana Yaneth', 'Nieto Caicedo', 'Asistente de Biologia', 'linieto78@gmail.com', '04265438994', 2, 'administrativo', '', 'asistente_dep', 'activo'),
(110, '2015-07-08 00:11:59', '14383069', 'fdc7213052504f70f57641bf16eb0499da189e4a', 'Castellanos', 'Fernando ', '', '', '', 5, 'docente', NULL, 'no_visible', 'inactivo'),
(111, '2015-07-08 00:11:59', '14514919', '2f99bff5e609f9281da8f18e64bbfbaed5a0e5b0', 'Jose G', 'Parra F', '', '', '', 5, 'docente', NULL, 'no_visible', 'inactivo'),
(112, '2016-01-27 17:05:03', '14573107', '31b771cb38437405410ee9868279def66606c55f', 'Belitzeth', 'Diaz', 'Secretaria', '', '', 3, 'administrativo', '', 'asistente_dep', 'activo'),
(113, '2015-07-08 00:11:59', '14573360', 'edf6a81e77635aa94dd8b0eedde3986fde9bb060', 'Nuñez', 'Maria', '', '', '', 5, 'docente', NULL, 'no_visible', 'inactivo'),
(114, '2015-07-08 00:11:59', '14624510', 'e0af1d6b26f6893eef1f64d8d8afb895caca1259', 'Blazetic', 'Alberto', '', '', '', 5, 'docente', NULL, 'no_visible', 'inactivo'),
(115, '2015-12-08 18:32:25', '14713134', '34cd7a29450e3123e5c7747673deb6013afdfb0d', 'Carlos', 'Parra Juan', 'Asistente de Laboratorio', '', '', 9, 'administrativo', '', 'asistente_dep', 'activo'),
(116, '2015-07-08 00:11:59', '14721738', '4d39791a6915577683f576ccb24e4273db66c68f', 'Renny', 'Pacheco ', '', '', '', 5, 'docente', NULL, 'no_visible', 'inactivo'),
(117, '2016-01-27 17:01:30', '14754527', '72c27ed30a5e21c3b625557b0e33f0754f8909e0', 'Tatiana', 'Gallego Murillo', 'Administrador de Tecnolog', '', '', 9, 'administrativo', '', 'asistente_dep', 'activo'),
(118, '2016-03-03 16:57:48', '14820460', '77c33b7c499a6255303d66d39904a3476cab0228', 'Castillo', 'Jazmin', 'Secretaria', '', '', 5, 'administrativo', '', 'asistente_dep', 'activo'),
(119, '2015-07-08 00:11:59', '14915211', '196175b42535fe64f4ba55b3d812746988b8ed84', 'José A.', 'Sosa R.', '', '', '', 5, 'administrativo', NULL, 'no_visible', 'inactivo'),
(120, '2015-07-08 00:11:59', '14915702', '016db1d4302ec43e885f7a45e6b57035f30d6592', 'Anibal', 'Guerra', '', '', '', 5, 'docente', NULL, 'no_visible', 'inactivo'),
(121, '2015-07-08 00:11:59', '14976435', '663323a512833ab1b75d62ab6d38ec4015ccc876', 'Eucandis', 'Fuentes', '', '', '', 5, 'docente', NULL, 'no_visible', 'inactivo'),
(122, '2015-07-08 00:11:59', '14999453', '049d66c2ee4fddad903d6ca53469b803f1c5f4f5', 'Luis', 'León', '', '', '', 5, 'docente', NULL, 'no_visible', 'inactivo'),
(123, '2015-07-08 00:11:59', '15000848', '60f0f76c28ec4c9aede0c0d5443cb537f0f1d15b', 'Padrón', 'Maively', '', '', '', 5, 'docente', NULL, 'no_visible', 'inactivo'),
(124, '2015-07-08 00:11:59', '15169197', 'aedff84569c43f32c42012e3730986fb39ac6c5a', 'Miguel', 'Suarez Ledo', '', '', '', 5, 'docente', NULL, 'no_visible', 'inactivo'),
(308, '2016-01-27 16:36:03', '15189234', '5547e839fcb10d9f2cee8b1d2eee6c7fe8ae88ee', 'Gabriel Antonio', 'Hernandez Delgado', 'Jefe de Almacen', 'Gabriel_h3@hotmail.com', '315127', 15, 'administrativo', '', 'jefe_alm', 'activo'),
(125, '2015-07-08 00:11:59', '15258288', '19ec867d8d12d61588765e7eda36abc792515fdc', 'Montaño', 'Fredina', '', '', '', 5, 'docente', NULL, 'no_visible', 'inactivo'),
(126, '2015-07-08 00:11:59', '15398669', 'f5ec81f9fdd9acf0393ddfc382e054c1fbf08885', 'Angelica', 'Díaz', '', '', '', 5, 'administrativo', NULL, 'no_visible', 'inactivo'),
(127, '2015-07-08 00:11:59', '15428812', '24864b58345fab14120c036fd06306b40aaf2ca1', 'Blaides', 'Luis', '', '', '', 5, 'docente', NULL, 'no_visible', 'inactivo'),
(291, '2015-07-08 00:11:59', '15494959', 'edcce5d2e0dfbc908c7ce36de5d94c7cb09f217d', 'Jonder', 'Chirinos', '', '', '', 5, 'obrero', NULL, 'no_visible', 'activo'),
(128, '2015-07-08 00:11:59', '15529951', 'c626984d260114d1bb284d28ce5ba8b35331661f', 'David', 'Vega Mendez', '', '', '', 5, 'docente', NULL, 'no_visible', 'inactivo'),
(129, '2015-07-08 00:11:59', '15656021', '5d07d530a23c67c5c8949413b2fc6da10c769eed', 'Carlos', 'Moreno', '', '', '', 5, 'docente', NULL, 'no_visible', 'inactivo'),
(130, '2016-02-02 15:04:06', '15739066', '78cb12b6a7d0c292f6f830c68689945ff178663d', 'Deisy A', 'Garcia S', 'Disenador Curricular', 'dagarcia1@uc.edu.ve', '0414-4215986', 18, 'administrativo', '', 'asistente_dep', 'activo'),
(131, '2015-07-08 00:11:59', '15897618', '2166ce8689475f7c00b286cce832e3e8eec51892', 'Dioleidy', 'Gonzalez M.', '', '', '', 5, 'administrativo', NULL, 'no_visible', 'inactivo'),
(132, '2015-07-08 00:11:59', '16015265', 'd77c6036b18da71e6ff6f4cb3572f3eda588564c', 'Dilcia', 'Artigas', '', '', '', 5, 'administrativo', NULL, 'no_visible', 'inactivo'),
(133, '2015-07-08 00:11:59', '16034144', 'ed21cb66a2d37ca9e38aa4b85853e14878c02eaa', 'Guerrero', 'Patricia', '', '', '', 5, 'docente', NULL, 'no_visible', 'inactivo'),
(134, '2015-07-08 00:11:59', '16269715', '3655415d057267b5752cd856b3afa87822dc5b1e', 'Jimenez', 'Dora', '', '', '', 5, 'docente', NULL, 'no_visible', 'inactivo'),
(135, '2015-07-08 00:11:59', '16270061', '505122b3a979f161324d26ebe9642ae834287f6e', 'Colmenares', 'Mairin', '', '', '', 5, 'docente', NULL, 'no_visible', 'inactivo'),
(299, '2015-07-08 00:11:59', '16280386', '91d3b5dab248c73b730b3be63131879c60bccfe2', 'Luisana', 'Moreno E.', 'Ayudante de Servicio', '', '', 5, 'obrero', NULL, 'no_visible', 'activo'),
(136, '2015-07-08 00:11:59', '16288667', '73069f40f588d6c3d9978b8c43d3e4dbfc2e495d', 'Jesus', 'Figueroa', '', '', '', 5, 'administrativo', NULL, 'no_visible', 'inactivo'),
(137, '2015-07-08 00:11:59', '16290807', 'a4ef15e71dabffba9b484b4a20f3620e178fbac3', 'Daniel', 'Rosquete', '', '', '', 5, 'docente', NULL, 'no_visible', 'inactivo'),
(138, '2015-07-08 00:11:59', '16299957', '6f2aebe37f05cd27ddfdfc8e3cab8a7b3cd944ac', 'Maximo', 'Mero Barcia', '', '', '', 5, 'docente', NULL, 'no_visible', 'inactivo'),
(139, '2015-07-08 00:11:59', '16454599', 'fe0923bc956028925174e8ae9a4fc74452b4e572', 'Nori', 'Nuñez', '', '', '', 5, '', NULL, 'no_visible', 'inactivo'),
(140, '2015-07-08 00:11:59', '16501883', '39d438d4b822f68aaa04feb3be0a11b1d10a1355', 'Cedeño', 'Fernando', '', '', '', 5, 'docente', NULL, 'no_visible', 'inactivo'),
(297, '2015-07-08 00:11:59', '16503761', '70b5975b2e78e881d4bd7e899524af406bd608ef', 'José A', 'Márquez D.', 'Ayudante de Mantenimiento', '', '', 5, 'obrero', NULL, 'no_visible', 'activo'),
(141, '2015-07-08 00:11:59', '16579835', '965a805afd190e789a05ee2de435d256b5da5667', 'Sho', 'Antony', '', '', '', 5, 'docente', NULL, 'no_visible', 'inactivo'),
(142, '2015-07-08 00:11:59', '16850688', 'eadfec32e9ddd5bff6ef855c008fdb853c46a8f9', 'Díaz', 'Bianca', '', '', '', 5, 'docente', NULL, 'no_visible', 'inactivo'),
(143, '2016-02-16 16:20:19', '17032400', '60eb331d03ecd92a1747d954c790d961664cc52b', 'Milennys del Valler', 'Gallardo Diaz', 'Comprador', 'gallardomilennys@gmail.com', '', 5, 'administrativo', '', 'asistente_dep', 'activo'),
(290, '2015-07-08 00:11:59', '17066227', '698984f3c3f0f90fd1917add2a60a5fb1b9494fe', 'Dayana', 'Azuaje', '', '', '', 5, 'obrero', NULL, 'no_visible', 'activo'),
(144, '2015-07-08 00:11:59', '17066999', 'b6abd771582eb00520042d9466d09378e18e3148', 'Patricia', 'Chirivella', '', '', '', 5, '', NULL, 'no_visible', 'inactivo'),
(145, '2015-07-08 00:11:59', '17171090', 'c4224882cecf08990d31cb69cdcce0cae31f10aa', 'Manuel', 'Herrera', '', '', '', 5, '', NULL, 'no_visible', 'inactivo'),
(146, '2015-07-08 00:11:59', '17193617', '653942a2dcc6328737f200610934ac5b5b519984', 'Narea Jimenez', 'Freddy J.', '', '', '', 5, 'docente', NULL, 'no_visible', 'inactivo'),
(147, '2016-02-03 16:16:20', '17316466', '75b67f80ae56bcfaf70893fe3f5bfe17a9bdacf0', 'Zharife', 'Samara', 'Secretaria', 'zsamara@uc.edu.ve', '+584144299298', 18, 'administrativo', '', 'asistente_dep', 'activo'),
(148, '2015-07-08 00:11:59', '17373972', '3d782ebd269ecf5790a4ee19e54c682c0ee81eff', 'Vargas', 'Ramón', '', '', '', 5, 'docente', NULL, 'no_visible', 'inactivo'),
(149, '2015-07-08 00:11:59', '17387931', 'c3bea34e9a6496f0956239645c5604f2958dd689', 'Rolando', 'Gaitan Deveras', '', '', '', 5, 'docente', NULL, 'no_visible', 'inactivo'),
(150, '2015-07-08 00:11:59', '17397519', '27da0b322463e3b452772e826bdb28626c7da746', 'Lisette', 'Molins', '', '', '', 5, 'administrativo', NULL, 'no_visible', 'inactivo'),
(151, '2015-07-08 00:11:59', '17399487', '27b0afdb5c1bcd0496d004764e3e67b8fdc11e28', 'José', 'Casadiego', '', '', '', 5, 'docente', NULL, 'no_visible', 'inactivo'),
(152, '2015-07-08 00:11:59', '17494728', 'cb5a1a8614682ef18aee0c05b792affde587f01c', 'Enzo', 'Garcia', '', '', '', 5, '', NULL, 'no_visible', 'inactivo'),
(153, '2015-07-08 00:11:59', '17599633', 'bcb20a245dd81986abb716a73a51d5d60bc4b257', 'Guevara', 'Esnil', '', '', '', 5, 'docente', NULL, 'no_visible', 'inactivo'),
(154, '2015-07-08 00:11:59', '17614031', '2387395d7a28c40db7a7c470e58f06d4dc726edb', 'Laura', 'Arocha', '', '', '', 5, '', NULL, 'no_visible', 'inactivo'),
(293, '2015-07-08 00:11:59', '17679264', 'fbfdad8df881154ea62063e6ff3e851b9a84e6f5', 'Rosa A.', 'García A.', '', '', '', 5, 'obrero', NULL, 'no_visible', 'activo'),
(155, '2015-07-08 00:11:59', '17807606', '9ab47c90330b5aa0a1197578d110b67d70f990f8', 'Vasquez', 'Marianela', '', '', '', 5, 'docente', NULL, 'no_visible', 'inactivo'),
(156, '2015-07-08 00:11:59', '17807836', '47e5b2b328bfdeef18128ed7c3867c5b894b02f7', 'Ottogalli', 'Kiara', '', '', '', 5, 'docente', NULL, 'no_visible', 'inactivo'),
(157, '2015-07-08 00:11:59', '17904341', '55861e2a6ac159a668eac3f824d7cc4004d0a8b5', 'Moises A.', 'Lopez S.', '', '', '', 5, '', NULL, 'no_visible', 'inactivo'),
(158, '2015-07-20 19:08:41', '17986853', 'ac63d613e40eb05e99d92b8406b12eaa1dfd2237', 'Aury Carolina', 'Rodriguez Rodriguez', '', '', '315191', 9, 'administrativo', 'I', 'autoridad', 'activo'),
(159, '2015-07-08 00:11:59', '18060673', '5386866f4f7f56c0ee0c664e580d4a27e6a741ec', 'Gliseth', 'Hernandez', '', '', '', 5, 'administrativo', NULL, 'no_visible', 'inactivo'),
(292, '2015-07-08 00:11:59', '18166077', 'faa3d5e8898cb5428b618cc02927d48d064e814b', 'Miguel', 'Escalona', '', '', '', 5, 'obrero', NULL, 'no_visible', 'activo'),
(160, '2015-07-08 00:11:59', '18180900', '03f1cb7c82a4908f62eb26f9203d30b10001b21c', 'Elias A.', 'Salazar B.', '', '', '', 5, '', NULL, 'no_visible', 'inactivo'),
(161, '2015-07-08 00:11:59', '18253417', '5d210d119bdf9fd7fc59f602eb93f72c19714d52', 'Acosta', 'Alí', '', '', '', 5, 'docente', NULL, 'no_visible', 'inactivo'),
(162, '2015-07-08 00:11:59', '18360098', '01343b94c57ade04e244bc17b617b2883fae2a20', 'Leonardo', 'Conde', '', '', '', 5, '', NULL, 'no_visible', 'inactivo'),
(305, '2015-07-08 00:11:59', '18468502', 'a9d53949f5522ab33e9b6a05dbefd32dbc859cd9', 'José', 'Sequera', 'Ayudante de Mantenimiento', '', '', 5, 'obrero', NULL, 'no_visible', 'activo'),
(163, '2015-07-08 00:11:59', '18470357', 'abb5d24f500c3b1683bdc79c91a7daf3ad093323', 'LEON', 'JOELI', '', '', '', 5, 'administrativo', NULL, 'no_visible', 'inactivo'),
(164, '2015-07-08 00:11:59', '18561378', 'bf55af2c7e4823e4cc436342392a48ae40861bda', 'Urquiola', 'Andreina', '', '', '', 5, 'docente', NULL, 'no_visible', 'inactivo'),
(165, '2015-07-08 00:11:59', '18686803', 'a7219ecd7276571f102046311e6a75fe678b50f8', 'Lisset', 'Orozco', '', '', '', 5, '', NULL, 'no_visible', 'inactivo'),
(166, '2015-07-08 00:11:59', '18747162', 'ae77081af971e1458260e07068b7c99a918d1cf9', 'Analisa', 'Carbone', '', '', '', 5, '', NULL, 'no_visible', 'inactivo'),
(167, '2015-07-08 00:11:59', '18837119', '8fffcccd0a6dca2ff8c3d62a42a77e0b4c183494', 'Brayan', 'Salas', '', '', '', 5, '', NULL, 'no_visible', 'inactivo'),
(168, '2015-07-08 00:11:59', '18859671', '61bfed48830dee4f0c1702b9b2083bb8ffcca5ff', 'Orlando', 'Pandares', '', '', '', 5, '', NULL, 'no_visible', 'inactivo'),
(169, '2015-07-08 00:11:59', '19410300', '3be64f3696c617c9c2feff07cce3f5f0621be8cb', 'Bermúdez', 'Johana', '', '', '', 5, '', NULL, 'no_visible', 'inactivo'),
(170, '2015-07-08 00:11:59', '19480276', '18761308f46610fc398d07ccc8d2196977d0842f', 'María J.', 'Fernandez P.', '', '', '', 5, '', NULL, 'no_visible', 'inactivo'),
(171, '2015-07-08 00:11:59', '19524082', 'e04312418068dd4223e64907ca9c292a6d9f4641', 'Piñero', 'Yuney', '', '', '', 5, '', NULL, 'no_visible', 'inactivo'),
(295, '2015-07-08 00:11:59', '19842872', '13c1849bc85af1ea1ec4ffbe8b78aafa9fddfa15', 'Mayra', 'Gutiérrez H.', '', '', '', 5, 'obrero', NULL, 'no_visible', 'activo'),
(172, '2015-07-08 00:11:59', '19919960', '765221eabff8ea90cdb1a21c9283077aec619cca', 'Manuel', 'Fernandez', '', '', '', 5, '', NULL, 'no_visible', 'inactivo'),
(173, '2015-07-08 00:11:59', '20029038', 'e71ffd3c04441722da4cd3de9509ac0727692d37', 'Rudy R.', 'Colina M.', '', '', '', 5, '', NULL, 'no_visible', 'inactivo'),
(174, '2015-07-08 00:11:59', '20083998', 'ec9f03a18d6503188c59878ce8974a1c15627638', 'Rosana', 'Escalona', '', '', '', 5, '', NULL, 'no_visible', 'inactivo'),
(175, '2015-07-08 00:11:59', '20163880', '534f53a8850ab4d45c310113d41763ae82ae8865', 'Genesis', 'Rodriguez R.', '', '', '', 5, 'administrativo', NULL, 'no_visible', 'inactivo'),
(303, '2015-07-08 00:11:59', '20699287', 'fcd98473e9e8bd6d1f4b3c04bd3f64fdea0ba005', 'Ricardo', 'Pérez', 'Mensajero Interno', '', '', 5, 'obrero', NULL, 'no_visible', 'activo'),
(176, '2015-07-08 00:11:59', '20713569', 'bd5dd2aa701b14f0581aa92b15753c57cd23f05a', 'Dorybel', 'Mojon G.', '', '', '', 5, '', NULL, 'no_visible', 'inactivo'),
(177, '2015-07-08 00:11:59', '20753603', '23a543cc74e06d1e2af7d9779c4cb11276075518', 'Leosbeth', 'Gomez', '', '', '', 5, '', NULL, 'no_visible', 'inactivo'),
(178, '2015-07-08 00:11:59', '20819097', '6d0a3332ef0193eb8179700cd3e513e7522a7251', 'Pedro', 'Romero', '', '', '', 5, '', NULL, 'no_visible', 'inactivo'),
(309, '2016-03-03 15:52:02', '21031725', '4c626445c4e4a47b0921a16db8c66e6a795223fe', 'Yesika', 'Peraza', 'Secretaria', 'yesika1029@gmail.com', '', 8, 'administrativo', '', 'asistente_dep', 'activo'),
(179, '2015-07-08 00:11:59', '21139778', '662efc86de81905a3c470381cf5cebc56b0118e7', 'Solano', 'Frank', '', '', '', 5, '', NULL, 'no_visible', 'inactivo'),
(180, '2015-07-08 00:11:59', '21454331', 'e44e050f743325da785df1b988da3b63b3d27c08', 'Edgardo', 'Rodriguez', '', '', '', 5, '', NULL, 'no_visible', 'inactivo'),
(181, '2015-07-08 00:11:59', '21459200', 'ed4f7d4237b6f8e57169bc60cbb94ff7d21582c6', 'Darwin', 'Palmer', '', '', '', 5, '', NULL, 'no_visible', 'inactivo'),
(182, '2015-07-08 00:11:59', '22001580', 'a72dfbf3b14f7a0ca531ede1906e638630df883a', 'Nohely', 'Vargas', '', '', '', 5, '', NULL, 'no_visible', 'inactivo'),
(183, '2015-07-08 00:11:59', '22208289', '30cf6e443bd08fb408a070cea09d430884d3ad71', 'Escalona', 'Anyelys', '', '', '', 5, '', NULL, 'no_visible', 'inactivo'),
(300, '2015-07-08 00:11:59', '23649287', 'c88238c536f2ced5d8e4701b8f0fbcf589a448b6', 'Oscar J.', 'Ojeda B.', 'Ayudante de Mantenimiento', '', '', 5, 'obrero', NULL, 'no_visible', 'activo'),
(184, '2015-07-08 00:11:59', '24002850', '682965e829de7829ae800e744f81b797c769609c', 'Jhonny', 'Tarazona', '', '', '', 5, '', NULL, 'no_visible', 'inactivo'),
(185, '2015-07-08 00:11:59', '24388004', 'bb1b0769cd59a0bc04828b8d7109209eecc53673', 'Teran Maria Elena', 'Mier y', '', '', '', 5, '', NULL, 'no_visible', 'inactivo'),
(186, '2015-07-08 00:11:59', '24471949', '8960f86916cbaa330d38ce7f189a26319bb58fc6', 'Macias', 'Alfredo', '', '', '', 5, 'docente', NULL, 'no_visible', 'inactivo'),
(187, '2015-07-08 00:11:59', '24499052', '47e7a4429c8eadb518f7023c11703a922adb9a53', 'Mayra Valentina', 'Suarez Hurtado', '', '', '', 5, '', NULL, 'no_visible', 'inactivo'),
(188, '2015-07-08 00:11:59', '24815407', 'b4dd451b7e48826e89eac28a1ebe5297e3951d93', 'Maikel', 'Vera', '', '', '', 5, 'administrativo', NULL, 'no_visible', 'inactivo'),
(189, '2015-07-08 00:11:59', '2523054', '954e85389f878e9697732084a64ce1d934d35103', 'Manuela', 'Sanchez', '', '', '', 5, 'docente', NULL, 'no_visible', 'inactivo'),
(190, '2015-07-08 00:11:59', '3442264', 'df2c7999c6c3e13b23910b86135fdd2fabd6d5ad', 'José', 'Rodriguez', '', '', '', 5, 'docente', NULL, 'no_visible', 'inactivo'),
(191, '2015-07-08 00:11:59', '3584216', 'b6fb2caf19b9d7cbd4d5dfd256b59c984b4f67da', 'Elizabeth', 'Luque Bello', '', '', '', 5, 'administrativo', NULL, 'no_visible', 'inactivo'),
(192, '2015-07-08 00:11:59', '3987442', 'ff9354add11e6561aba5108589d187c57e5ee7ee', 'Jose', 'Ortega Becea', '', '', '', 5, 'docente', NULL, 'no_visible', 'inactivo'),
(193, '2015-07-08 00:11:59', '4268159', '25b38a92a57e21e7caa291917b13847933b514fe', 'Morales de Munoz', 'Rosa C.', '', '', '', 5, 'docente', NULL, 'no_visible', 'inactivo'),
(194, '2015-07-08 00:11:59', '4365931', 'c1687e943320ca7143d51d98e2809b536d7156d9', 'Fatima', 'De Abreu', '', '', '', 5, 'docente', NULL, 'no_visible', 'inactivo'),
(195, '2016-02-04 18:13:47', '4460185', 'acd309bdca69fc80d1f0199b8250206d3c0dab73', 'Romali', 'Kolster B', 'Coordinadora  Administrat', 'Rkolster@uc.edu.ve', '04144982308', 15, 'administrativo', '', 'director_dep', 'activo'),
(196, '2015-07-08 00:11:59', '4567390', '8d84e2b0726532b7aacfb16b16799069d0333ca2', 'Antonio', 'Castaneda Brito', '', '', '', 5, 'docente', NULL, 'no_visible', 'inactivo'),
(197, '2016-02-04 15:04:47', '4859596', 'b895065ea78dc2bfc5c4ddb677d8f0c0ab250ccb', 'Sharon', 'Basso Jardine', 'Coordinadora UFSH', 'Sbasso@gmail.com', '04166486776', 5, 'docente', '', 'director_dep', 'activo'),
(198, '2015-07-08 00:11:59', '5070033', '714fc09fb894a80ecd6407deded919d685ee8566', 'Rodriguez', 'Carmen', '', '', '', 5, 'docente', NULL, 'no_visible', 'inactivo'),
(199, '2015-07-08 00:11:59', '5307499', '42dd40c744cb22c06ee5df370a2b25b8af28d001', 'Nelson', 'Hernandez T.', '', '', '', 5, 'docente', NULL, 'no_visible', 'inactivo'),
(200, '2015-07-08 00:11:59', '5373527', 'c1e9b2aa4860d79ebbbff434191bf43277298e8e', 'Ilse', 'Rodriguez Bustillos', '', '', '', 5, 'docente', NULL, 'no_visible', 'inactivo'),
(201, '2015-07-08 00:11:59', '5421183', '3d463eb6b611c4d5094adfb568df6a23432074a4', 'Cecilia', 'Parra ', '', '', '', 5, 'administrativo', NULL, 'no_visible', 'inactivo'),
(202, '2015-07-08 00:11:59', '5521244', '9bc8883e10840f83ca72032de023ffb4dcb426fd', 'Francisca', 'Grimon Mejias', '', '', '', 5, 'docente', NULL, 'no_visible', 'inactivo'),
(203, '2015-07-08 00:11:59', '55555555', '19dd466e43cdbd3833abc0609eba6d8786f9b342', 'OST', 'Soporte', '', '', '', 5, 'administrativo', NULL, 'no_visible', 'inactivo'),
(204, '2015-07-08 00:11:59', '5580398', '787d6533710c5b6d789e282cb732f2aded65bae0', 'Freddy', 'Ocanto Uzcategui', '', '', '', 5, 'docente', NULL, 'no_visible', 'inactivo'),
(205, '2015-07-08 00:11:59', '5592143', '18098de6b26d1bce23894d67a32f97558d643cd3', 'Sabina A', 'Caula Q', '', '', '', 5, 'docente', NULL, 'no_visible', 'inactivo'),
(206, '2015-07-08 00:11:59', '5598204', '3d041348b6ca37a1b5dd29d2e1c74757af4f5d04', 'Ronald', 'Blanco ', '', '', '', 5, 'docente', NULL, 'no_visible', 'inactivo'),
(207, '2015-07-08 00:11:59', '5893251', 'd29058dde5a0ea33bcac868b36f2ad015ec16b60', 'Nancy', 'Salinas Trejo', '', '', '', 5, 'docente', NULL, 'no_visible', 'inactivo'),
(208, '2015-07-08 00:11:59', '5911802', 'f05c15b96e533f7f5dbb081c549cd206e778b3b9', 'Rafael', 'Ruiz J.', '', '', '', 5, 'administrativo', NULL, 'no_visible', 'inactivo'),
(209, '2015-07-08 00:11:59', '5966736', '721f5254fadcc109db890012908506e52beb8b02', 'Maria', 'Corao Marcano', '', '', '', 5, 'docente', NULL, 'no_visible', 'inactivo'),
(210, '2015-07-08 00:11:59', '6015116', '4a52c525217ee1cde0262d0d9ed687d961a20f1b', 'Luciana', 'Scarioni Dallagata', '', '', '', 5, 'docente', NULL, 'no_visible', 'inactivo'),
(211, '2015-07-08 00:11:59', '6101724', '7bc73f3444d4530e57b79ebc5c9584c5e0b962ec', 'Nelson', 'Falcon Veloz', '', '', '', 5, 'docente', NULL, 'no_visible', 'inactivo'),
(212, '2015-07-08 00:11:59', '6129612', '770e8631cf3f953624c9ef779887337c057491a2', 'Mario', 'Palacios Caceres', '', '', '', 5, 'docente', NULL, 'no_visible', 'inactivo'),
(213, '2015-07-08 00:11:59', '6131761', '2f380090077d5fa780aedf09da48679408879d8f', 'German', 'Larrazabal Serrano', '', '', '', 5, 'docente', NULL, 'no_visible', 'inactivo'),
(214, '2015-07-08 00:11:59', '6341790', '68e1b7d5c6f621598bca9a2865461fc55829f7a5', 'Sonia', 'Ardito', '', '', '', 5, 'docente', NULL, 'no_visible', 'inactivo'),
(215, '2015-07-08 00:11:59', '6349490', 'b5723a22d863e129e3116c9828025e8da3ac76b9', 'Carmen', 'Rodriguez F', '', '', '', 5, 'docente', NULL, 'no_visible', 'inactivo'),
(216, '2015-07-08 00:11:59', '6358124', '4038855f9f8abedb8c3a6f6a5f4fe383323530b0', 'Rafael A', 'Rodriguez A', '', '', '', 5, 'docente', NULL, 'no_visible', 'inactivo'),
(217, '2015-07-08 00:11:59', '6408134', '7b84e35d19c8bf51e74e20c634d1ab6cc8ec30f5', 'Richard', 'Gonzalez R', '', '', '', 5, 'administrativo', NULL, 'no_visible', 'inactivo'),
(306, '2016-04-25 12:46:14', '6484055', '4d91b4c9d67e2236dda9ac9fce4d6f366008dca9', 'Wilfredo J.', 'Yeguez M.', 'Jefe de Mantenimiento', 'Wilfredo.yeguez@gmail.com', '04163366705', 5, 'administrativo', '', 'asist_autoridad', 'activo'),
(218, '2015-07-08 00:11:59', '6650600', '87b5e59b60d8d758d2f48bc9834ab6e0da6ddbbc', 'Hanen', 'Hanna Hanna', '', '', '', 5, 'docente', NULL, 'no_visible', 'inactivo'),
(219, '2015-07-08 00:11:59', '6728079', '90d4cc5267693bd8335913ddf60995d36e3cd5c4', 'Henry', 'Labrador Sanchez', '', '', '', 5, 'docente', NULL, 'no_visible', 'inactivo'),
(220, '2015-07-08 00:11:59', '6850966', '41dacf8c9a2370449be8b107dff735ca15e8e9c2', 'Roberto', 'Ruggiero', '', '', '', 5, 'docente', NULL, 'no_visible', 'inactivo'),
(221, '2015-07-08 00:11:59', '6884574', '0f2e2da49d0706a8bb5a74355eb1485fb6458cae', 'Lesbia', 'Martinez Lopez', '', '', '', 5, 'administrativo', NULL, 'no_visible', 'inactivo'),
(222, '2016-01-27 17:41:11', '6887736', '3099d3fede5b15c39f7920a46f4acb25fdc7948a', 'Orestes', 'Montilla Montilla', 'Director de Asuntos Estud', '', '', 22, 'docente', '', 'director_dep', 'activo'),
(223, '2015-07-08 00:11:59', '6971554', '17de98a2e2a8e6436f67ef73b90f3bd7d468ad64', 'Zoraida Del C', 'Fernandez G', '', '', '', 5, 'docente', NULL, 'no_visible', 'inactivo'),
(224, '2015-07-08 00:11:59', '6975018', 'f34955cd3ff1849cae59148359f45ed89170a54b', 'Alberto', 'Subero ', '', '', '', 5, 'docente', NULL, 'no_visible', 'inactivo'),
(225, '2015-07-08 00:11:59', '6999346', '1541416368c4f9db24dd4b28090ee53489a3b774', 'Esteban', 'Flores Rodriguez', '', '', '', 5, 'docente', NULL, 'no_visible', 'inactivo'),
(226, '2016-02-03 16:05:39', '7012556', '3bfc6c49cde0d962edd46136895712f330141ee3', 'Rosario', 'Fiorita,', 'Secretaria Ejecutiva', '', '04244054287', 11, 'administrativo', '', 'asistente_dep', 'activo'),
(227, '2015-07-08 00:11:59', '7016985', '649da7b6ef425eafa0223b88352f9a21482d9e8d', 'Otto G', 'Rendon Rodriguez', '', '', '', 5, 'docente', NULL, 'no_visible', 'inactivo'),
(228, '2016-01-27 17:43:51', '7059903', 'a81e3eb19fcd87cde8fa5fdfd4d390da8393d2ad', 'Aldo', 'Reyes,', 'Secretario Consejo Facult', '', '', 18, 'docente', '', 'director_dep', 'activo'),
(229, '2015-07-08 00:11:59', '7063100', '27dd6579acd09579acbc71a939a8426dd4753faa', 'MANRIQUE', 'JOSE G', '', '', '', 5, 'administrativo', NULL, 'no_visible', 'inactivo'),
(230, '2015-07-08 00:11:59', '7064568', 'b6c042fcc7bf19d90f3f726f6b343f5c3cb24cf1', 'Marlene', 'Arias Soto', '', '', '', 5, 'docente', NULL, 'no_visible', 'inactivo'),
(231, '2015-07-08 00:11:59', '7068730', '28e88693acb7eccb01bbd0317e0a8067dc6e1c61', 'Jose', 'Jimenez Ochoa', '', '', '', 5, 'docente', NULL, 'no_visible', 'inactivo'),
(232, '2015-07-08 00:11:59', '7079917', '5439658bd365d75db0a27ad366b069eedeb6f01c', 'Janitis', 'Arocha M', '', '', '', 5, 'administrativo', NULL, 'no_visible', 'inactivo'),
(233, '2016-01-27 17:38:35', '7084323', '9fa9fe1fc4f9518c259112efc4cf84fe41b1c205', 'Nolly', 'Alvarez C.', 'Coordinador de Biblioteca', '', '', 1, 'administrativo', '', 'director_dep', 'activo'),
(234, '2015-07-08 00:11:59', '7088165', 'b76eb6d2feddfc3ef29b297456181657bcec93de', 'Rosa', 'Bravo Pachas', '', '', '', 5, 'docente', NULL, 'no_visible', 'inactivo'),
(235, '2015-07-08 00:11:59', '7088947', 'aec6fd8218e5e2c0734a4c0b0f6cc581ed3d142e', 'Orlando', 'Alvarez L', '', '', '', 5, 'docente', NULL, 'no_visible', 'inactivo'),
(236, '2015-07-08 00:11:59', '7091519', 'f44d6fec79a87a8a07de264cae1d89a705478c6c', 'Rubén', 'Rojas', '', '', '', 5, '', NULL, 'no_visible', 'inactivo'),
(237, '2015-07-08 00:11:59', '7092726', '4c00a8fbe141f1cf6577b9aeddd6158d0174c30b', 'Freddy', 'Perozo Rondon', '', '', '', 5, 'docente', NULL, 'no_visible', 'inactivo'),
(238, '2015-07-08 00:11:59', '7094314', 'f99e4b69a06044475cea8b62964d02d708c283e4', 'Reina', 'Loaiza Barreto', '', '', '', 5, 'docente', NULL, 'no_visible', 'inactivo'),
(239, '2015-07-08 00:11:59', '7106785', '910f4f41975ddfa6935066b37b7d53af69eea5dc', 'Ingrid', 'Rivero A', '', '', '', 5, 'administrativo', NULL, 'no_visible', 'inactivo'),
(288, '2016-02-05 16:33:54', '7106822', '2727ed658e31c95f620fa43bfc5cfd28e4911909', 'Carlos E', 'Cadenas Romero', 'Director de Departamento', '', '', 8, 'docente', '', 'director_dep', 'activo'),
(240, '2015-07-08 00:11:59', '7112641', '99c0997cf6b6f6c408d7ecba65b9ba88ac43715b', 'Yadirna', 'Omana Quero', '', '', '', 5, 'docente', NULL, 'no_visible', 'inactivo'),
(241, '2016-01-27 17:11:50', '7113823', 'ae206ea4353f33b9d3b9497b53fffb370940c08f', 'Sibel', 'Villalta Corrales', 'Supervisor de Biblioteca', '', '', 1, 'administrativo', '', 'asistente_dep', 'activo'),
(242, '2015-07-08 00:11:59', '7122452', '60e53570265bf740493c5360549d386759988f21', 'Ygmar', 'Jimenez Barrios', '', '', '', 5, 'docente', NULL, 'no_visible', 'inactivo'),
(243, '2016-03-15 14:25:33', '7122700', '2fdef9e221e126b6d2ba43d17ce3a26c0007914f', 'Claudia', 'Manfredini', 'Secretaria Ejecutiva', '', '02416004000', 10, 'administrativo', '', 'asistente_dep', 'activo'),
(244, '2015-07-08 00:11:59', '7125852', '209eabf530f27a9d806169bf3fcf916ff2ac5a8c', 'Orlando', 'Colina', '', '', '', 5, '', NULL, 'no_visible', 'inactivo'),
(245, '2016-01-27 16:48:22', '7126487', '02fedaf3719c98345cdb9b2f8799aca53cfb6197', 'Leny', 'Romero O', 'Secretaria Ejecutiva', '', '', 20, 'administrativo', '', 'asistente_dep', 'activo'),
(246, '2015-07-08 00:11:59', '7127436', 'a039df3582934eca9f983e6e932011698119faaa', 'Jesus', 'Tellez Isaac', '', '', '', 5, 'docente', NULL, 'no_visible', 'inactivo'),
(247, '2015-07-08 00:11:59', '7127475', '69ecdf775c867e6595a2d68b55233ae25d536780', 'Patacho', 'Fernando', '', '', '', 5, 'docente', NULL, 'no_visible', 'inactivo'),
(248, '2016-01-27 16:56:01', '7128972', '493b410d6dac682f982d49d957c6a7da1dc716cb', 'Nexi', 'Peraza A', 'Asistente Ejecutivo de Es', '', '', 5, 'administrativo', '', 'asistente_dep', 'activo'),
(249, '2015-07-08 00:11:59', '7140595', '39444509aae5cab051bbfe3921d425e29b0f3c24', 'Armando', 'Leon Delgado', '', '', '', 5, 'administrativo', NULL, 'no_visible', 'inactivo'),
(250, '2016-02-05 18:25:30', '7142771', '60bfd426141adbffe140cc4a461985f728823548', 'Andreina', 'Granado L', 'Coordinadora de proyectos', 'Andreinagranado4@gmail.com', '04143419392', 5, 'administrativo', '', 'jefe_alm', 'activo'),
(251, '2015-07-08 00:11:59', '7149603', '3359ea19523576f451804170fca183d3d2d72beb', 'De Leon Dany', 'De Cecchis', '', '', '', 5, 'docente', NULL, 'no_visible', 'inactivo'),
(301, '2015-07-08 00:11:59', '7210515', 'dea0f15cf35506ff9654260f00798eee210ab650', 'Carlos', 'Perez', 'Electricista', '', '', 5, 'obrero', NULL, 'no_visible', 'activo'),
(252, '2015-07-08 00:11:59', '7221077', '96d877e494ad29d19e5f72b0e99fffb571bed3af', 'Miguel', 'Luis Luis', '', '', '', 5, 'docente', NULL, 'no_visible', 'inactivo'),
(253, '2015-07-08 00:11:59', '7262333', 'c7611758bcb9ab66eb00a92750cdc285992360d4', 'Carlos', 'Machado', '', '', '', 5, '', NULL, 'no_visible', 'inactivo'),
(254, '2015-07-08 00:11:59', '7352958', 'b8cc4f8c06fcaae96420beb4fba65c69d351e8b4', 'Castillo Desiree', 'Delgado de', '', '', '', 5, 'docente', NULL, 'no_visible', 'inactivo'),
(255, '2015-07-08 00:11:59', '7436881', '4f9a15cab507a99c1fed64b4f9006ee65ae8464a', 'Ana', 'Aguilera Faraco', '', '', '', 5, 'docente', NULL, 'no_visible', 'inactivo'),
(256, '2015-07-08 00:11:59', '7538127', '0f4f86646d6ca2be603e4fc4ab4465727f8988b2', 'Pedro', 'Linares Herrera', '', '', '', 5, 'docente', NULL, 'no_visible', 'inactivo'),
(294, '2015-07-08 00:11:59', '7560867', '4e060fe582069c7f39161ff7d89f507dbf515d78', 'José', 'Granado', '', '', '', 5, 'obrero', NULL, 'no_visible', 'activo'),
(257, '2016-04-07 17:12:33', '7569635', '74ddb20ea1850a51571621a190db3d97ce1677ee', 'Jorge L.', 'Marval Frontado', 'Jefe Sectorial   de Presu', '', '04124509490', 5, 'administrativo', '', 'asistente_dep', 'activo'),
(258, '2015-07-08 00:11:59', '7731949', '21e6518579590bae50081d8849e15948eba1cd8b', 'Xiomara', 'Cardozo R.', '', '', '', 5, 'docente', NULL, 'no_visible', 'inactivo'),
(259, '2015-07-08 00:11:59', '8007908', '3bd9b05ab768217e9781cb6a1cb236a7594cd2cf', 'Maria', 'Guevara Matheus', '', '', '', 5, 'docente', NULL, 'no_visible', 'inactivo'),
(260, '2015-07-08 00:11:59', '8019647', 'c3a05964d533e20c22709df691029da410dab45d', 'Jose', 'Albornoz ', '', '', '', 5, 'docente', NULL, 'no_visible', 'inactivo'),
(261, '2015-07-08 00:11:59', '8044677', 'a790b697b9f9f28c30ae0c916209f971b559d091', 'Mirella', 'Herrera Colmenares', '', '', '', 5, 'docente', NULL, 'no_visible', 'inactivo'),
(262, '2015-07-08 00:11:59', '8217801', 'c381bfe30a79b8054e0649473713da167e772dbc', 'Jose', 'Guaregua Marquez', '', '', '', 5, 'docente', NULL, 'no_visible', 'inactivo'),
(263, '2016-02-04 17:08:44', '8254206', 'c62102f24de6491d2a0c1645688afb599e0ad8e1', 'Jose', 'Marcano Chivico', 'Decano', 'jmarcano1967@gmail.com', '04128530463', 5, 'docente', '', 'autoridad', 'activo'),
(264, '2015-07-08 00:11:59', '84322224', 'f21fab8ac877c48eaf549632cc4f68e9d4dfb803', 'Toma', 'Ronaldo', '', '', '', 5, 'docente', NULL, 'no_visible', 'inactivo'),
(265, '2015-07-08 00:11:59', '8603641', '4be5eaea932000595167c0044612490cd43ae544', 'Farran Ana', 'Armas de', '', '', '', 5, 'administrativo', NULL, 'no_visible', 'inactivo'),
(266, '2015-07-08 00:11:59', '8611660', '0a517081eaaad762dd54223350f8941b06c98297', 'Dinarle', 'Ortega ', '', '', '', 5, 'docente', NULL, 'no_visible', 'inactivo'),
(267, '2016-02-03 15:05:05', '8668239', '43b22375090d4a31e0f9a4808565411909e45bae', 'Jaidin', 'Nuñez', 'Jefe Sectorial de Recurso', 'nunezj@uc.edu.ve', '04127538172', 20, 'administrativo', '', 'director_dep', 'activo');
INSERT INTO `dec_usuario` (`ID`, `TIME`, `id_usuario`, `password`, `nombre`, `apellido`, `cargo`, `email`, `telefono`, `id_dependencia`, `tipo`, `observacion`, `sys_rol`, `status`) VALUES
(268, '2015-07-08 00:11:59', '8669391', 'fc160f65ba00bbc04696748c0158c08d2c42b146', 'Beatriz', 'Moy Fajardo', '', '', '', 5, 'administrativo', NULL, 'no_visible', 'inactivo'),
(298, '2015-07-08 00:11:59', '8711369', '8332c49b18c9e4ee9beb225627185ced922aa7a0', 'Adelso', 'Mendez ', 'Mensajero Externo', '', '', 5, 'obrero', NULL, 'no_visible', 'activo'),
(269, '2015-07-08 00:11:59', '8730138', '67b0a27b8ba718fa0efca54f3defcfb91a893e7b', 'Infante Aracelis', 'Hernandez de', '', '', '', 5, 'docente', NULL, 'no_visible', 'inactivo'),
(270, '2015-07-08 00:11:59', '8795671', '459d2d74b36873d8960da3f26a1d534e5aaf7a06', 'Saba', 'Infante Quirpa', '', '', '', 5, 'docente', NULL, 'no_visible', 'inactivo'),
(271, '2015-07-08 00:11:59', '8837384', '77ae1bd9812a3043cbe4c80eec694845636e4096', 'Arturo', 'Lopez', '', '', '', 5, '', NULL, 'no_visible', 'inactivo'),
(272, '2015-07-08 00:11:59', '8839237', 'fbecb62d11823826fb9d39e4dfe1a19bad73d8f6', 'Luis', 'Matos Sanchez', '', '', '', 5, 'administrativo', NULL, 'no_visible', 'inactivo'),
(273, '2016-04-11 12:06:09', '8841651', '9a9a3f8c234f3fadaf61a54d5e3c2adece89f3e2', 'Marylin', 'Giugni', 'Administrador del sistema', '', '375205', 3, 'docente', '', 'autoridad', 'activo'),
(274, '2015-07-08 00:11:59', '9173005', 'c54103cadedf041e9de33ca846fd30d0bbf54dea', 'Richard', 'Barrios ', '', '', '', 5, 'docente', NULL, 'no_visible', 'inactivo'),
(275, '2015-07-08 00:11:59', '9212276', '35410b67ec77278d1d9f571d651f8155a4d95328', 'Jorge', 'Castellanos Diaz', '', '', '', 5, 'docente', NULL, 'no_visible', 'inactivo'),
(276, '2015-07-08 00:11:59', '9277997', '0dfcff4a974e47e718c41db5d96920254aa7dee5', 'José', 'Gomez', '', '', '', 5, 'administrativo', NULL, 'no_visible', 'inactivo'),
(277, '2015-07-08 00:11:59', '9311496', '2a31dc1af76fec4a94dd1ec0271b9e0652aac83d', 'Rivas', 'Loyda J.', '', '', '', 5, 'docente', NULL, 'no_visible', 'inactivo'),
(278, '2015-07-08 00:11:59', '9349387', '428d845e8031e4b37c0c6213e0be53dc9c5336f6', 'Miguel', 'Rodriguez Rodriguez', '', '', '', 5, 'docente', NULL, 'no_visible', 'inactivo'),
(279, '2015-07-08 00:11:59', '9413599', '1becc4f2058e4b960a28ac888ba1b198e9c85f52', 'Miryelis', 'Rojas Caruci', '', '', '', 5, 'docente', NULL, 'no_visible', 'inactivo'),
(280, '2015-07-08 00:11:59', '9435975', '99d4eac44f11d47a6b097a691b1d21597735bf62', 'Carlos', 'Linares Aponte', '', '', '', 5, 'docente', NULL, 'no_visible', 'inactivo'),
(281, '2016-01-27 17:46:39', '9449314', '6e885668de4e05b0eda630b91587088131f834f4', 'Willin', 'Alvarez ', 'Director de Estudios para', '', '', 5, 'docente', '', 'asistente_dep', 'activo'),
(282, '2015-07-08 00:11:59', '9489872', '7717eefe2718d08d9cf94816531f98a03006d0ac', 'Pimali', 'Felibertt Sanabria', '', '', '', 5, 'docente', NULL, 'no_visible', 'inactivo'),
(283, '2015-07-08 00:11:59', '9588017', '00f0eb65f49f53367b5333249c703f1d2283e4ae', 'Luis', 'Rodriguez Jose', '', '', '', 5, '', NULL, 'no_visible', 'inactivo'),
(284, '2015-07-08 00:11:59', '9608943', '3fd9dc9b257885309e87fe9de6158a4df6e91f12', 'William', 'Palmero P.', '', '', '', 5, 'administrativo', NULL, 'no_visible', 'inactivo'),
(285, '2015-07-08 00:11:59', '9663251', 'c0e3987666e56089e7d5d26129082ff542bb66b5', 'Jorge', 'Rodriguez Rojas', '', '', '', 5, 'docente', NULL, 'no_visible', 'inactivo'),
(286, '2015-07-08 00:11:59', '9959898', '6e175d4f4fe8dad82df9967efb229ab075a90062', 'Silva Rafael', 'Fernandez Da', '', '', '', 5, 'docente', NULL, 'no_visible', 'inactivo'),
(287, '2015-07-08 00:11:59', '9966192', '0e35ab62f2eed5e73a5a148d014d7bceebc24690', 'Jose', 'Rodriguez Q', '', '', '', 5, 'docente', NULL, 'no_visible', 'inactivo');


INSERT INTO `alm_solicitud` (`ID`, `TIME`, `id_usuario`, `nr_solicitud`, `status`, `observacion`, `fecha_gen`, `fecha_comp`) VALUES
(1, '2016-02-05 15:36:30', '13989244', '000000001', 'completado', 'Necesitamos Papel Higuienico pero no lo consegui en el listado del Paso 1. Gracias', '2016-01-29 15:31:54', '2016-02-05 15:36:30'),
(2, '2016-01-29 16:35:45', '10131920', '000000002', 'completado', 'Solicitud de la Prof. Marylin Giugni (Dpto. de Computación)', '2016-01-29 16:24:01', '2016-01-29 16:35:45'),
(3, '2016-02-29 13:44:38', '8841651', '000000003', 'completado', '', '2016-02-02 15:33:46', '2016-02-29 13:44:38'),
(4, '2016-02-03 13:32:18', '10701349', '000000004', 'completado', '', '2016-02-02 15:38:04', '2016-02-03 13:32:18'),
(5, '2016-02-03 13:34:11', '10701349', '000000005', 'completado', '', '2016-02-02 15:43:43', '2016-02-03 13:34:11'),
(6, '2016-02-03 13:35:34', '10701349', '000000006', 'completado', '', '2016-02-02 15:45:10', '2016-02-03 13:35:34'),
(7, '2016-02-03 14:55:36', '10701349', '000000007', 'completado', 'Solicitud realizada por Miguel Escalona', '2016-02-03 13:37:33', '2016-02-03 14:55:36'),
(8, '2016-02-10 14:39:03', '10701349', '000000008', 'completado', 'Trabajos realizados en Física Computacional, Dpto. de Física', '2016-02-03 14:10:04', '2016-02-10 14:39:03'),
(9, '2016-02-03 16:49:27', '8668239', '000000009', 'completado', 'falto por entregar papel para impresora oficio y el cuaderno foliado por no haber en existencia', '2016-02-03 15:11:19', '2016-02-03 16:49:27'),
(10, '2016-02-03 15:48:33', '10701349', '000000010', 'completado', '', '2016-02-03 15:23:54', '2016-02-03 15:48:33'),
(11, '2016-02-03 15:44:46', '10701349', '000000011', 'completado', '', '2016-02-03 15:36:04', '2016-02-03 15:44:46'),
(12, '2016-02-04 15:25:11', '10228698', '000000012', 'completado', '', '2016-02-03 18:21:38', '2016-02-04 15:25:11'),
(13, '2016-02-05 18:19:45', '13988151', '000000013', 'completado', '', '2016-02-03 18:59:11', '2016-02-05 06:19:45'),
(14, '2016-02-03 19:01:06', '17986853', '000000014', 'carrito', '', '2016-02-03 19:01:06', NULL),
(15, '2016-02-04 18:56:13', '8841651', '000000015', 'completado', '', '2016-02-04 14:31:43', '2016-02-04 06:56:13'),
(16, '2016-02-04 18:56:51', '8841651', '000000016', 'completado', 'Para reparar lavamano de dirección', '2016-02-04 14:36:03', '2016-02-04 06:56:51'),
(17, '2016-02-05 18:26:53', '10701349', '000000017', 'en_proceso', '', '2016-02-04 15:11:06', NULL),
(18, '2016-02-04 15:34:43', '10228698', '000000018', 'completado', '', '2016-02-04 15:30:20', '2016-02-04 15:34:43'),
(19, '2016-02-10 13:17:35', '7012556', '000000019', 'completado', '', '2016-02-04 16:31:17', '2016-02-10 13:17:35'),
(20, '2016-02-11 14:03:17', '10233908', '000000020', 'completado', 'Para uso interno de la dirección de Postgrado.', '2016-02-04 16:33:56', '2016-02-11 14:03:17'),
(21, '2016-02-10 13:17:52', '7012556', '000000021', 'completado', '', '2016-02-04 16:34:20', '2016-02-10 13:17:52'),
(22, '2016-02-10 14:32:13', '10701349', '000000022', 'completado', '', '2016-02-05 18:39:49', '2016-02-10 14:32:13'),
(23, '2016-02-11 17:59:37', '14382083', '000000023', 'completado', '', '2016-02-10 15:36:02', '2016-02-11 05:59:37'),
(24, '2016-03-17 17:55:36', '8841651', '000000024', 'completado', '', '2016-02-10 15:39:53', '2016-03-17 05:55:36'),
(25, '2016-02-10 15:48:59', '14382083', '000000025', 'en_proceso', '', '2016-02-10 15:43:44', NULL),
(26, '2016-02-24 16:25:13', '14162837', '000000026', 'completado', 'Para colocar en las puertas de bombonas para mayor refuerzo', '2016-02-11 13:59:28', '2016-02-24 16:25:13'),
(27, '2016-02-11 15:24:20', '10701349', '000000027', 'completado', '', '2016-02-11 14:46:07', '2016-02-11 15:24:20'),
(28, '2016-02-11 17:05:36', '10701349', '000000028', 'completado', '', '2016-02-11 15:40:12', '2016-02-11 17:05:36'),
(29, '2016-02-11 17:12:23', '10701349', '000000029', 'completado', '', '2016-02-11 15:44:36', '2016-02-11 17:12:23'),
(30, '2016-02-11 17:13:24', '10701349', '000000030', 'completado', 'Solicitud de granados, para ser utilizados en el Lab. Biología Ecología Marina', '2016-02-11 15:47:06', '2016-02-11 17:13:24'),
(31, '2016-02-11 17:13:44', '10701349', '000000031', 'aprobada', 'Solicitado por el Sr. Galea', '2016-02-11 15:50:27', NULL),
(32, '2016-02-16 16:04:41', '14382083', '000000032', 'completado', '', '2016-02-12 15:47:11', '2016-02-16 16:04:41'),
(33, '2016-03-01 18:28:12', '10701349', '000000033', 'completado', '', '2016-02-15 14:54:27', '2016-03-01 06:28:12'),
(34, '2016-02-17 13:56:34', '10701349', '000000034', 'completado', '', '2016-02-16 15:32:59', '2016-02-17 13:56:34'),
(35, '2016-02-22 15:08:21', '10577808', '000000035', 'completado', '', '2016-02-16 16:22:20', '2016-02-22 15:08:21'),
(36, '2016-02-17 13:41:41', '10701349', '000000036', 'completado', '', '2016-02-17 13:34:25', '2016-02-17 13:41:41'),
(37, '2016-03-01 18:28:00', '10701349', '000000037', 'completado', '', '2016-02-17 13:50:35', '2016-03-01 06:28:00'),
(38, '2016-02-17 15:00:25', '10701349', '000000038', 'completado', '', '2016-02-17 13:51:29', '2016-02-17 15:00:25'),
(39, '2016-02-17 14:28:42', '10131920', '000000039', 'completado', 'Arreglo para biblioteca', '2016-02-17 14:25:40', '2016-02-17 14:28:42'),
(40, '2016-02-22 17:52:35', '17316466', '000000040', 'completado', '', '2016-02-17 14:35:20', '2016-02-22 05:52:35'),
(41, '2016-02-17 15:49:07', '14162837', '000000041', 'en_proceso', 'Para el Laboratorio de Microbiologia (Docencia I)', '2016-02-17 15:49:03', NULL),
(42, '2016-04-04 12:55:13', '8841651', '000000042', 'en_proceso', '', '2016-02-18 13:34:43', NULL),
(43, '2016-03-10 14:02:51', '11364017', '000000043', 'completado', '', '2016-02-22 12:53:38', '2016-03-10 14:02:51'),
(44, '2016-02-22 13:43:06', '10701349', '000000044', 'completado', '', '2016-02-22 13:32:53', '2016-02-22 13:43:06'),
(45, '2016-03-03 13:19:41', '7084323', '000000045', 'completado', 'Solicitud de un paquete de vasos cónicos', '2016-02-22 14:14:29', '2016-03-03 13:19:41'),
(46, '2016-02-22 15:14:57', '17032400', '000000046', 'completado', '', '2016-02-22 15:08:17', '2016-02-22 15:14:57'),
(47, '2016-02-24 13:55:32', '8668239', '000000047', 'completado', '', '2016-02-22 18:17:17', '2016-02-24 13:55:32'),
(48, '2016-02-24 13:55:03', '17032400', '000000048', 'completado', '', '2016-02-22 18:35:36', '2016-02-24 13:55:03'),
(49, '2016-03-01 14:37:10', '10228698', '000000049', 'completado', 'Esta solicitud se requiere para la oficina de la Coordinaciòn de Cultura de la Direcciòn de Extensiòn ', '2016-02-23 16:45:31', '2016-03-01 14:37:10'),
(50, '2016-03-01 17:00:47', '10701349', '000000050', 'aprobada', '', '2016-02-26 14:13:59', NULL),
(51, '2016-02-29 16:59:28', '10701349', '000000051', 'completado', '', '2016-02-29 16:53:04', '2016-02-29 16:59:28'),
(52, '2016-03-01 15:27:00', '10701349', '000000052', 'completado', '', '2016-03-01 13:50:29', '2016-03-01 15:27:00'),
(53, '2016-03-01 14:23:59', '10577808', '000000053', 'en_proceso', 'Se requiere:\n 1 toner para impresora HP Laserjet P2015dn (cartuchos recargables)\n1 toner para fotocopiadora Canon imagerunner 1310\n\nAmbos dispositivos se ubican en la oficina de la Dirección del Departamento de Biología', '2016-03-01 14:23:54', NULL),
(54, '2016-03-01 18:08:23', '10701349', '000000054', 'completado', '', '2016-03-01 17:19:17', '2016-03-01 06:08:23'),
(55, '2016-03-01 18:08:36', '10701349', '000000055', 'completado', '', '2016-03-01 17:20:13', '2016-03-01 06:08:36'),
(56, '2016-03-04 14:00:51', '10701349', '000000056', 'completado', '', '2016-03-02 15:18:16', '2016-03-04 14:00:51'),
(57, '2016-03-03 16:25:23', '10701349', '000000057', 'completado', '', '2016-03-03 13:07:21', '2016-03-03 16:25:23'),
(58, '2016-04-22 14:39:02', '10701349', '000000058', 'completado', '', '2016-03-03 15:27:12', '2016-04-22 14:39:02'),
(59, '2016-03-07 13:11:53', '10701349', '000000059', 'completado', '', '2016-03-03 15:58:19', '2016-03-07 13:11:53'),
(60, '2016-03-03 16:17:52', '11155728', '000000060', 'carrito', '', '2016-03-03 16:17:52', NULL),
(61, '2016-03-07 13:12:13', '10131920', '000000061', 'completado', '', '2016-03-07 13:04:55', '2016-03-07 13:12:13'),
(62, '2016-03-07 13:15:59', '10131920', '000000062', 'completado', 'Matemática y Física', '2016-03-07 13:08:36', '2016-03-07 13:15:59'),
(63, '2016-03-07 14:27:33', '10131920', '000000063', 'aprobada', '', '2016-03-07 13:14:40', NULL),
(64, '2016-03-07 13:40:46', '10131920', '000000064', 'en_proceso', 'Matematica', '2016-03-07 13:40:38', NULL),
(65, '2016-03-07 14:39:23', '10131920', '000000065', 'en_proceso', '', '2016-03-07 14:39:20', NULL),
(66, '2016-03-08 18:01:31', '10701349', '000000066', 'completado', '', '2016-03-07 14:39:52', '2016-03-08 06:01:31'),
(67, '2016-03-07 15:39:44', '10701349', '000000067', 'completado', '', '2016-03-07 15:16:40', '2016-03-07 15:39:44'),
(68, '2016-03-07 15:40:21', '13588340', '000000068', 'completado', '', '2016-03-07 15:34:02', '2016-03-07 15:40:21'),
(69, '2016-03-14 15:38:14', '11359154', '000000069', 'completado', '', '2016-03-07 15:42:05', '2016-03-14 15:38:14'),
(70, '2016-03-08 13:45:35', '10228698', '000000070', 'completado', '', '2016-03-07 15:58:52', '2016-03-08 13:45:35'),
(71, '2016-03-08 14:40:30', '10701349', '000000071', 'completado', '', '2016-03-08 14:18:55', '2016-03-08 14:40:30'),
(72, '2016-03-14 14:17:40', '17032400', '000000072', 'completado', '', '2016-03-14 14:02:42', '2016-03-14 14:17:40'),
(73, '2016-03-16 15:15:57', '13588340', '000000073', 'completado', '', '2016-03-15 13:28:17', '2016-03-16 15:15:57'),
(74, '2016-04-07 15:55:27', '11809738', '000000074', 'completado', '', '2016-03-16 12:29:34', '2016-04-07 15:55:27'),
(75, '2016-04-07 15:55:48', '11809738', '000000075', 'completado', '', '2016-03-16 12:30:38', '2016-04-07 15:55:48'),
(76, '2016-04-07 15:56:45', '11809738', '000000076', 'completado', '', '2016-03-16 12:58:45', '2016-04-07 15:56:45'),
(77, '2016-03-16 15:02:32', '14162837', '000000077', 'completado', '', '2016-03-16 13:11:57', '2016-03-16 15:02:32'),
(78, '2016-03-16 15:02:45', '14162837', '000000078', 'completado', '', '2016-03-16 13:15:49', '2016-03-16 15:02:45'),
(79, '2016-04-07 14:58:09', '13588340', '000000079', 'completado', '', '2016-03-16 13:22:14', '2016-04-07 14:58:09'),
(80, '2016-03-16 13:24:48', '14162837', '000000080', 'en_proceso', 'Para lavado de material de vidrieria en el laboratorio de docencia I Microbiología', '2016-03-16 13:24:44', NULL),
(81, '2016-03-16 14:35:30', '10701349', '000000081', 'completado', '', '2016-03-16 14:32:09', '2016-03-16 14:35:30'),
(82, '2016-03-16 14:36:50', '10701349', '000000082', 'completado', 'Para Jesús de Telemática', '2016-03-16 14:33:14', '2016-03-16 14:36:50'),
(83, '2016-04-07 15:04:25', '10701349', '000000083', 'completado', '', '2016-03-28 15:42:33', '2016-04-07 15:04:25'),
(84, '2016-04-13 18:14:53', '17316466', '000000084', 'completado', '', '2016-03-28 15:43:36', '2016-04-13 06:14:53'),
(85, '2016-04-13 18:17:14', '10701349', '000000085', 'completado', '', '2016-03-29 13:38:51', '2016-04-13 06:17:14'),
(86, '2016-04-07 15:00:02', '10701349', '000000086', 'completado', '', '2016-03-30 14:32:24', '2016-04-07 15:00:02'),
(87, '2016-04-08 18:50:50', '8841651', '000000087', 'completado', '', '2016-04-04 12:56:36', '2016-04-08 06:50:50'),
(88, '2016-04-22 13:29:12', '8841651', '000000088', 'completado', '', '2016-04-04 12:59:16', '2016-04-22 13:29:12'),
(89, '2016-04-07 15:09:26', '10701349', '000000089', 'completado', '', '2016-04-07 15:05:35', '2016-04-07 15:09:26'),
(90, '2016-04-07 15:15:38', '10701349', '000000090', 'completado', '', '2016-04-07 15:07:12', '2016-04-07 15:15:38'),
(91, '2016-04-21 15:25:32', '13588340', '000000091', 'completado', '', '2016-04-07 15:53:12', '2016-04-21 15:25:32'),
(92, '2016-04-07 18:21:48', '10701349', '000000092', 'completado', '', '2016-04-07 16:14:35', '2016-04-07 06:21:48'),
(93, '2016-04-22 13:26:58', '11364017', '000000093', 'completado', '', '2016-04-08 14:47:14', '2016-04-22 13:26:58'),
(94, '2016-04-22 14:38:28', '7122700', '000000094', 'completado', 'se requiere a parte de lo solicitado en vista que no aparecen en las opciones:\n2 paños amarillos\n1 cera\n1 jabón en polvo \n1 pala plástica\n1 carro mopero', '2016-04-08 15:59:34', '2016-04-22 14:38:28'),
(95, '2016-04-13 18:18:12', '8841651', '000000095', 'completado', '', '2016-04-11 12:03:46', '2016-04-13 06:18:12'),
(96, '2016-04-11 15:37:15', '10701349', '000000096', 'en_proceso', '', '2016-04-11 15:37:12', NULL),
(97, '2016-04-21 13:23:17', '13588340', '000000097', 'completado', '', '2016-04-13 13:36:20', '2016-04-21 13:23:17'),
(98, '2016-04-22 15:46:54', '10228698', '000000098', 'completado', '', '2016-04-21 13:42:07', '2016-04-22 15:46:54'),
(99, '2016-04-21 15:38:59', '13588340', '000000099', 'completado', '', '2016-04-21 15:22:31', '2016-04-21 15:38:59'),
(100, '2016-04-22 14:04:10', '10701349', '000000100', 'completado', '', '2016-04-22 12:25:16', '2016-04-22 14:04:10'),
(101, '2016-04-26 16:39:03', '10701349', '000000101', 'completado', '', '2016-04-22 12:30:04', '2016-04-26 16:39:03'),
(102, '2016-04-22 15:35:23', '10701349', '000000102', 'completado', '', '2016-04-22 12:35:37', '2016-04-22 15:35:23'),
(103, '2016-04-22 15:34:19', '10701349', '000000103', 'completado', '', '2016-04-22 14:14:33', '2016-04-22 15:34:19'),
(104, '2016-04-25 14:25:00', '10701349', '000000104', 'completado', '', '2016-04-22 15:03:21', '2016-04-25 14:25:00'),
(105, '2016-04-25 15:39:54', '6484055', '000000105', 'completado', 'unión instalada.', '2016-04-25 15:29:36', '2016-04-25 15:39:54'),
(106, '2016-04-25 15:40:08', '6484055', '000000106', 'completado', 'solicitado por zerpa', '2016-04-25 15:32:34', '2016-04-25 15:40:08'),
(107, '2016-04-25 15:40:59', '6484055', '000000107', 'completado', 'REJILLA AIRE ACONDICIONADO DEL AULA B-04. LAS DOS LLAVES ESTAN EN RECEPCIÓN', '2016-04-25 15:34:24', '2016-04-25 15:40:59'),
(108, '2016-04-25 15:41:48', '6484055', '000000108', 'completado', 'ENTREGADA AL SR. GALEA', '2016-04-25 15:36:43', '2016-04-25 15:41:48'),
(109, '2016-04-26 15:14:02', '17032400', '000000109', 'completado', '', '2016-04-25 18:53:35', '2016-04-26 15:14:02'),
(110, '2016-04-26 15:28:54', '10701349', '000000110', 'completado', '', '2016-04-26 13:41:28', '2016-04-26 15:28:54'),
(111, '2016-04-26 15:30:34', '10701349', '000000111', 'completado', '', '2016-04-26 13:55:15', '2016-04-26 15:30:34');


--
-- Volcado de datos para la tabla `alm_articulo`
--

INSERT INTO `alm_articulo` (`ID`, `TIME`, `cod_articulo`, `unidad`, `descripcion`, `ACTIVE`, `imagen`, `usados`, `nuevos`, `reserv`, `peso_kg`, `dimension_cm`, `nivel_reab`, `stock_min`, `stock_max`) VALUES
(1, '2015-12-18 16:20:37', '92090', 'UNIDAD', 'DISCOS VIDEOS DIGITALES (DVD)', 0, 'NULL', 0, 0, 0, 0, 'NULL', 0, 0, 0),
(2, '2015-12-18 16:20:37', '177480', 'UNIDAD', 'DISCOS COMPACTOS (CD) VIRGEN', 1, 'NULL', 0, 49, 0, 0, 'NULL', 0, 0, 0),
(3, '2015-12-18 16:20:37', '177490', 'UNIDAD', 'ESTUCHE PARA DISCOS COMPACTOS', 1, 'NULL', 0, 81, 0, 0, 'NULL', 0, 0, 0),
(4, '2015-12-18 16:20:37', '161155', 'UNIDAD', 'PEGA BLANCA', 0, 'NULL', 0, 0, 0, 0, 'NULL', 0, 0, 0),
(5, '2016-02-03 19:06:26', '163963', 'UNIDAD', 'CINTA PLASTICA', 0, 'NULL', 0, 0, 0, 0, 'NULL', 0, 0, 0),
(6, '2015-12-18 16:20:37', '163960', 'UNIDAD', 'CINTA ADHESIVA GRANDE 3/4, X 36', 0, 'NULL', 0, 0, 0, 0, 'NULL', 0, 0, 0),
(7, '2015-12-18 16:20:37', '163961', 'UNIDAD', 'TIRRO', 0, 'NULL', 0, 0, 0, 0, 'NULL', 0, 0, 0),
(8, '2015-12-18 16:20:37', '102581', 'UNIDAD', 'PORTA TARJETAS', 1, 'NULL', 0, 3, 0, 0, 'NULL', 0, 0, 0),
(9, '2015-12-18 16:20:37', '102220', 'UNIDAD', 'PORTA LAPIZ', 1, 'NULL', 0, 0, 0, 0, 'NULL', 0, 0, 0),
(10, '2015-12-18 16:20:37', '102582', 'UNIDAD', 'PORTA MEMOS', 1, 'NULL', 0, 1, 0, 0, 'NULL', 0, 0, 0),
(11, '2015-12-18 16:20:37', '103041', 'UNIDAD', 'MARCADORES ACRILICOS P/PIZARRAS ACRILICAS', 0, 'NULL', 0, 0, 0, 0, 'NULL', 0, 0, 0),
(12, '2015-12-18 16:20:37', '1030410', 'UNIDAD', 'MARCADORES ACRILICOS P/PIZARRAS ACRILICAS NEGRO', 1, 'NULL', 0, 105, 0, 0, 'NULL', 0, 0, 0),
(13, '2015-12-18 16:20:37', '1030411', 'UNIDAD', 'MARCADORES ACRILICOS P/PIZARRAS ACRILICAS AZUL', 1, 'NULL', 0, 140, 0, 0, 'NULL', 0, 0, 0),
(14, '2015-12-18 16:20:37', '1030412', 'UNIDAD', 'MARCADORES ACRILICOS P/PIZARRAS ACRILICAS ROJO', 0, 'NULL', 0, 0, 0, 0, 'NULL', 0, 0, 0),
(15, '2015-12-18 16:20:37', '179660', 'UNIDAD', 'BORRADORES DE PIZARRA ACRILICA', 1, 'NULL', 0, 0, 0, 0, 'NULL', 0, 0, 0),
(16, '2015-12-18 16:20:37', '103040', 'UNIDAD', 'MARCADOR DE TINTA INDELEBLE', 0, 'NULL', 0, 0, 0, 0, 'NULL', 0, 0, 0),
(17, '2015-12-18 16:20:37', '1030400', 'UNIDAD', 'MARCADOR DE TINTA INDELEBLE NEGRO', 0, 'NULL', 0, 0, 0, 0, 'NULL', 0, 0, 0),
(18, '2015-12-18 16:20:37', '1030401', 'UNIDAD', 'MARCADOR DE TINTA INDELEBLE AZUL', 1, 'NULL', 0, 0, 0, 0, 'NULL', 0, 0, 0),
(19, '2015-12-18 16:20:37', '1030402', 'UNIDAD', 'MARCADOR DE TINTA INDELEBLE ROJO', 1, 'NULL', 0, 9, 0, 0, 'NULL', 0, 0, 0),
(20, '2015-12-18 16:20:37', '164010', 'UNIDAD', 'BOLIGRAFOS', 0, 'NULL', 0, 0, 0, 0, 'NULL', 0, 0, 0),
(21, '2015-12-18 16:20:37', '1640100', 'UNIDAD', 'BOLIGRAFOS NEGRO', 1, 'NULL', 0, 1, 0, 0, 'NULL', 0, 0, 0),
(22, '2015-12-18 16:20:37', '1640101', 'UNIDAD', 'BOLIGRAFOS AZUL', 0, 'NULL', 0, 0, 0, 0, 'NULL', 0, 0, 0),
(23, '2015-12-18 16:20:37', '1640102', 'UNIDAD', 'BOLIGRAFOS ROJO', 1, 'NULL', 0, 4, 0, 0, 'NULL', 0, 0, 0),
(24, '2015-12-18 16:20:37', '103031', 'UNIDAD', 'LAPIZ DE GRAFITO 2B (12 UNID)', 0, 'NULL', 0, 0, 0, 0, 'NULL', 0, 0, 0),
(25, '2015-12-18 16:20:37', '179661', 'UNIDAD', 'BORRADOR DE PIZARRON', 1, 'NULL', 0, 3, 0, 0, 'NULL', 0, 0, 0),
(26, '2015-12-18 16:20:37', '103043', 'UNIDAD', 'MARCADOR ULTRAFINO', 0, 'NULL', 0, 0, 0, 0, 'NULL', 0, 0, 0),
(27, '2015-12-18 16:20:37', '1030430', 'UNIDAD', 'MARCADOR ULTRAFINO NEGRO', 0, 'NULL', 0, 0, 0, 0, 'NULL', 0, 0, 0),
(28, '2015-12-18 16:20:37', '1030431', 'UNIDAD', 'MARCADOR ULTRAFINO AZUL', 0, 'NULL', 0, 0, 0, 0, 'NULL', 0, 0, 0),
(29, '2015-12-18 16:20:37', '1030432', 'UNIDAD', 'MARCADOR ULTRAFINO ROJO', 1, 'NULL', 3, 66, 0, 0, 'NULL', 0, 0, 0),
(30, '2015-12-18 16:20:37', '103044', 'UNIDAD', 'MARCADOR PUNTA FINA', 0, 'NULL', 0, 0, 0, 0, 'NULL', 0, 0, 0),
(31, '2015-12-18 16:20:37', '1030440', 'UNIDAD', 'MARCADOR PUNTA FINA NEGRO', 0, 'NULL', 0, 0, 0, 0, 'NULL', 0, 0, 0),
(32, '2015-12-18 16:20:37', '1030441', 'UNIDAD', 'MARCADOR PUNTA FINA AZUL', 0, 'NULL', 0, 0, 0, 0, 'NULL', 0, 0, 0),
(33, '2015-12-18 16:20:37', '1030442', 'UNIDAD', 'MARCADOR PUNTA FINA ROJO', 1, 'NULL', 0, 33, 0, 0, 'NULL', 0, 0, 0),
(34, '2015-12-18 16:20:37', '103042', 'UNIDAD', 'RESALTADORES DE COLORES VARIOS', 0, 'NULL', 0, 0, 0, 0, 'NULL', 0, 0, 0),
(35, '2015-12-18 16:20:37', '1030420', 'UNIDAD', 'RESALTADORES DE COLORES VARIOS AMARILLO', 1, 'NULL', 0, 8, 0, 0, 'NULL', 0, 0, 0),
(36, '2015-12-18 16:20:37', '1030421', 'UNIDAD', 'RESALTADORES DE COLORES VARIOS AZUL', 1, 'NULL', 0, 12, 0, 0, 'NULL', 0, 0, 0),
(37, '2015-12-18 16:20:37', '1030422', 'UNIDAD', 'RESALTADORES DE COLORES VARIOS VERDE', 1, 'NULL', 0, 12, 0, 0, 'NULL', 0, 0, 0),
(38, '2015-12-18 16:20:37', '1030423', 'UNIDAD', 'RESALTADORES DE COLORES VARIOS ROSADO', 1, 'NULL', 0, 12, 0, 0, 'NULL', 0, 0, 0),
(39, '2015-12-18 16:20:37', '92480', 'UNIDAD', 'REGULADORES DE VOLTAJE PARA EQUIPOS DE COMPUTACION', 1, 'NULL', 0, 0, 0, 0, 'NULL', 0, 0, 0),
(40, '2015-12-18 16:20:37', '92530', 'UNIDAD', 'TECLADOS PS2', 0, 'NULL', 0, 0, 0, 0, 'NULL', 0, 0, 0),
(41, '2015-12-18 16:20:37', '92531', 'UNIDAD', 'TECLADOS MULTIMEDIAS', 0, 'NULL', 0, 0, 0, 0, 'NULL', 0, 0, 0),
(42, '2015-12-18 16:20:37', '92532', 'UNIDAD', 'TECLADOS USB', 0, 'NULL', 0, 0, 0, 0, 'NULL', 0, 0, 0),
(43, '2015-12-18 16:20:37', '9852', 'UNIDAD', 'LIBROS DE CONTABILIDAD', 0, 'NULL', 0, 0, 0, 0, 'NULL', 0, 0, 0),
(44, '2015-12-18 16:20:37', '98522', 'UNIDAD', 'LIBRO CONTABLE 2', 1, 'NULL', 0, 1, 0, 0, 'NULL', 0, 0, 0),
(45, '2015-12-18 16:20:37', '98523', 'UNIDAD', 'LIBRO CONTABLE 3', 1, 'NULL', 0, 1, 0, 0, 'NULL', 0, 0, 0),
(46, '2015-12-18 16:20:37', '9970', 'UNIDAD', 'LIBROS O CUADERNOS DE REGISTRO (GRANDE FOLIADO ACTA )', 0, 'NULL', 0, 0, 0, 0, 'NULL', 0, 0, 0),
(47, '2015-12-18 16:20:37', '9853', 'UNIDAD', 'LIBRETAINDICE EMPASTADO', 0, 'NULL', 0, 0, 0, 0, 'NULL', 0, 0, 0),
(48, '2015-12-18 16:20:37', '98530', 'UNIDAD', 'LIBRETA INDICE TELEFONICO PEQUENA', 1, 'NULL', 0, 0, 0, 0, 'NULL', 0, 0, 0),
(49, '2015-12-18 16:20:37', '98531', 'UNIDAD', 'LIBRETA INDICE TELEFONICO GRANDE', 1, 'NULL', 0, 1, 0, 0, 'NULL', 0, 0, 0),
(50, '2015-12-18 16:20:37', '9860', 'ROLLO', 'PAPEL 2 1/4, PARA CALCULADORA', 1, 'NULL', 0, 68, 0, 0, 'NULL', 0, 0, 0),
(51, '2015-12-18 16:20:37', '9800', 'ROLLO', 'PAPEL PARA FAX', 1, 'NULL', 0, 9, 0, 0, 'NULL', 0, 0, 0),
(52, '2015-12-18 16:20:37', '9871', 'UNIDAD', 'BLOCK RAYADO TAMANO CARTA', 0, 'NULL', 0, 0, 0, 0, 'NULL', 0, 0, 0),
(53, '2015-12-18 16:20:37', '179690', 'PAQUETE', 'SEPARADORES DE HOJAS (CAJA DE 30 JUEGOS)', 1, 'NULL', 0, 3, 0, 0, 'NULL', 0, 0, 0),
(54, '2015-12-18 16:20:37', '101993', 'UNIDAD', 'CARTUCHO DE TINTA COLOR NEGRO', 0, 'NULL', 0, 0, 0, 0, 'NULL', 0, 0, 0),
(55, '2015-12-18 16:20:37', '1019930', 'UNIDAD', 'CARTUCHO HP 23', 1, 'NULL', 0, 1, 0, 0, 'NULL', 0, 0, 0),
(56, '2015-12-18 16:20:37', '1019931', 'UNIDAD', 'CARTUCHO HP 28', 1, 'NULL', 0, 2, 0, 0, 'NULL', 0, 0, 0),
(57, '2015-12-18 16:20:37', '163827', 'UNIDAD', 'TONER PARA IMPRESORA Y FOTOCOPIADORA COLOR NEGRO', 0, 'NULL', 0, 0, 0, 0, 'NULL', 0, 0, 0),
(58, '2015-12-18 16:20:37', '1638270', 'UNIDAD', 'TONER CANON GPR-10', 1, 'NULL', 0, 1, 0, 0, 'NULL', 0, 0, 0),
(59, '2015-12-18 16:20:37', '1019932', 'UNIDAD', 'CARTUCHO DE TINTA EPSON LT300', 1, 'NULL', 0, 2, 0, 0, 'NULL', 0, 0, 0),
(60, '2015-12-18 16:20:37', '1638271', 'UNIDAD', 'TONER ELEDO ED511A', 1, 'NULL', 0, 1, 0, 0, 'NULL', 0, 0, 0),
(61, '2015-12-18 16:20:37', '1638272', 'UNIDAD', 'TONER INKO', 1, 'NULL', 0, 1, 0, 0, 'NULL', 0, 0, 0),
(62, '2015-12-18 16:20:37', '103371', 'CAJA', 'GRAPAS CORRUGADAS', 0, 'NULL', 0, 0, 0, 0, 'NULL', 0, 0, 0),
(63, '2015-12-18 16:20:37', '103370', 'CAJA', 'GRAPAS LISAS', 1, 'NULL', 0, 6, 0, 0, 'NULL', 0, 0, 0),
(64, '2015-12-18 16:20:37', '1033705', 'CAJA', 'GRAPAS 23/15', 1, 'NULL', 0, 12, 0, 0, 'NULL', 0, 0, 0),
(65, '2015-12-18 16:20:37', '1033707', 'CAJA', 'GRAPAS 23/17', 1, 'NULL', 0, 3, 0, 0, 'NULL', 0, 0, 0),
(66, '2015-12-18 16:20:37', '1033700', 'CAJA', 'GRAPAS 23/20', 1, 'NULL', 0, 2, 0, 0, 'NULL', 0, 0, 0),
(67, '2015-12-18 16:20:37', '1033706', 'CAJA', 'GRAPAS 26/06', 1, 'NULL', 0, 3, 0, 0, 'NULL', 0, 0, 0),
(68, '2015-12-18 16:20:37', '102871', 'UNIDAD', 'TIJERAS T/MEDIANO (PARA OFICINA)', 0, 'NULL', 0, 0, 0, 0, 'NULL', 0, 0, 0),
(69, '2015-12-18 16:20:37', '174240', 'UNIDAD', 'PASTA LIMPIATIPOS', 1, 'NULL', 0, 2, 0, 0, 'NULL', 0, 0, 0),
(70, '2015-12-18 16:20:37', '101360', 'UNIDAD', 'CINTA PARA CALCULADORA BICOLOR', 1, 'NULL', 0, 6, 0, 0, 'NULL', 0, 0, 0),
(71, '2015-12-18 16:20:37', '101310', 'UNIDAD', 'CONTADOR DE BILLETES', 1, 'NULL', 0, 1, 0, 0, 'NULL', 0, 0, 0),
(72, '2015-12-18 16:20:37', '3001', 'UNIDAD', 'TINTA PARA SELLOS HUMEDOS', 1, 'NULL', 0, 3, 0, 0, 'NULL', 0, 0, 0),
(73, '2015-12-18 16:20:37', '150920', 'UNIDAD', 'ALMOHADILLA PARA SELLOS', 1, 'NULL', 0, 3, 0, 0, 'NULL', 0, 0, 0),
(74, '2015-12-18 16:20:37', '30010', 'UNIDAD', 'TINTA PARA SELLOS HUMEDOS (ROLL ON / ROLON)', 1, 'NULL', 0, 10, 0, 0, 'NULL', 0, 0, 0),
(75, '2015-12-18 16:20:37', '103360', 'CAJA', 'CLIPS MARIPOSA', 0, 'NULL', 0, 0, 0, 0, 'NULL', 0, 0, 0),
(76, '2015-12-18 16:20:37', '1033620', 'CAJA', 'CLIPS BINDER 19MM', 1, 'NULL', 0, 1, 0, 0, 'NULL', 0, 0, 0),
(77, '2015-12-18 16:20:37', '1033621', 'CAJA', 'CLIPS BINDER 25MM', 1, 'NULL', 0, 2, 0, 0, 'NULL', 0, 0, 0),
(78, '2015-12-18 16:20:37', '1033622', 'CAJA', 'CLIPS BINDER 32MM', 1, 'NULL', 0, 3, 0, 0, 'NULL', 0, 0, 0),
(79, '2015-12-18 16:20:37', '1033623', 'CAJA', 'CLIPS BINDER 51MM', 1, 'NULL', 0, 1, 0, 0, 'NULL', 0, 0, 0),
(80, '2015-12-18 16:20:37', '103361', 'CAJA', 'CLIPS PARA PAPEL', 1, 'NULL', 0, 9, 0, 0, 'NULL', 0, 0, 0),
(81, '2015-12-18 16:20:37', '9960', 'PAQUETE', 'NOTAS ADHESIVAS REMOVIBLES', 1, 'NULL', 0, 0, 0, 0, 'NULL', 0, 0, 0),
(82, '2015-12-18 16:20:37', '101391', 'UNIDAD', 'LAMINAS PARA PLASTIFICAR CARNETS', 0, 'NULL', 0, 0, 0, 0, 'NULL', 0, 0, 0),
(83, '2015-12-18 16:20:37', '101392', 'UNIDAD', 'PORTA CARNETS', 1, 'NULL', 0, 43, 0, 0, 'NULL', 0, 0, 0),
(84, '2015-12-18 16:20:37', '102820', 'UNIDAD', 'PERFORADORA GRANDE (PARA USO DE OFICINA)', 1, 'NULL', 0, 0, 0, 0, 'NULL', 0, 0, 0),
(85, '2015-12-18 16:20:37', '103226', 'UNIDAD', 'CARPETAS MARRONES TAMA&Ntilde;O CARTA ( DE FIBRA PLASTIFICADA)', 1, 'NULL', 0, 3, 0, 0, 'NULL', 0, 0, 0),
(86, '2015-12-18 16:20:37', '103227', 'UNIDAD', 'CARPETAS MARRONES TAMA&Ntilde;O OFICIO (DE FIBRA PLASTIFICADA)', 1, 'NULL', 0, 53, 0, 0, 'NULL', 0, 0, 0),
(87, '2015-12-18 16:20:37', '103224', 'UNIDAD', 'CARPETAS MANILA TAMA&Ntilde;O CARTA', 1, 'NULL', 0, 10, 0, 0, 'NULL', 0, 0, 0),
(88, '2015-12-18 16:20:37', '103225', 'UNIDAD', 'CARPETAS MANILA TAMA&Ntilde;O OFICIO', 1, 'NULL', 0, 69, 0, 0, 'NULL', 0, 0, 0),
(89, '2015-12-18 16:20:37', '10372', 'UNIDAD', 'CARTULINA OPALINA', 1, 'NULL', 0, 13, 0, 0, 'NULL', 0, 0, 0),
(90, '2015-12-18 16:20:37', '103330', 'UNIDAD', 'CARPETAS CLASIFICADORAS DE FUELLE (ACORDEON)', 1, 'NULL', 0, 5, 0, 0, 'NULL', 0, 0, 0),
(91, '2015-12-18 16:20:37', '162170', 'BARRA', 'BARRAS DE SILICONA', 0, 'NULL', 0, 0, 0, 0, 'NULL', 0, 0, 0),
(92, '2015-12-18 16:20:37', '10375', 'UNIDAD', 'CARTULINA KIMBERLY', 1, 'NULL', 0, 582, 0, 0, 'NULL', 0, 0, 0),
(93, '2015-12-18 16:20:37', '188941', 'UNIDAD', 'TRANSPARENCIAS PARA PROYECCION', 1, 'NULL', 0, 224, 0, 0, 'NULL', 0, 0, 0),
(94, '2015-12-18 16:20:37', '102462', 'PAQUETE', 'HOJAS AUTOADHESIVAS', 1, 'NULL', 0, 1, 0, 0, 'NULL', 0, 0, 0),
(95, '2015-12-18 16:20:37', '102740', 'UNIDAD', 'SOBRE MANILA CARTA', 1, 'NULL', 0, 154, 0, 0, 'NULL', 0, 0, 0),
(96, '2015-12-18 16:20:37', '102741', 'UNIDAD', 'SOBRE MANILA OFICIO', 1, 'NULL', 0, 27, 0, 0, 'NULL', 0, 0, 0),
(97, '2015-12-18 16:20:37', '102742', 'UNIDAD', 'SOBRE MANILA EXTRA OFICIO', 0, 'NULL', 0, 0, 0, 0, 'NULL', 0, 0, 0),
(98, '2015-12-18 16:20:37', '162240', 'RESMA', 'PAPEL PARA IMPRESORAS Y FOTOCOPIADORAS TAMA&Ntilde;O CARTA', 1, 'NULL', 0, 12, 0, 0, 'NULL', 0, 0, 0),
(99, '2015-12-18 16:20:37', '162243', 'RESMA', 'PAPEL PARA IMPRESORAS Y FOTOCOPIADORAS TAMA&Ntilde;O DOBLE-CARTA', 1, 'NULL', 0, 0, 0, 0, 'NULL', 0, 0, 0),
(100, '2015-12-18 16:20:37', '162242', 'RESMA', 'PAPEL PARA IMPRESORAS Y FOTOCOPIADORAS TAMA&Ntilde;O OFICIO', 0, 'NULL', 0, 0, 0, 0, 'NULL', 0, 0, 0),
(101, '2015-12-18 16:20:37', '162241', 'RESMA', 'PAPEL PARA IMPRESORAS Y FOTOCOPIADORAS TAMA&Ntilde;O EXTRA - OFICIO', 1, 'NULL', 0, 7, 0, 0, 'NULL', 0, 0, 0),
(102, '2015-12-18 16:20:37', '162260', 'CAJA', 'CAJAS DE FORMAS CONTINUAS DE 9 1/2&rdquo; X 5 1/2&rdquo;', 1, 'NULL', 0, 2, 0, 0, 'NULL', 0, 0, 0),
(103, '2015-12-18 16:20:37', '162261', 'CAJA', 'CAJAS DE FORMAS CONTINUAS DE 9 1/2&rdquo; X 11&rdquo;', 1, 'NULL', 0, 3, 0, 0, 'NULL', 0, 0, 0),
(104, '2015-12-18 16:20:37', '10085', 'PIEZA', 'ESPONJA DOBLE USO', 0, 'NULL', 0, 0, 0, 0, 'NULL', 0, 0, 0),
(105, '2015-12-18 16:20:37', '10083', 'PAQUETES', 'PA&Ntilde;ITOS YES', 1, 'NULL', 0, 2, 0, 0, 'NULL', 0, 0, 0),
(106, '2015-12-18 16:20:37', '100830', 'PIEZA', 'LANILLAS', 1, 'NULL', 0, 0, 0, 0, 'NULL', 0, 0, 0),
(107, '2015-12-18 16:20:37', '6736', 'LATA', 'BAYGON', 1, 'NULL', 0, 2, 0, 0, 'NULL', 0, 0, 0),
(108, '2015-12-18 16:20:37', '582101', 'PIEZA', 'FLUXOMETRO PARA REPARAR URINARIO', 1, 'NULL', 0, 4, 0, 0, 'NULL', 0, 0, 0),
(109, '2015-12-18 16:20:37', '582102', 'PIEZA', 'FLUXOMETRO PARA REPARAR W.C', 1, 'NULL', 0, 3, 0, 0, 'NULL', 0, 0, 0),
(110, '2015-12-18 16:20:37', '582201', 'PIEZA', 'DESAGUE PARA LAVAMANOS', 1, 'NULL', 0, 3, 0, 0, 'NULL', 0, 0, 0),
(111, '2015-12-18 16:20:37', '165194', 'PIEZA', 'SIFON PARA LAVAMANOS 1 X 1/4&rdquo;', 1, 'NULL', 0, 9, 0, 0, 'NULL', 0, 0, 0),
(112, '2015-12-18 16:20:37', '179883', 'PIEZA', 'ADAPTADOR DE AGUA FRIA 1/2&rdquo;', 1, 'NULL', 0, 5, 0, 0, 'NULL', 0, 0, 0),
(113, '2015-12-18 16:20:37', '490561', 'PIEZA', 'TUBO &ldquo;T&rdquo; DE 3/4&rdquo;', 1, 'NULL', 0, 7, 0, 0, 'NULL', 0, 0, 0),
(114, '2015-12-18 16:20:37', '490569', 'PIEZA', 'CODO 90 X 3/4&rdquo;DE AGUA FRIA', 1, 'NULL', 0, 7, 0, 0, 'NULL', 0, 0, 0),
(115, '2015-12-18 16:20:37', '179884', 'PIEZA', 'ADAPTADOR DE AGUA FRIA 3/4&rdquo;', 1, 'NULL', 0, 11, 0, 0, 'NULL', 0, 0, 0),
(116, '2015-12-18 16:20:37', '4137010', 'PIEZA', 'TAPA DE 3/4&rdquo; PVC', 1, 'NULL', 0, 10, 0, 0, 'NULL', 0, 0, 0),
(117, '2015-12-18 16:20:37', '4137011', 'PIEZA', 'TAPA DE 1/2&rdquo; PVC', 1, 'NULL', 0, 7, 0, 0, 'NULL', 0, 0, 0),
(118, '2015-12-18 16:20:37', '4907110', 'PIEZA', 'UNION O ANILLO DE 3/4&rdquo;', 1, 'NULL', 0, 8, 0, 0, 'NULL', 0, 0, 0),
(119, '2015-12-18 16:20:37', '49079', 'PIEZA', 'UNION O ANILLO DE 1/2&rdquo;', 1, 'NULL', 0, 1, 0, 0, 'NULL', 0, 0, 0),
(120, '2015-12-18 16:20:37', '1742001', 'UNIDAD', 'DELANTAL DE CARNAZA', 1, 'NULL', 0, 1, 0, 0, 'NULL', 0, 0, 0),
(121, '2015-12-18 16:20:37', '165412', 'PIEZA', 'TAPON DE 1/2&rdquo; PVC', 1, 'NULL', 0, 8, 1, 0, 'NULL', 0, 0, 0),
(122, '2015-12-18 16:20:37', '165413', 'PIEZA', 'TAPON DE 3/4&rdquo; PVC', 1, 'NULL', 0, 9, 0, 0, 'NULL', 0, 0, 0),
(123, '2015-12-18 16:20:37', '15577', 'PIEZA', 'CODOS DE 1/2&rdquo; X 90 AF', 1, 'NULL', 0, 5, 0, 0, 'NULL', 0, 0, 0),
(124, '2015-12-18 16:20:37', '4137014', 'PIEZA', 'ADAPTADOR DE 3/4&rdquo; X 26MM', 1, 'NULL', 0, 2, 0, 0, 'NULL', 0, 0, 0),
(125, '2015-12-18 16:20:37', '4137015', 'PIEZA', 'ADAPTADOR DE 1/2&rdquo; X 21MM', 1, 'NULL', 0, 3, 0, 0, 'NULL', 0, 0, 0),
(126, '2015-12-18 16:20:37', '47233', 'PIEZA', 'BUCCI 3/4&rdquo; X 1/2&rdquo;', 1, 'NULL', 0, 5, 0, 0, 'NULL', 0, 0, 0),
(127, '2015-12-18 16:20:37', '1651914', 'PIEZA', 'EXTENSION SIFON 1-1/4&rdquo; X 8', 1, 'NULL', 0, 5, 0, 0, 'NULL', 0, 0, 0),
(128, '2015-12-18 16:20:37', '23560', 'PIEZA', 'CODO PARA ELECTRICIDAD PLASTICO 3/4&rdquo;', 1, 'NULL', 0, 20, 0, 0, 'NULL', 0, 0, 0),
(129, '2015-12-18 16:20:37', '412601', 'PIEZA', 'CURVA DE HIERRO GALVANIZADA', 1, 'NULL', 0, 1, 0, 0, 'NULL', 0, 0, 0),
(130, '2015-12-18 16:20:37', '150730', 'PIEZA', 'BALANCIN METALICO PARA POCETA', 1, 'NULL', 0, 27, 0, 0, 'NULL', 0, 0, 0),
(131, '2015-12-18 16:20:37', '1689910', 'ROLLO', 'ROLLO DE CABLE 10', 1, 'NULL', 0, 3, 0, 0, 'NULL', 0, 0, 0),
(132, '2015-12-18 16:20:37', '1689916', 'ROLLO', 'ROLLO DE CABLE 6', 1, 'NULL', 0, 1, 0, 0, 'NULL', 0, 0, 0),
(133, '2015-12-18 16:20:37', '150731', 'KIT', 'HERRAJE JOMAI', 1, 'NULL', 0, 1, 0, 0, 'NULL', 0, 0, 0),
(134, '2015-12-18 16:20:37', '116611', 'UNIDAD', 'DISPENSADOR DE VASOS CONICOS', 1, 'NULL', 0, 5, 0, 0, 'NULL', 0, 0, 0),
(135, '2015-12-18 16:20:37', '71609', 'PAR', 'GUANTES DE LATEX M', 0, 'NULL', 0, 0, 0, 0, 'NULL', 0, 0, 0),
(136, '2015-12-18 16:20:37', '716010', 'PAR', 'GUANTES DE LATEX L', 1, 'NULL', 0, 0, 0, 0, 'NULL', 0, 0, 0),
(137, '2015-12-18 16:20:37', '716011', 'PAR', 'GUANTES DE LATEX XL', 1, 'NULL', 0, 2, 0, 0, 'NULL', 0, 0, 0),
(138, '2015-12-18 16:20:37', '187800', 'UNIDAD', 'CEPILLO', 1, 'NULL', 0, 0, 0, 0, 'NULL', 0, 0, 0),
(139, '2015-12-18 16:20:37', '100930', 'UNIDAD', 'MOPAS', 1, 'NULL', 0, 1, 0, 0, 'NULL', 0, 0, 0),
(140, '2015-12-18 16:20:37', '965010', 'PAR', 'GUANTES DE CARNAZA LARGOS', 1, 'NULL', 0, 8, 0, 0, 'NULL', 0, 0, 0),
(141, '2015-12-18 16:20:37', '965011', 'PAR', 'GUANTES DE CARNAZA CORTOS', 1, 'NULL', 0, 11, 0, 0, 'NULL', 0, 0, 0),
(142, '2015-12-18 16:20:37', '100870', 'UNIDAD', 'CEPILLO DE POZETA', 1, 'NULL', 0, 2, 0, 0, 'NULL', 0, 0, 0),
(143, '2015-12-18 16:20:37', '187750', 'UNIDAD', 'CHUPON DESTAPADOR DE CA&Ntilde;ERIAS', 1, 'NULL', 0, 7, 0, 0, 'NULL', 0, 0, 0),
(144, '2015-12-18 16:20:37', '100901', 'PIEZA', 'PALO DE CHUPON DESTAPADOR DE CA&Ntilde;ERIAS', 1, 'NULL', 0, 8, 0, 0, 'NULL', 0, 0, 0),
(145, '2015-12-18 16:20:37', '100920', 'UNIDAD', 'COLETOS', 1, 'NULL', 0, 1, 0, 0, 'NULL', 0, 0, 0),
(146, '2015-12-18 16:20:37', '58251', 'PIEZA', 'CANILLA DE POCETA 5/8', 1, 'NULL', 0, 24, 0, 0, 'NULL', 0, 0, 0),
(147, '2015-12-18 16:20:37', '58252', 'PIEZA', 'CANILLA PLASTICA PARA LAVAMANO 1/2&rdquo; X 1/2&rdquo; X 25', 1, 'NULL', 0, 27, 0, 0, 'NULL', 0, 0, 0),
(148, '2015-12-18 16:20:37', '58261', 'PIEZA', 'CANILLA DE ALUMINIO TRENSADA Y REFORZADA PARA LAVAMANOS', 1, 'NULL', 0, 7, 0, 0, 'NULL', 0, 0, 0),
(149, '2015-12-18 16:20:37', '582511', 'PIEZA', 'CANILLA PLASTICAS PARA POZETAS 1/2&rdquo; X 1/2&rdquo;', 1, 'NULL', 0, 25, 0, 0, 'NULL', 0, 0, 0),
(150, '2015-12-18 16:20:37', '58253', 'PIEZA', 'CANILLA DE ALUMINIO TRENSADA Y REFORZADA PARA POCETAS', 1, 'NULL', 0, 6, 1, 0, 'NULL', 0, 0, 0),
(151, '2015-12-18 16:20:37', '100931', 'PIEZA', 'PALO DE MOPA', 1, 'NULL', 0, 5, 0, 0, 'NULL', 0, 0, 0),
(152, '2015-12-18 16:20:37', '30250', 'UNIDAD', 'RASTRILLO', 1, 'NULL', 0, 1, 0, 0, 'NULL', 0, 0, 0),
(153, '2015-12-18 16:20:37', '100740', 'UNIDAD', 'HARAGAN', 1, 'NULL', 0, 0, 0, 0, 'NULL', 0, 0, 0),
(154, '2015-12-18 16:20:37', '171091', 'UNIDAD', 'DESMALEZADORA Y JUEGO', 1, 'NULL', 0, 1, 0, 0, 'NULL', 0, 0, 0),
(155, '2015-12-18 16:20:37', '5823161', 'PIEZA', 'LLAVE DE BOLA PASO RAPIDO 1/4&rdquo;', 1, 'NULL', 0, 10, 0, 0, 'NULL', 0, 0, 0),
(156, '2015-12-18 16:20:37', '5823162', 'PIEZA', 'LLAVE DE BOLA PASO RAPIDO 1/2&rdquo;', 1, 'NULL', 0, 3, 0, 0, 'NULL', 0, 0, 0),
(157, '2015-12-18 16:20:37', '5823163', 'PIEZA', 'LLAVE DE BOLA PASO RAPIDO 3/4&rdquo;', 1, 'NULL', 0, 4, 0, 0, 'NULL', 0, 0, 0),
(158, '2015-12-18 16:20:37', '49070', 'PIEZA', 'UNION UNIVERSAL METAL 1/2&rdquo;', 1, 'NULL', 0, 6, 0, 0, 'NULL', 0, 0, 0),
(159, '2015-12-18 16:20:37', '49071', 'PIEZA', 'UNION UNIVERSAL METAL 3/4&rdquo;', 1, 'NULL', 0, 6, 0, 0, 'NULL', 0, 0, 0),
(160, '2015-12-18 16:20:37', '490701', 'PIEZA', 'UNION UNIVERSAL TUBIRCA 1/2&rdquo;', 1, 'NULL', 0, 6, 0, 0, 'NULL', 0, 0, 0),
(161, '2015-12-18 16:20:37', '490711', 'PIEZA', 'UNION UNIVERSAL TUBIRCA 3/4&rdquo;', 1, 'NULL', 0, 6, 0, 0, 'NULL', 0, 0, 0),
(162, '2015-12-18 16:20:37', '490702', 'PIEZA', 'UNION UNIVERSAL PAUCO GRIS 1/2&rdquo;', 1, 'NULL', 0, 10, 0, 0, 'NULL', 0, 0, 0),
(163, '2015-12-18 16:20:37', '490712', 'PIEZA', 'UNION UNIVERSAL PAUCO GRIS 3/4&rdquo;', 1, 'NULL', 0, 7, 0, 0, 'NULL', 0, 0, 0),
(164, '2015-12-18 16:20:37', '40161', 'ROLLO', 'TEIPE', 1, 'NULL', 0, 15, 0, 0, 'NULL', 0, 0, 0),
(165, '2015-12-18 16:20:37', '40240', 'ROLLO', 'TEFLON INDUSTRIAL', 1, 'NULL', 0, 2, 0, 0, 'NULL', 0, 0, 0),
(166, '2015-12-18 16:20:37', '165940', 'LATA', 'LIMPIADOR PRIMER', 1, 'NULL', 0, 2, 0, 0, 'NULL', 0, 0, 0),
(167, '2015-12-18 16:20:37', '490801', 'PIEZA', 'UNION DRESSER PLASTICA 1/2&rdquo;', 1, 'NULL', 0, 4, 0, 0, 'NULL', 0, 0, 0),
(168, '2015-12-18 16:20:37', '490802', 'PIEZA', 'UNION DRESSER PLASTICA 3/4&rdquo;', 0, 'NULL', 0, 0, 0, 0, 'NULL', 0, 0, 0),
(169, '2015-12-18 16:20:37', '490811', 'PIEZA', 'UNION DRESSER METAL 1/2&rdquo;', 1, 'NULL', 0, 5, 0, 0, 'NULL', 0, 0, 0),
(170, '2015-12-18 16:20:37', '490812', 'PIEZA', 'UNION DRESSER METAL 3/4&rdquo;', 1, 'NULL', 0, 5, 0, 0, 'NULL', 0, 0, 0),
(171, '2015-12-18 16:20:37', '582311', 'PIEZA', 'LLAVE DE CROMO PASO RAPIDO', 0, 'NULL', 0, 0, 0, 0, 'NULL', 0, 0, 0),
(172, '2015-12-18 16:20:37', '58236', 'PIEZA', 'LLAVE LAVAMANOS DOBLE', 0, 'NULL', 0, 0, 0, 0, 'NULL', 0, 0, 0),
(173, '2015-12-18 16:20:37', '58237', 'PIEZA', 'LLAVE LAVAMANOS SENCILLA', 1, 'NULL', 0, 20, 0, 0, 'NULL', 0, 0, 0),
(174, '2015-12-18 16:20:37', '556715', 'UNIDAD', 'BOMBILLO DE 250W', 1, 'NULL', 0, 3, 0, 0, 'NULL', 0, 0, 0),
(175, '2015-12-18 16:20:37', '558950', 'PIEZA', 'SOCATE DE PORCELANA SOC-21', 1, 'NULL', 0, 4, 0, 0, 'NULL', 0, 0, 0),
(176, '2015-12-18 16:20:37', '56890', 'PIEZA', 'INTERRUPTOR FOTOCELDA', 1, 'NULL', 0, 1, 0, 0, 'NULL', 0, 0, 0),
(177, '2015-12-18 16:20:37', '556720', 'PIEZA', 'OJO DE BUEY', 0, 'NULL', 0, 0, 0, 0, 'NULL', 0, 0, 0),
(178, '2015-12-18 16:20:37', '170635', 'PIEZA', 'BALASTO ELECTRONICO 3 X 32CM', 0, 'NULL', 0, 0, 0, 0, 'NULL', 0, 0, 0),
(179, '2015-12-18 16:20:37', '55896', 'PIEZA', 'SOCATE SENCILLO', 1, 'NULL', 0, 4, 0, 0, 'NULL', 0, 0, 0),
(180, '2015-12-18 16:20:37', '170632', 'PIEZA', 'BALASTO DE BOMBILLO CIRCULAR 22W', 1, 'NULL', 0, 4, 0, 0, 'NULL', 0, 0, 0),
(181, '2015-12-18 16:20:37', '558940', 'PIEZA', 'SOCATES PARA BOMBILLO CIRCULAR', 1, 'NULL', 0, 20, 0, 0, 'NULL', 0, 0, 0),
(182, '2015-12-18 16:20:37', '168803', 'PIEZA', 'TOMA CORRIENTE DOBLE POLARIZADO', 0, 'NULL', 0, 0, 0, 0, 'NULL', 0, 0, 0),
(183, '2015-12-18 16:20:37', '58234', 'PIEZA', 'LLAVE DE PASO DE LUJO (ARRESTO)', 1, 'NULL', 0, 9, 0, 0, 'NULL', 0, 0, 0),
(184, '2015-12-18 16:20:37', '5520142', 'PIEZA', 'STARTER FS-2', 1, 'NULL', 0, 9, 0, 0, 'NULL', 0, 0, 0),
(185, '2015-12-18 16:20:37', '5520144', 'PIEZA', 'STARTER FS-4', 1, 'NULL', 0, 14, 0, 0, 'NULL', 0, 0, 0),
(186, '2015-12-18 16:20:37', '55890', 'PIEZA', 'SOCATE DE 32W TUBO FLUORECENTE SOC-41', 1, 'NULL', 0, 92, 0, 0, 'NULL', 0, 0, 0),
(187, '2015-12-18 16:20:37', '55891', 'PIEZA', 'SOCATE DE 40W TUBO FLUORECENTE', 1, 'NULL', 0, 219, 0, 0, 'NULL', 0, 0, 0),
(188, '2015-12-18 16:20:37', '168801', 'PIEZA', 'ENCHUFE DE GOMA HEMBRA', 1, 'NULL', 0, 1, 0, 0, 'NULL', 0, 0, 0),
(189, '2015-12-18 16:20:37', '165420', 'PIEZA', 'TAPON DE METAL MACHO 1/2&rdquo;', 1, 'NULL', 0, 6, 0, 0, 'NULL', 0, 0, 0),
(190, '2015-12-18 16:20:37', '165421', 'PIEZA', 'TAPON DE METAL MACHO 3/4&rdquo;', 1, 'NULL', 0, 10, 0, 0, 'NULL', 0, 0, 0),
(191, '2015-12-18 16:20:37', '165430', 'PIEZA', 'TAPON DE METAL HEMBRA 1/2&rdquo;', 0, 'NULL', 0, 0, 0, 0, 'NULL', 0, 0, 0),
(192, '2015-12-18 16:20:37', '165431', 'PIEZA', 'TAPON DE METAL HEMBRA 3/4&rdquo;', 1, 'NULL', 0, 11, 0, 0, 'NULL', 0, 0, 0),
(193, '2015-12-18 16:20:37', '552052', 'PIEZA', 'CAPACITOR DE 35 MFD', 0, 'NULL', 0, 0, 0, 0, 'NULL', 0, 0, 0),
(194, '2015-12-18 16:20:37', '552053', 'PIEZA', 'CAPACITOR DE 40 MFD', 1, 'NULL', 0, 0, 0, 0, 'NULL', 0, 0, 0),
(195, '2015-12-18 16:20:37', '552050', 'PIEZA', 'CAPACITOR DE 50 MFD', 1, 'NULL', 0, 3, 0, 0, 'NULL', 0, 0, 0),
(196, '2015-12-18 16:20:37', '552051', 'PIEZA', 'CAPACITOR DE 60 MFD', 1, 'NULL', 0, 3, 0, 0, 'NULL', 0, 0, 0),
(197, '2015-12-18 16:20:37', '552040', 'PIEZA', 'CAPACITOR DE 70 MFD', 1, 'NULL', 0, 0, 0, 0, 'NULL', 0, 0, 0),
(198, '2015-12-18 16:20:37', '552054', 'PIEZA', 'CAPACITOR DE 45 MFD', 1, 'NULL', 0, 2, 0, 0, 'NULL', 0, 0, 0),
(199, '2015-12-18 16:20:37', '552044', 'PIEZA', 'CAPACITOR DE 5 MFD', 1, 'NULL', 0, 0, 0, 0, 'NULL', 0, 0, 0),
(200, '2015-12-18 16:20:37', '663040', 'PIEZA', 'CONDENSADOR 1 UFD', 1, 'NULL', 0, 1, 0, 0, 'NULL', 0, 0, 0),
(201, '2015-12-18 16:20:37', '663041', 'PIEZA', 'CONDENSADOR 1.5 UFD', 0, 'NULL', 0, 0, 0, 0, 'NULL', 0, 0, 0),
(202, '2015-12-18 16:20:37', '663042', 'PIEZA', 'CONDENSADOR 2 UFD', 1, 'NULL', 0, 6, 0, 0, 'NULL', 0, 0, 0),
(203, '2015-12-18 16:20:37', '663043', 'PIEZA', 'CONDENSADOR 2.5 UFD', 1, 'NULL', 0, 6, 0, 0, 'NULL', 0, 0, 0),
(204, '2015-12-18 16:20:37', '663044', 'PIEZA', 'CONDENSADOR 3 UFD', 1, 'NULL', 0, 3, 0, 0, 'NULL', 0, 0, 0),
(205, '2015-12-18 16:20:37', '15551', 'UNIDAD', 'RETARDADOR DE A/A GRADUABLE DE 1 A 10 MHZ', 1, 'NULL', 0, 3, 0, 0, 'NULL', 0, 0, 0),
(206, '2015-12-18 16:20:37', '5520140', 'UNIDAD', 'KIT IGNITOR', 1, 'NULL', 0, 3, 0, 0, 'NULL', 0, 0, 0),
(207, '2015-12-18 16:20:37', '8280', 'UNIDAD', 'VARILLA DE PLATA 2%', 1, 'NULL', 0, 7, 0, 0, 'NULL', 0, 0, 0),
(208, '2015-12-18 16:20:37', '552042', 'PIEZA', 'CAPACITOR DE 10 MFD', 1, 'NULL', 0, 3, 0, 0, 'NULL', 0, 0, 0),
(209, '2015-12-18 16:20:37', '552045', 'PIEZA', 'CAPACITOR DE 7.5 MFD', 1, 'NULL', 0, 4, 0, 0, 'NULL', 0, 0, 0),
(210, '2015-12-18 16:20:37', '558013', 'UNIDAD', 'BOMBILLO DE TUBO 32W', 1, 'NULL', 0, 43, 12, 0, 'NULL', 0, 0, 0),
(211, '2015-12-18 16:20:37', '558011', 'UNIDAD', 'BOMBILLO DE TUBO 17W', 1, 'NULL', 0, 5, 0, 0, 'NULL', 0, 0, 0),
(212, '2015-12-18 16:20:37', '558012', 'UNIDAD', 'BOMBILLO DE TUBO 20W', 1, 'NULL', 0, 20, 0, 0, 'NULL', 0, 0, 0),
(213, '2015-12-18 16:20:37', '556709', 'UNIDAD', 'BOMBILLO CIRCULAR 22W', 1, 'NULL', 0, 30, 0, 0, 'NULL', 0, 0, 0),
(214, '2015-12-18 16:20:37', '556710', 'UNIDAD', 'BOMBILLO CIRCULAR 32W', 1, 'NULL', 0, 23, 0, 0, 'NULL', 0, 0, 0),
(215, '2015-12-18 16:20:37', '187871', 'LATA', 'LIMPIADOR ELECTRONICO', 1, 'NULL', 0, 1, 0, 0, 'NULL', 0, 0, 0),
(216, '2015-12-18 16:20:37', '185419', 'UNIDAD', 'BOMBA DE PROPANO AMARILLA', 1, 'NULL', 0, 0, 0, 0, 'NULL', 0, 0, 0),
(217, '2015-12-18 16:20:37', '564415', 'UNIDAD', 'TERMINALES TIPO HORQUILLA FORRO AMARILLO', 1, 'NULL', 0, 8, 0, 0, 'NULL', 0, 0, 0),
(218, '2015-12-18 16:20:37', '564400', 'UNIDAD', 'TERMINALES HEMBRA FORRO AZUL', 1, 'NULL', 0, 12, 0, 0, 'NULL', 0, 0, 0),
(219, '2015-12-18 16:20:37', '163560', 'PIEZA', 'SENSOR DE CONGELAMIENTO 4 OHMIOS', 1, 'NULL', 0, 3, 0, 0, 'NULL', 0, 0, 0),
(220, '2015-12-18 16:20:37', '163561', 'PIEZA', 'SENSOR DE CONGELAMIENTO 8 OHMIOS', 1, 'NULL', 0, 6, 0, 0, 'NULL', 0, 0, 0),
(221, '2015-12-18 16:20:37', '57540', 'UNIDAD', 'MASTER KIT 5 PPP', 1, 'NULL', 0, 1, 0, 0, 'NULL', 0, 0, 0),
(222, '2015-12-18 16:20:37', '57541', 'UNIDAD', 'MASTER KIT 10 PPP', 1, 'NULL', 0, 8, 0, 0, 'NULL', 0, 0, 0),
(223, '2015-12-18 16:20:37', '566992', 'UNIDAD', 'PROTECTOR TRIFASICO 220 V', 1, 'NULL', 0, 3, 0, 0, 'NULL', 0, 0, 0),
(224, '2015-12-18 16:20:37', '566994', 'UNIDAD', 'PROTECTOR TRIFASICO 440 V', 1, 'NULL', 0, 1, 0, 0, 'NULL', 0, 0, 0),
(225, '2015-12-18 16:20:37', '163580', 'UNIDAD', 'CILINDRO', 0, 'NULL', 0, 0, 0, 0, 'NULL', 0, 0, 0),
(226, '2015-12-18 16:20:37', '96177', 'UNIDAD', 'CANDADO ANTICIZALLA 70MM', 1, 'NULL', 0, 2, 1, 0, 'NULL', 0, 0, 0),
(227, '2015-12-18 16:20:37', '96178', 'UNIDAD', 'CANDADO ANTICIZALLA 80MM', 1, 'NULL', 0, 2, 0, 0, 'NULL', 0, 0, 0),
(228, '2015-12-18 16:20:37', '9618', 'UNIDAD', 'CERRADURA PARA EMBUTIR', 1, 'NULL', 0, 2, 0, 0, 'NULL', 0, 0, 0),
(229, '2015-12-18 16:20:37', '96185', 'UNIDAD', 'CERRADURA DE POMO', 1, 'NULL', 0, 4, 0, 0, 'NULL', 0, 0, 0),
(230, '2015-12-18 16:20:37', '96187', 'UNIDAD', 'CERRADURA DE POMO CON LLAVES', 1, 'NULL', 0, 2, 0, 0, 'NULL', 0, 0, 0),
(231, '2015-12-18 16:20:37', '163591', 'PIEZA', 'PRESSURE SWITCH ALTA VERDE', 1, 'NULL', 0, 3, 0, 0, 'NULL', 0, 0, 0),
(232, '2015-12-18 16:20:37', '163592', 'PIEZA', 'PRESSURE SWITCH BAJA AZUL', 1, 'NULL', 0, 3, 0, 0, 'NULL', 0, 0, 0),
(233, '2015-12-18 16:20:37', '5669181', 'PIEZA', 'BREAKER SUPERFICIAL 20 W', 1, 'NULL', 0, 3, 0, 0, 'NULL', 0, 0, 0),
(234, '2015-12-18 16:20:37', '1524710', 'UNIDAD', 'CARTUCHO DE REPUESTO PARA FILTRO DE AGUA', 1, 'NULL', 0, 11, 0, 0, 'NULL', 0, 0, 0),
(235, '2015-12-18 16:20:37', '568601', 'PIEZA', 'CONTACTOR DE POLOS', 1, 'NULL', 0, 1, 0, 0, 'NULL', 0, 0, 0),
(236, '2015-12-18 16:20:37', '161152', 'UNIDAD', 'PEGA DE ZAPATO PEQUE&Ntilde;A', 1, 'NULL', 0, 4, 0, 0, 'NULL', 0, 0, 0),
(237, '2015-12-18 16:20:37', '34101', 'UNIDAD', 'GRASA AZUL PREMIUM', 1, 'NULL', 0, 8, 0, 0, 'NULL', 0, 0, 0),
(238, '2015-12-18 16:20:37', '34102', 'UNIDAD', 'GRASA ESPECIAL RODANOL', 1, 'NULL', 0, 1, 0, 0, 'NULL', 0, 0, 0),
(239, '2015-12-18 16:20:37', '97131', 'UNIDAD', 'LIMPIA POCETA LIMPOTEK', 1, 'NULL', 0, 1, 0, 0, 'NULL', 0, 0, 0),
(240, '2015-12-18 16:20:37', '1750', 'UNIDAD', 'CLORO', 0, 'NULL', 0, 0, 0, 0, 'NULL', 0, 0, 0),
(241, '2015-12-18 16:20:37', '97170', 'UNIDAD', 'JABON LIQUIDO', 0, 'NULL', 0, 0, 0, 0, 'NULL', 0, 0, 0),
(242, '2015-12-18 16:20:37', '66310', 'UNIDAD', 'LIMPIADOR DE CONDENSADOR', 1, 'NULL', 0, 2, 0, 0, 'NULL', 0, 0, 0),
(243, '2015-12-18 16:20:37', '71480', 'UNIDAD', 'TAPA BOCAS MASCARILLAS', 1, 'NULL', 0, 48, 0, 0, 'NULL', 0, 0, 0),
(244, '2015-12-18 16:20:37', '71482', 'UNIDAD', 'MASCARILLA ANTIGASES', 1, 'NULL', 0, 1, 0, 0, 'NULL', 0, 0, 0),
(245, '2015-12-18 16:20:37', '101020', 'UNIDAD', 'DESINFECTANTE', 0, 'NULL', 0, 0, 0, 0, 'NULL', 0, 0, 0),
(246, '2015-12-18 16:20:37', '188961', 'UNIDAD', 'CAJETIN PLASTICO', 1, 'NULL', 0, 15, 0, 0, 'NULL', 0, 0, 0),
(247, '2015-12-18 16:20:37', '22270', 'UNIDAD', 'TOMACORRIENTE SENCILLO', 1, 'NULL', 0, 3, 0, 0, 'NULL', 0, 0, 0),
(248, '2015-12-18 16:20:37', '56421', 'UNIDAD', 'INTERRUPTOR SENCILLO', 0, 'NULL', 0, 0, 0, 0, 'NULL', 0, 0, 0),
(249, '2015-12-18 16:20:37', '56422', 'UNIDAD', 'INTERRUPTOR DOBLE', 1, 'NULL', 0, 74, 0, 0, 'NULL', 0, 0, 0),
(250, '2015-12-18 16:20:37', '56420', 'UNIDAD', 'INTERRUPTOR SENCILLO DE LUJO', 1, 'NULL', 0, 47, 0, 0, 'NULL', 0, 0, 0),
(251, '2015-12-18 16:20:37', '56360', 'UNIDAD', 'CAJETIN TELEFONICO', 1, 'NULL', 0, 2, 0, 0, 'NULL', 0, 0, 0),
(252, '2015-12-18 16:20:37', '17730', 'PLIEGO', 'PLIEGO DE LIJA 100', 1, 'NULL', 0, 6, 0, 0, 'NULL', 0, 0, 0),
(253, '2015-12-18 16:20:37', '17734', 'PLIEGO', 'PLIEGO DE LIJA 80', 0, 'NULL', 0, 0, 0, 0, 'NULL', 0, 0, 0),
(254, '2015-12-18 16:20:37', '17735', 'PLIEGO', 'PLIEGO DE LIJA 120', 0, 'NULL', 0, 0, 0, 0, 'NULL', 0, 0, 0),
(255, '2015-12-18 16:20:37', '17733', 'PLIEGO', 'PLIEGO DE LIJA 240', 0, 'NULL', 0, 0, 0, 0, 'NULL', 0, 0, 0),
(256, '2015-12-18 16:20:37', '5669121', 'UNIDAD', 'PROTECTOR ELECTRICO DE AIRE ACONDICIONADO', 1, 'NULL', 0, 1, 0, 0, 'NULL', 0, 0, 0),
(257, '2015-12-18 16:20:37', '161421', 'PIEZA', 'ANILLO CONDUIT EMT 1/2&quot; ALEACION 380', 1, 'NULL', 0, 23, 0, 0, 'NULL', 0, 0, 0),
(258, '2015-12-18 16:20:37', '161423', 'PIEZA', 'ANILLO CONDUIT EMT 3/4&quot; ALEACION 380', 1, 'NULL', 0, 19, 0, 0, 'NULL', 0, 0, 0),
(259, '2015-12-18 16:20:37', '412611', 'PIEZA', 'CONDUCTOR EMT 3/4&quot;', 1, 'NULL', 0, 19, 0, 0, 'NULL', 0, 0, 0),
(260, '2015-12-18 16:20:37', '412622', 'PIEZA', 'ABRAZADERA EMT 1&quot;', 1, 'NULL', 0, 5, 0, 0, 'NULL', 0, 0, 0),
(261, '2015-12-18 16:20:37', '47521', 'UNIDAD', 'RAMPLU EXPANSIVO 1/4&quot;', 1, 'NULL', 0, 4, 0, 0, 'NULL', 0, 0, 0),
(262, '2015-12-18 16:20:37', '47525', 'UNIDAD', 'RAMPLU EXPANSIVO 3/4&quot;', 1, 'NULL', 0, 12, 0, 0, 'NULL', 0, 0, 0),
(263, '2015-12-18 16:20:37', '47528', 'UNIDAD', 'RAMPLU EXPANSIVO 3/8&quot;', 1, 'NULL', 0, 12, 0, 0, 'NULL', 0, 0, 0),
(264, '2015-12-18 16:20:37', '188964', 'UNIDAD', 'CAJETIN METALICO', 1, 'NULL', 0, 2, 0, 0, 'NULL', 0, 0, 0),
(265, '2015-12-18 16:20:37', '1889620', 'UNIDAD', 'TAPA CIEGA', 1, 'NULL', 0, 22, 0, 0, 'NULL', 0, 0, 0),
(266, '2015-12-18 16:20:37', '1508852', 'UNIDAD', 'MINI RODILLO 2&quot;', 1, 'NULL', 0, 4, 0, 0, 'NULL', 0, 0, 0),
(267, '2015-12-18 16:20:37', '1508853', 'UNIDAD', 'MINI RODILLO 3&quot;', 0, 'NULL', 0, 0, 0, 0, 'NULL', 0, 0, 0),
(268, '2015-12-18 16:20:37', '1508854', 'UNIDAD', 'MINI RODILLO 4&quot;', 0, 'NULL', 0, 0, 0, 0, 'NULL', 0, 0, 0),
(269, '2015-12-18 16:20:37', '40671', 'UNIDAD', 'BROCHA 2&quot;', 0, 'NULL', 0, 0, 0, 0, 'NULL', 0, 0, 0),
(270, '2015-12-18 16:20:37', '40672', 'UNIDAD', 'BROCHA 4&quot;', 1, 'NULL', 0, 2, 0, 0, 'NULL', 0, 0, 0),
(271, '2015-12-18 16:20:37', '40670', 'UNIDAD', 'BROCHA 6&quot;', 1, 'NULL', 0, 1, 0, 0, 'NULL', 0, 0, 0),
(272, '2015-12-18 16:20:37', '150882', 'UNIDAD', 'CAMISA PARA RODILLO P. LARGO', 1, 'NULL', 0, 7, 0, 0, 'NULL', 0, 0, 0),
(273, '2015-12-18 16:20:37', '150881', 'UNIDAD', 'CAMISA PARA RODILLO P. MEDIO', 1, 'NULL', 0, 12, 0, 0, 'NULL', 0, 0, 0),
(274, '2015-12-18 16:20:37', '150886', 'UNIDAD', 'CAMISA PARA RODILLO TEXTURIZADA', 1, 'NULL', 0, 1, 0, 0, 'NULL', 0, 0, 0),
(275, '2015-12-18 16:20:37', '340560', 'PIEZA', 'MALLA METALICA', 1, 'NULL', 0, 1, 0, 0, 'NULL', 0, 0, 0),
(276, '2015-12-18 16:20:37', '10191', 'PAQUETE', 'SERVILLETA DE COCINA', 0, 'NULL', 0, 0, 0, 0, 'NULL', 0, 0, 0),
(277, '2015-12-18 16:20:37', '116610', 'PAQUETE', 'VASOS CONICOS', 1, 'NULL', 0, 5, 0, 0, 'NULL', 0, 0, 0),
(278, '2015-12-18 16:20:37', '1877550', 'UNIDAD', 'TAPA PARA TANQUES DE POCETA MOD. 016', 1, 'NULL', 0, 6, 0, 0, 'NULL', 0, 0, 0),
(279, '2015-12-18 16:20:37', '1877551', 'UNIDAD', 'TAPA PARA POCETA TIPO ORQUIDEA MOD. 016', 1, 'NULL', 0, 8, 0, 0, 'NULL', 0, 0, 0),
(280, '2015-12-18 16:20:37', '1006510', 'UNIDAD', 'BOLSAS 40 KG', 1, 'NULL', 0, 195, 0, 0, 'NULL', 0, 0, 0),
(281, '2015-12-18 16:20:37', '100652', 'UNIDAD', 'BOLSAS PARA PAPELERA', 1, 'NULL', 0, 252, 0, 0, 'NULL', 0, 0, 0),
(282, '2015-12-18 16:20:37', '18840127', 'UNIDAD', 'VASOS V-27 PEQUE&Ntilde;O', 1, 'NULL', 0, 169, 0, 0, 'NULL', 0, 0, 0),
(283, '2015-12-18 16:20:37', '404632', 'GALON', 'GALON DE PINTURA ESMALTE NAVAJO WHITE 1123', 1, 'NULL', 1, 3, 0, 0, 'NULL', 0, 0, 0),
(284, '2015-12-18 16:20:37', '15086132', 'GALON', 'GALON PINTURA CAUCHO MATE NAVAJO WHITE 1123', 1, 'NULL', 0, 7, 0, 0, 'NULL', 0, 0, 0),
(285, '2015-12-18 16:20:37', '40470', 'LATA', 'FONDO ANTICORROSIVO', 1, 'NULL', 0, 2, 0, 0, 'NULL', 0, 0, 0),
(286, '2015-12-18 16:20:37', '15086135', 'CU&Ntilde', 'CU&Ntilde;ETE DE PINTURA DOBLE BLANCO', 1, 'NULL', 0, 2, 0, 0, 'NULL', 0, 0, 0),
(287, '2015-12-18 16:20:37', '40480', 'GALON', 'GALON PRIMER', 1, 'NULL', 0, 4, 0, 0, 'NULL', 0, 0, 0),
(288, '2015-12-18 16:20:37', '40481', 'CU&Ntilde', 'CU&Ntilde;ETE PRIMER', 1, 'NULL', 0, 4, 0, 0, 'NULL', 0, 0, 0),
(289, '2015-12-18 16:20:37', '18421', 'CU&Ntilde', 'PASTA PROFESIONAL', 1, 'NULL', 0, 3, 0, 0, 'NULL', 0, 0, 0),
(290, '2015-12-18 16:20:37', '27427', 'UNIDAD', 'PIPOTE DE 27 LTS', 1, 'NULL', 0, 1, 0, 0, 'NULL', 0, 0, 0),
(291, '2015-12-18 16:20:37', '274112', 'UNIDAD', 'PAPELERA BEIGE GRANDE', 1, 'NULL', 0, 1, 0, 0, 'NULL', 0, 0, 0),
(292, '2015-12-18 16:20:37', '150893', 'UNIDAD', 'LAMPARA CIRCULAR', 1, 'NULL', 0, 3, 0, 0, 'NULL', 0, 0, 0),
(293, '2015-12-18 16:20:37', '1508951', 'LAMINA', 'LAMINAS DE FORMICA', 1, 'NULL', 0, 2, 0, 0, 'NULL', 0, 0, 0);


INSERT INTO `alm_historial_s` (`ID`, `TIME`, `NRS`, `fecha_gen`, `fecha_ap`, `fecha_desp`, `fecha_comp`, `usuario_gen`, `usuario_ap`) VALUES
(1, '2016-02-05 15:36:30', '000000001', '2016-01-29 15:31:54', '2016-02-04 05:36:23', NULL, '2016-02-05 15:36:30', '13989244', '15189234'),
(2, '2016-01-29 16:35:45', '000000002', '2016-01-29 16:24:01', '2016-01-29 16:35:02', NULL, '2016-01-29 16:35:45', '10131920', '15189234'),
(3, '2016-02-29 13:44:38', '000000003', '2016-02-02 15:33:46', '2016-02-04 05:52:23', NULL, '2016-02-29 13:44:38', '8841651', '15189234'),
(4, '2016-02-03 13:32:18', '000000004', '2016-02-02 15:38:04', '2016-02-03 13:31:46', NULL, '2016-02-03 13:32:18', '10701349', '15189234'),
(5, '2016-02-03 13:34:11', '000000005', '2016-02-02 15:43:43', '2016-02-03 13:31:04', NULL, '2016-02-03 13:34:11', '10701349', '15189234'),
(6, '2016-02-03 13:35:34', '000000006', '2016-02-02 15:45:10', '2016-02-03 13:35:00', NULL, '2016-02-03 13:35:34', '10701349', '15189234'),
(7, '2016-02-03 14:55:36', '000000007', '2016-02-03 13:37:33', '2016-02-03 14:55:01', NULL, '2016-02-03 14:55:36', '10701349', '15189234'),
(8, '2016-02-10 14:39:03', '000000008', '2016-02-03 14:10:04', '2016-02-10 14:38:31', NULL, '2016-02-10 14:39:03', '10701349', '7142771'),
(9, '2016-02-03 16:49:27', '000000009', '2016-02-03 15:11:19', '2016-02-03 16:48:54', NULL, '2016-02-03 16:49:27', '8668239', '15189234'),
(10, '2016-02-03 15:48:33', '000000010', '2016-02-03 15:23:54', '2016-02-03 15:33:46', NULL, '2016-02-03 15:48:33', '10701349', '15189234'),
(11, '2016-02-03 15:44:46', '000000011', '2016-02-03 15:36:04', '2016-02-03 15:44:25', NULL, '2016-02-03 15:44:46', '10701349', '15189234'),
(12, '2016-02-04 15:25:11', '000000012', '2016-02-03 18:21:38', '2016-02-04 15:24:42', NULL, '2016-02-04 15:25:11', '10228698', '15189234'),
(13, '2016-02-05 18:19:45', '000000013', '2016-02-03 18:59:11', '2016-02-05 06:12:44', NULL, '2016-02-05 06:19:45', '13988151', '15189234'),
(14, '2016-02-03 19:01:06', '000000014', '2016-02-03 19:01:06', NULL, NULL, NULL, '17986853', NULL),
(15, '2016-02-04 18:56:13', '000000015', '2016-02-04 14:31:43', '2016-02-04 06:55:50', NULL, '2016-02-04 06:56:13', '8841651', '15189234'),
(16, '2016-02-04 18:56:51', '000000016', '2016-02-04 14:36:03', '2016-02-04 06:56:32', NULL, '2016-02-04 06:56:51', '8841651', '15189234'),
(17, '2016-02-04 15:11:06', '000000017', '2016-02-04 15:11:06', NULL, NULL, NULL, '10701349', NULL),
(18, '2016-02-04 15:34:43', '000000018', '2016-02-04 15:30:20', '2016-02-04 15:32:42', NULL, '2016-02-04 15:34:43', '10228698', '15189234'),
(19, '2016-02-10 13:17:35', '000000019', '2016-02-04 16:31:17', '2016-02-05 06:25:32', NULL, '2016-02-10 13:17:35', '7012556', '15189234'),
(20, '2016-02-11 14:03:17', '000000020', '2016-02-04 16:33:56', '2016-02-05 06:19:07', NULL, '2016-02-11 14:03:17', '10233908', '15189234'),
(21, '2016-02-10 13:17:52', '000000021', '2016-02-04 16:34:20', '2016-02-05 06:26:05', NULL, '2016-02-10 13:17:52', '7012556', '15189234'),
(22, '2016-02-10 14:32:14', '000000022', '2016-02-05 18:39:49', '2016-02-10 14:31:52', NULL, '2016-02-10 14:32:13', '10701349', '15189234'),
(23, '2016-02-11 17:59:37', '000000023', '2016-02-10 15:36:02', '2016-02-11 14:50:17', NULL, '2016-02-11 05:59:37', '14382083', '7142771'),
(24, '2016-03-17 17:55:36', '000000024', '2016-02-10 15:39:53', '2016-02-10 05:47:50', NULL, '2016-03-17 05:55:36', '8841651', '15189234'),
(25, '2016-02-10 15:43:44', '000000025', '2016-02-10 15:43:44', NULL, NULL, NULL, '14382083', NULL),
(26, '2016-02-24 16:25:13', '000000026', '2016-02-11 13:59:28', '2016-02-17 14:22:09', NULL, '2016-02-24 16:25:13', '14162837', '7142771'),
(27, '2016-02-11 15:24:20', '000000027', '2016-02-11 14:46:07', '2016-02-11 14:51:38', NULL, '2016-02-11 15:24:20', '10701349', '7142771'),
(28, '2016-02-11 17:05:36', '000000028', '2016-02-11 15:40:12', '2016-02-11 17:05:05', NULL, '2016-02-11 17:05:36', '10701349', '15189234'),
(29, '2016-02-11 17:12:23', '000000029', '2016-02-11 15:44:36', '2016-02-11 17:07:26', NULL, '2016-02-11 17:12:23', '10701349', '15189234'),
(30, '2016-02-11 17:13:24', '000000030', '2016-02-11 15:47:06', '2016-02-11 17:12:55', NULL, '2016-02-11 17:13:24', '10701349', '15189234'),
(31, '2016-02-11 17:13:44', '000000031', '2016-02-11 15:50:27', '2016-02-11 17:13:44', NULL, NULL, '10701349', '15189234'),
(32, '2016-02-16 16:04:41', '000000032', '2016-02-12 15:47:11', '2016-02-15 15:37:20', NULL, '2016-02-16 16:04:41', '14382083', '10131920'),
(33, '2016-03-01 18:28:12', '000000033', '2016-02-15 14:54:27', '2016-02-15 15:47:44', NULL, '2016-03-01 06:28:12', '10701349', '7142771'),
(34, '2016-02-17 13:56:34', '000000034', '2016-02-16 15:32:59', '2016-02-17 13:55:40', NULL, '2016-02-17 13:56:34', '10701349', '15189234'),
(35, '2016-02-22 15:08:21', '000000035', '2016-02-16 16:22:20', '2016-02-22 13:07:36', NULL, '2016-02-22 15:08:21', '10577808', '15189234'),
(36, '2016-02-17 13:41:41', '000000036', '2016-02-17 13:34:25', '2016-02-17 13:40:49', NULL, '2016-02-17 13:41:41', '10701349', '15189234'),
(37, '2016-03-01 18:28:00', '000000037', '2016-02-17 13:50:35', '2016-02-17 13:54:47', NULL, '2016-03-01 06:28:00', '10701349', '15189234'),
(38, '2016-02-17 15:00:25', '000000038', '2016-02-17 13:51:29', '2016-02-17 14:22:27', NULL, '2016-02-17 15:00:25', '10701349', '7142771'),
(39, '2016-02-17 14:28:42', '000000039', '2016-02-17 14:25:40', '2016-02-17 14:27:49', NULL, '2016-02-17 14:28:42', '10131920', '7142771'),
(40, '2016-02-22 17:52:35', '000000040', '2016-02-17 14:35:20', '2016-02-17 15:41:34', NULL, '2016-02-22 05:52:35', '17316466', '7142771'),
(41, '2016-02-17 15:49:03', '000000041', '2016-02-17 15:49:03', NULL, NULL, NULL, '14162837', NULL),
(42, '2016-02-18 13:34:44', '000000042', '2016-02-18 13:34:43', NULL, NULL, NULL, '8841651', NULL),
(43, '2016-03-10 14:02:51', '000000043', '2016-02-22 12:53:38', '2016-02-24 13:23:47', NULL, '2016-03-10 14:02:51', '11364017', '7142771'),
(44, '2016-02-22 13:43:06', '000000044', '2016-02-22 13:32:53', '2016-02-22 13:37:48', NULL, '2016-02-22 13:43:06', '10701349', '7142771'),
(45, '2016-03-03 13:19:41', '000000045', '2016-02-22 14:14:29', '2016-02-22 15:12:34', NULL, '2016-03-03 13:19:41', '7084323', '7142771'),
(46, '2016-02-22 15:14:57', '000000046', '2016-02-22 15:08:17', '2016-02-22 15:12:02', NULL, '2016-02-22 15:14:57', '17032400', '7142771'),
(47, '2016-02-24 13:55:32', '000000047', '2016-02-22 18:17:17', '2016-02-24 13:24:29', NULL, '2016-02-24 13:55:32', '8668239', '7142771'),
(48, '2016-02-24 13:55:03', '000000048', '2016-02-22 18:35:36', '2016-02-24 13:24:06', NULL, '2016-02-24 13:55:03', '17032400', '7142771'),
(49, '2016-03-01 14:37:10', '000000049', '2016-02-23 16:45:31', '2016-02-24 13:17:43', NULL, '2016-03-01 14:37:10', '10228698', '7142771'),
(50, '2016-03-01 17:00:47', '000000050', '2016-02-26 14:13:59', '2016-03-01 17:00:47', NULL, NULL, '10701349', '7142771'),
(51, '2016-02-29 16:59:28', '000000051', '2016-02-29 16:53:04', '2016-02-29 16:58:39', NULL, '2016-02-29 16:59:28', '10701349', '15189234'),
(52, '2016-03-01 15:27:00', '000000052', '2016-03-01 13:50:29', '2016-03-01 15:26:38', NULL, '2016-03-01 15:27:00', '10701349', '15189234'),
(53, '2016-03-01 14:23:54', '000000053', '2016-03-01 14:23:54', NULL, NULL, NULL, '10577808', NULL),
(54, '2016-03-01 18:08:23', '000000054', '2016-03-01 17:19:17', '2016-03-01 17:26:58', NULL, '2016-03-01 06:08:23', '10701349', '7142771'),
(55, '2016-03-01 18:08:36', '000000055', '2016-03-01 17:20:13', '2016-03-01 17:27:09', NULL, '2016-03-01 06:08:36', '10701349', '7142771'),
(56, '2016-03-04 14:00:51', '000000056', '2016-03-02 15:18:16', '2016-03-04 14:00:37', NULL, '2016-03-04 14:00:51', '10701349', '15189234'),
(57, '2016-03-03 16:25:23', '000000057', '2016-03-03 13:07:21', '2016-03-03 13:12:18', NULL, '2016-03-03 16:25:23', '10701349', '7142771'),
(58, '2016-04-22 14:39:02', '000000058', '2016-03-03 15:27:12', '2016-03-03 15:48:40', NULL, '2016-04-22 14:39:02', '10701349', '7142771'),
(59, '2016-03-07 13:11:53', '000000059', '2016-03-03 15:58:19', '2016-03-07 13:10:25', NULL, '2016-03-07 13:11:53', '10701349', '7142771'),
(60, '2016-03-03 16:17:52', '000000060', '2016-03-03 16:17:52', NULL, NULL, NULL, '11155728', NULL),
(61, '2016-03-07 13:12:13', '000000061', '2016-03-07 13:04:55', '2016-03-07 13:09:45', NULL, '2016-03-07 13:12:13', '10131920', '7142771'),
(62, '2016-03-07 13:15:59', '000000062', '2016-03-07 13:08:36', '2016-03-07 13:13:45', NULL, '2016-03-07 13:15:59', '10131920', '7142771'),
(63, '2016-03-07 14:27:33', '000000063', '2016-03-07 13:14:40', '2016-03-07 14:27:33', NULL, NULL, '10131920', '7142771'),
(64, '2016-03-07 13:40:39', '000000064', '2016-03-07 13:40:38', NULL, NULL, NULL, '10131920', NULL),
(65, '2016-03-07 14:39:20', '000000065', '2016-03-07 14:39:20', NULL, NULL, NULL, '10131920', NULL),
(66, '2016-03-08 18:01:31', '000000066', '2016-03-07 14:39:52', '2016-03-07 15:35:47', NULL, '2016-03-08 06:01:31', '10701349', '7142771'),
(67, '2016-03-07 15:39:44', '000000067', '2016-03-07 15:16:40', '2016-03-07 15:39:17', NULL, '2016-03-07 15:39:44', '10701349', '15189234'),
(68, '2016-03-07 15:40:21', '000000068', '2016-03-07 15:34:02', '2016-03-07 15:35:19', NULL, '2016-03-07 15:40:21', '13588340', '7142771'),
(69, '2016-03-14 15:38:14', '000000069', '2016-03-07 15:42:05', '2016-03-07 16:58:24', NULL, '2016-03-14 15:38:14', '11359154', '7142771'),
(70, '2016-03-08 13:45:35', '000000070', '2016-03-07 15:58:52', '2016-03-07 16:57:22', NULL, '2016-03-08 13:45:35', '10228698', '7142771'),
(71, '2016-03-08 14:40:30', '000000071', '2016-03-08 14:18:55', '2016-03-08 14:40:16', NULL, '2016-03-08 14:40:30', '10701349', '15189234'),
(72, '2016-03-14 14:17:40', '000000072', '2016-03-14 14:02:42', '2016-03-14 14:15:45', NULL, '2016-03-14 14:17:40', '17032400', '7142771'),
(73, '2016-03-16 15:15:57', '000000073', '2016-03-15 13:28:17', '2016-03-16 14:58:35', NULL, '2016-03-16 15:15:57', '13588340', '7142771'),
(74, '2016-04-07 15:55:27', '000000074', '2016-03-16 12:29:34', '2016-03-16 14:52:57', NULL, '2016-04-07 15:55:27', '11809738', '7142771'),
(75, '2016-04-07 15:55:48', '000000075', '2016-03-16 12:30:38', '2016-03-16 14:53:27', NULL, '2016-04-07 15:55:48', '11809738', '7142771'),
(76, '2016-04-07 15:56:45', '000000076', '2016-03-16 12:58:45', '2016-03-16 14:55:12', NULL, '2016-04-07 15:56:45', '11809738', '7142771'),
(77, '2016-03-16 15:02:32', '000000077', '2016-03-16 13:11:57', '2016-03-16 14:52:21', NULL, '2016-03-16 15:02:32', '14162837', '7142771'),
(78, '2016-03-16 15:02:45', '000000078', '2016-03-16 13:15:49', '2016-03-16 14:53:55', NULL, '2016-03-16 15:02:45', '14162837', '7142771'),
(79, '2016-04-07 14:58:09', '000000079', '2016-03-16 13:22:14', '2016-03-16 15:56:53', NULL, '2016-04-07 14:58:09', '13588340', '7142771'),
(80, '2016-03-16 13:24:44', '000000080', '2016-03-16 13:24:44', NULL, NULL, NULL, '14162837', NULL),
(81, '2016-03-16 14:35:30', '000000081', '2016-03-16 14:32:09', '2016-03-16 14:35:02', NULL, '2016-03-16 14:35:30', '10701349', '15189234'),
(82, '2016-03-16 14:36:51', '000000082', '2016-03-16 14:33:14', '2016-03-16 14:35:55', NULL, '2016-03-16 14:36:50', '10701349', '15189234'),
(83, '2016-04-07 15:04:25', '000000083', '2016-03-28 15:42:33', '2016-03-29 13:43:34', NULL, '2016-04-07 15:04:25', '10701349', '7142771'),
(84, '2016-04-13 18:14:53', '000000084', '2016-03-28 15:43:36', '2016-03-29 13:44:03', NULL, '2016-04-13 06:14:53', '17316466', '7142771'),
(85, '2016-04-13 18:17:14', '000000085', '2016-03-29 13:38:51', '2016-03-29 13:42:56', NULL, '2016-04-13 06:17:14', '10701349', '7142771'),
(86, '2016-04-07 15:00:02', '000000086', '2016-03-30 14:32:24', '2016-04-07 14:59:41', NULL, '2016-04-07 15:00:02', '10701349', '15189234'),
(87, '2016-04-08 18:50:50', '000000087', '2016-04-04 12:56:36', '2016-04-07 15:15:00', NULL, '2016-04-08 06:50:50', '8841651', '7142771'),
(88, '2016-04-22 13:29:12', '000000088', '2016-04-04 12:59:16', '2016-04-13 06:29:46', NULL, '2016-04-22 13:29:12', '8841651', '7142771'),
(89, '2016-04-07 15:09:26', '000000089', '2016-04-07 15:05:35', '2016-04-07 15:09:03', NULL, '2016-04-07 15:09:26', '10701349', '15189234'),
(90, '2016-04-07 15:15:38', '000000090', '2016-04-07 15:07:12', '2016-04-07 15:14:32', NULL, '2016-04-07 15:15:38', '10701349', '7142771'),
(91, '2016-04-21 15:25:32', '000000091', '2016-04-07 15:53:12', '2016-04-13 13:33:51', NULL, '2016-04-21 15:25:32', '13588340', '7142771'),
(92, '2016-04-07 18:21:48', '000000092', '2016-04-07 16:14:35', '2016-04-07 06:21:34', NULL, '2016-04-07 06:21:48', '10701349', '15189234'),
(93, '2016-04-22 13:26:58', '000000093', '2016-04-08 14:47:14', '2016-04-21 14:08:30', NULL, '2016-04-22 13:26:58', '11364017', '15189234'),
(94, '2016-04-22 14:38:28', '000000094', '2016-04-08 15:59:34', '2016-04-13 06:29:00', NULL, '2016-04-22 14:38:28', '7122700', '7142771'),
(95, '2016-04-13 18:18:12', '000000095', '2016-04-11 12:03:46', '2016-04-12 15:35:28', NULL, '2016-04-13 06:18:12', '8841651', '7142771'),
(96, '2016-04-11 15:37:12', '000000096', '2016-04-11 15:37:12', NULL, NULL, NULL, '10701349', NULL),
(97, '2016-04-21 13:23:17', '000000097', '2016-04-13 13:36:20', '2016-04-13 06:28:39', NULL, '2016-04-21 13:23:17', '13588340', '7142771'),
(98, '2016-04-22 15:46:54', '000000098', '2016-04-21 13:42:07', '2016-04-22 14:10:20', NULL, '2016-04-22 15:46:54', '10228698', '15189234'),
(99, '2016-04-21 15:38:59', '000000099', '2016-04-21 15:22:31', '2016-04-21 15:32:48', NULL, '2016-04-21 15:38:59', '13588340', '7142771'),
(100, '2016-04-22 14:04:10', '000000100', '2016-04-22 12:25:16', '2016-04-22 14:03:44', NULL, '2016-04-22 14:04:10', '10701349', '15189234'),
(101, '2016-04-26 16:39:03', '000000101', '2016-04-22 12:30:04', '2016-04-22 15:34:54', NULL, '2016-04-26 16:39:03', '10701349', '15189234'),
(102, '2016-04-22 15:35:23', '000000102', '2016-04-22 12:35:37', '2016-04-22 15:12:07', NULL, '2016-04-22 15:35:23', '10701349', '7142771'),
(103, '2016-04-22 15:34:19', '000000103', '2016-04-22 14:14:33', '2016-04-22 15:12:22', NULL, '2016-04-22 15:34:19', '10701349', '7142771'),
(104, '2016-04-25 14:25:00', '000000104', '2016-04-22 15:03:21', '2016-04-25 14:00:11', NULL, '2016-04-25 14:25:00', '10701349', '7142771'),
(105, '2016-04-25 15:39:54', '000000105', '2016-04-25 15:29:36', '2016-04-25 15:38:52', NULL, '2016-04-25 15:39:54', '6484055', '15189234'),
(106, '2016-04-25 15:40:08', '000000106', '2016-04-25 15:32:34', '2016-04-25 15:39:04', NULL, '2016-04-25 15:40:08', '6484055', '15189234'),
(107, '2016-04-25 15:40:59', '000000107', '2016-04-25 15:34:24', '2016-04-25 15:39:12', NULL, '2016-04-25 15:40:59', '6484055', '15189234'),
(108, '2016-04-25 15:41:48', '000000108', '2016-04-25 15:36:43', '2016-04-25 15:39:22', NULL, '2016-04-25 15:41:48', '6484055', '15189234'),
(109, '2016-04-26 15:14:02', '000000109', '2016-04-25 18:53:35', '2016-04-26 14:47:31', NULL, '2016-04-26 15:14:02', '17032400', '7142771'),
(110, '2016-04-26 15:28:54', '000000110', '2016-04-26 13:41:28', '2016-04-26 14:48:02', NULL, '2016-04-26 15:28:54', '10701349', '7142771'),
(111, '2016-04-26 15:30:34', '000000111', '2016-04-26 13:55:15', '2016-04-26 15:30:25', NULL, '2016-04-26 15:30:34', '10701349', '15189234');


INSERT INTO `alm_contiene` (`ID`, `TIME`, `id_articulo`, `NRS`, `nr_solicitud`, `cant_solicitada`, `cant_aprobada`, `cant_usados`, `cant_nuevos`) VALUES
(1, '2016-02-04 17:36:23', 17, '000000001', '000000001', 5, 1, 0, 1),
(2, '2016-02-04 17:36:23', 21, '000000001', '000000001', 10, 5, 0, 5),
(3, '2016-02-04 17:36:23', 24, '000000001', '000000001', 12, 1, 0, 1),
(4, '2016-02-04 17:36:23', 98, '000000001', '000000001', 5, 2, 0, 2),
(5, '2016-02-04 17:36:23', 277, '000000001', '000000001', 4, 1, 0, 1),
(6, '2016-02-04 17:36:23', 282, '000000001', '000000001', 4, 4, 0, 4),
(7, '2016-01-29 16:29:15', 284, '000000002', '000000002', 1, 1, 0, 1),
(8, '2016-02-04 17:52:22', 80, '000000003', '000000003', 4, 4, 0, 4),
(9, '2016-02-04 17:52:22', 95, '000000003', '000000003', 30, 30, 0, 30),
(10, '2016-02-04 17:52:22', 98, '000000003', '000000003', 8, 8, 0, 8),
(11, '2016-02-04 17:52:22', 12, '000000003', '000000003', 25, 24, 0, 24),
(12, '2016-02-03 12:47:29', 246, '000000004', '000000004', 1, 1, 0, 1),
(13, '2016-02-03 12:47:29', 250, '000000004', '000000004', 1, 1, 0, 1),
(14, '2016-02-04 17:52:22', 85, '000000003', '000000003', 10, 10, 0, 10),
(15, '2016-02-04 17:52:22', 86, '000000003', '000000003', 10, 10, 0, 10),
(16, '2016-02-04 17:52:22', 21, '000000003', '000000003', 10, 5, 0, 5),
(17, '2016-02-03 13:31:04', 280, '000000005', '000000005', 10, 10, 0, 10),
(18, '2016-02-03 13:31:04', 281, '000000005', '000000005', 8, 8, 0, 8),
(19, '2016-02-04 17:52:23', 240, '000000003', '000000003', 5, 1, 0, 1),
(20, '2016-02-03 13:35:00', 99, '000000006', '000000006', 1, 1, 0, 1),
(21, '2016-02-04 17:52:23', 62, '000000003', '000000003', 1, 1, 0, 1),
(22, '2016-02-04 17:52:23', 23, '000000003', '000000003', 1, 1, 0, 1),
(23, '2016-02-04 17:52:23', 241, '000000003', '000000003', 1, 0, 0, 0),
(24, '2016-02-04 17:52:23', 245, '000000003', '000000003', 2, 0, 0, 0),
(25, '2016-02-03 14:55:01', 121, '000000007', '000000007', 1, 1, 0, 1),
(26, '2016-02-10 14:38:31', 261, '000000008', '000000008', 8, 0, 0, 0),
(27, '2016-02-10 14:38:31', 207, '000000008', '000000008', 1, 1, 0, 1),
(28, '2016-02-03 16:48:54', 21, '000000009', '000000009', 3, 3, 0, 3),
(29, '2016-02-03 16:48:54', 86, '000000009', '000000009', 25, 15, 0, 15),
(30, '2016-02-03 16:48:54', 98, '000000009', '000000009', 3, 2, 0, 2),
(31, '2016-02-03 16:48:54', 101, '000000009', '000000009', 1, 1, 0, 1),
(32, '2016-02-03 15:33:46', 227, '000000010', '000000010', 1, 1, 0, 1),
(33, '2016-02-03 15:44:25', 98, '000000011', '000000011', 1, 1, 0, 1),
(34, '2016-02-03 15:44:25', 80, '000000011', '000000011', 1, 1, 0, 1),
(35, '2016-02-04 15:24:42', 98, '000000012', '000000012', 1, 1, 0, 1),
(36, '2016-02-05 18:12:43', 21, '000000013', '000000013', 4, 3, 0, 3),
(37, '2016-02-05 18:12:44', 24, '000000013', '000000013', 4, 3, 0, 3),
(38, '2016-02-05 18:12:44', 35, '000000013', '000000013', 3, 3, 0, 3),
(39, '2016-02-05 18:12:44', 53, '000000013', '000000013', 1, 1, 0, 1),
(40, '2016-02-05 18:12:44', 76, '000000013', '000000013', 1, 1, 0, 1),
(41, '2016-02-05 18:12:44', 81, '000000013', '000000013', 2, 1, 0, 1),
(42, '2016-02-05 18:12:44', 96, '000000013', '000000013', 5, 5, 0, 5),
(43, '2016-02-05 18:12:44', 97, '000000013', '000000013', 5, 1, 0, 1),
(44, '2016-02-05 18:12:44', 98, '000000013', '000000013', 2, 2, 0, 2),
(46, '2016-02-03 19:01:06', 3, '000000014', '000000014', 5, NULL, 0, 0),
(47, '2016-02-04 18:55:50', 265, '000000015', '000000015', 1, 1, 0, 1),
(48, '2016-02-04 18:56:32', 173, '000000016', '000000016', 1, 1, 0, 1),
(50, '2016-02-04 15:12:07', 85, '000000017', '000000017', 0, NULL, 0, 0),
(51, '2016-02-04 15:17:34', 2, '000000014', '000000014', 1, NULL, 0, 0),
(52, '2016-02-04 15:32:42', 5, '000000018', '000000018', 2, 1, 0, 1),
(53, '2016-02-05 18:25:32', 86, '000000019', '000000019', 4, 2, 0, 2),
(54, '2016-02-05 18:14:11', 98, '000000019', '000000019', 2, 1, 0, 1),
(55, '2016-02-05 18:19:07', 2, '000000020', '000000020', 6, 6, 0, 6),
(56, '2016-02-05 18:19:07', 17, '000000020', '000000020', 2, 0, 0, 0),
(57, '2016-02-05 18:19:07', 18, '000000020', '000000020', 2, 2, 0, 2),
(58, '2016-02-05 18:19:07', 53, '000000020', '000000020', 1, 1, 0, 1),
(59, '2016-02-05 18:19:07', 95, '000000020', '000000020', 10, 10, 0, 10),
(60, '2016-02-05 18:19:07', 96, '000000020', '000000020', 10, 10, 0, 10),
(61, '2016-02-05 18:26:05', 86, '000000021', '000000021', 4, 2, 0, 2),
(62, '2016-02-05 18:21:50', 98, '000000021', '000000021', 2, 0, 0, 0),
(63, '2016-02-10 14:31:52', 216, '000000022', '000000022', 1, 1, 0, 1),
(64, '2016-02-11 14:50:17', 5, '000000023', '000000023', 1, 1, 0, 1),
(65, '2016-02-11 14:50:17', 35, '000000023', '000000023', 2, 2, 0, 2),
(66, '2016-02-11 14:50:17', 240, '000000023', '000000023', 2, 1, 0, 1),
(67, '2016-02-11 14:50:17', 241, '000000023', '000000023', 2, 0, 0, 0),
(68, '2016-02-10 17:47:50', 252, '000000024', '000000024', 1, 1, 0, 1),
(69, '2016-02-10 17:47:50', 236, '000000024', '000000024', 2, 2, 0, 2),
(70, '2016-02-11 18:00:21', 7, '000000025', '000000025', 2, 0, 0, 0),
(71, '2016-02-11 18:00:21', 16, '000000025', '000000025', 2, 0, 0, 0),
(72, '2016-02-11 18:00:21', 30, '000000025', '000000025', 2, 0, 0, 0),
(73, '2016-02-11 18:00:21', 276, '000000025', '000000025', 2, 0, 0, 0),
(74, '2016-02-17 14:22:08', 227, '000000026', '000000026', 2, 2, 0, 2),
(75, '2016-02-11 14:51:38', 280, '000000027', '000000027', 10, 10, 0, 10),
(76, '2016-02-11 14:51:38', 281, '000000027', '000000027', 8, 8, 0, 8),
(77, '2016-02-11 14:51:38', 145, '000000027', '000000027', 1, 1, 0, 1),
(78, '2016-02-11 17:05:05', 104, '000000028', '000000028', 2, 2, 0, 2),
(79, '2016-02-11 17:05:05', 106, '000000028', '000000028', 3, 3, 0, 3),
(80, '2016-02-11 17:05:05', 139, '000000028', '000000028', 1, 1, 0, 1),
(81, '2016-02-11 17:05:05', 145, '000000028', '000000028', 1, 1, 0, 1),
(82, '2016-02-11 17:05:05', 240, '000000028', '000000028', 1, 1, 0, 1),
(83, '2016-02-11 17:05:05', 241, '000000028', '000000028', 1, 1, 0, 1),
(84, '2016-02-11 17:05:05', 245, '000000028', '000000028', 1, 1, 0, 1),
(85, '2016-02-11 17:05:05', 280, '000000028', '000000028', 10, 10, 0, 10),
(86, '2016-02-11 17:05:05', 281, '000000028', '000000028', 12, 12, 0, 12),
(87, '2016-02-11 17:07:25', 164, '000000029', '000000029', 1, 1, 0, 1),
(88, '2016-02-11 17:07:25', 210, '000000029', '000000029', 6, 6, 0, 6),
(89, '2016-02-11 17:07:25', 250, '000000029', '000000029', 1, 1, 0, 1),
(90, '2016-02-11 17:12:55', 164, '000000030', '000000030', 1, 1, 0, 1),
(91, '2016-02-11 17:12:55', 197, '000000030', '000000030', 1, 1, 0, 1),
(92, '2016-02-11 17:12:55', 221, '000000030', '000000030', 1, 1, 0, 1),
(93, '2016-02-11 17:13:44', 121, '000000031', '000000031', 1, 1, 0, 1),
(94, '2016-02-11 17:13:44', 150, '000000031', '000000031', 1, 1, 0, 1),
(95, '2016-02-15 15:37:20', 17, '000000032', '000000032', 1, 0, 0, 0),
(96, '2016-02-15 14:13:47', 18, '000000032', '000000032', 1, 1, 0, 1),
(97, '2016-02-15 14:13:47', 19, '000000032', '000000032', 1, 1, 0, 1),
(98, '2016-02-15 14:13:47', 33, '000000032', '000000032', 1, 1, 0, 1),
(99, '2016-02-15 15:47:44', 2, '000000033', '000000033', 1, 1, 0, 1),
(100, '2016-02-17 13:55:40', 2, '000000034', '000000034', 1, 0, 0, 0),
(101, '2016-02-17 13:55:40', 270, '000000034', '000000034', 1, 1, 0, 1),
(102, '2016-02-17 13:55:40', 280, '000000034', '000000034', 7, 7, 0, 7),
(103, '2016-02-17 14:27:37', 4, '000000035', '000000035', 5, 0, 0, 0),
(104, '2016-02-17 14:27:37', 5, '000000035', '000000035', 6, 1, 0, 1),
(105, '2016-02-17 14:27:37', 6, '000000035', '000000035', 3, 0, 0, 0),
(106, '2016-02-17 14:27:37', 7, '000000035', '000000035', 3, 0, 0, 0),
(107, '2016-02-17 14:27:37', 11, '000000035', '000000035', 0, 0, 0, 0),
(108, '2016-02-17 14:27:37', 12, '000000035', '000000035', 10, 10, 0, 10),
(109, '2016-02-17 14:27:37', 13, '000000035', '000000035', 10, 10, 0, 10),
(110, '2016-02-17 14:27:37', 14, '000000035', '000000035', 10, 0, 0, 0),
(111, '2016-02-17 14:27:37', 15, '000000035', '000000035', 10, 8, 0, 8),
(112, '2016-02-17 14:27:37', 17, '000000035', '000000035', 10, 1, 0, 1),
(113, '2016-02-17 14:27:37', 18, '000000035', '000000035', 10, 4, 0, 4),
(114, '2016-02-17 14:27:37', 19, '000000035', '000000035', 10, 4, 0, 4),
(115, '2016-02-17 14:27:37', 20, '000000035', '000000035', 0, 0, 0, 0),
(116, '2016-02-17 14:27:37', 21, '000000035', '000000035', 20, 6, 0, 6),
(117, '2016-02-17 14:27:37', 22, '000000035', '000000035', 20, 0, 0, 0),
(118, '2016-02-17 14:27:37', 24, '000000035', '000000035', 12, 2, 0, 2),
(119, '2016-02-17 14:27:37', 29, '000000035', '000000035', 6, 6, 0, 6),
(120, '2016-02-17 14:27:37', 35, '000000035', '000000035', 10, 5, 0, 5),
(121, '2016-02-17 14:27:38', 39, '000000035', '000000035', 3, 1, 0, 1),
(122, '2016-02-17 14:27:38', 46, '000000035', '000000035', 2, 0, 0, 0),
(123, '2016-02-17 14:27:38', 50, '000000035', '000000035', 0, 0, 0, 0),
(124, '2016-02-17 14:27:38', 57, '000000035', '000000035', 2, 0, 0, 0),
(125, '2016-02-17 14:27:38', 62, '000000035', '000000035', 3, 1, 0, 1),
(126, '2016-02-17 14:27:38', 63, '000000035', '000000035', 3, 1, 0, 1),
(127, '2016-02-17 14:27:38', 68, '000000035', '000000035', 3, 0, 0, 0),
(128, '2016-02-17 14:27:38', 77, '000000035', '000000035', 5, 2, 0, 2),
(129, '2016-02-17 14:27:38', 87, '000000035', '000000035', 15, 10, 0, 10),
(130, '2016-02-17 14:27:38', 89, '000000035', '000000035', 100, 0, 0, 0),
(131, '2016-02-17 14:27:38', 95, '000000035', '000000035', 10, 10, 0, 10),
(132, '2016-02-17 14:27:38', 96, '000000035', '000000035', 10, 10, 0, 10),
(133, '2016-02-17 14:27:38', 98, '000000035', '000000035', 10, 5, 0, 5),
(134, '2016-02-17 14:27:38', 100, '000000035', '000000035', 10, 0, 0, 0),
(135, '2016-02-17 13:40:49', 164, '000000036', '000000036', 1, 1, 0, 1),
(136, '2016-02-17 13:40:49', 195, '000000036', '000000036', 1, 1, 0, 1),
(137, '2016-02-17 13:40:49', 217, '000000036', '000000036', 2, 2, 0, 2),
(138, '2016-02-17 13:40:49', 218, '000000036', '000000036', 3, 3, 0, 3),
(139, '2016-02-17 13:40:49', 221, '000000036', '000000036', 1, 1, 0, 1),
(140, '2016-02-17 13:54:47', 3, '000000037', '000000037', 1, 1, 0, 1),
(141, '2016-02-17 14:22:27', 5, '000000038', '000000038', 1, 1, 0, 1),
(142, '2016-02-17 14:22:27', 21, '000000038', '000000038', 2, 2, 0, 2),
(143, '2016-02-17 14:27:49', 210, '000000039', '000000039', 4, 4, 0, 4),
(144, '2016-02-17 15:41:34', 17, '000000040', '000000040', 1, 0, 0, 0),
(145, '2016-02-17 15:41:34', 53, '000000040', '000000040', 3, 3, 0, 3),
(146, '2016-02-17 15:41:34', 62, '000000040', '000000040', 1, 0, 0, 0),
(147, '2016-02-17 15:41:34', 76, '000000040', '000000040', 1, 1, 0, 1),
(148, '2016-02-17 15:41:34', 80, '000000040', '000000040', 1, 1, 0, 1),
(149, '2016-02-17 15:41:34', 83, '000000040', '000000040', 1, 1, 0, 1),
(150, '2016-02-17 15:41:34', 86, '000000040', '000000040', 1, 1, 0, 1),
(151, '2016-02-17 15:41:34', 88, '000000040', '000000040', 1, 1, 0, 1),
(152, '2016-02-17 15:41:34', 98, '000000040', '000000040', 3, 2, 0, 2),
(153, '2016-02-17 15:41:34', 241, '000000040', '000000040', 1, 0, 0, 0),
(154, '2016-02-17 15:41:34', 276, '000000040', '000000040', 1, 0, 0, 0),
(155, '2016-02-17 15:41:34', 282, '000000040', '000000040', 1, 1, 0, 1),
(156, '2016-02-17 15:49:03', 240, '000000041', '000000041', 1, NULL, 0, 0),
(158, '2016-04-04 12:55:04', 98, '000000042', '000000042', 0, NULL, 0, 0),
(159, '2016-02-24 13:23:46', 12, '000000043', '000000043', 300, 70, 0, 70),
(160, '2016-02-24 13:23:46', 13, '000000043', '000000043', 300, 70, 0, 70),
(161, '2016-02-24 13:23:46', 14, '000000043', '000000043', 100, 0, 0, 0),
(162, '2016-02-24 13:23:46', 15, '000000043', '000000043', 50, 8, 0, 8),
(163, '2016-02-24 13:23:46', 17, '000000043', '000000043', 5, 0, 0, 0),
(164, '2016-02-24 13:23:46', 21, '000000043', '000000043', 24, 5, 0, 5),
(165, '2016-02-24 13:23:46', 22, '000000043', '000000043', 24, 0, 0, 0),
(166, '2016-02-24 13:23:46', 24, '000000043', '000000043', 1, 0, 0, 0),
(167, '2016-02-24 13:23:46', 27, '000000043', '000000043', 3, 0, 0, 0),
(168, '2016-02-24 13:23:46', 34, '000000043', '000000043', 6, 0, 0, 0),
(169, '2016-02-24 13:23:46', 46, '000000043', '000000043', 4, 0, 0, 0),
(170, '2016-02-24 13:23:46', 57, '000000043', '000000043', 6, 0, 0, 0),
(171, '2016-02-24 13:23:46', 62, '000000043', '000000043', 1, 0, 0, 0),
(172, '2016-02-24 13:23:46', 68, '000000043', '000000043', 2, 0, 0, 0),
(173, '2016-02-24 13:23:46', 75, '000000043', '000000043', 4, 0, 0, 0),
(174, '2016-02-24 13:23:46', 84, '000000043', '000000043', 2, 1, 0, 1),
(175, '2016-02-24 13:23:46', 85, '000000043', '000000043', 50, 10, 0, 10),
(176, '2016-02-24 13:23:46', 86, '000000043', '000000043', 25, 10, 0, 10),
(177, '2016-02-24 13:23:46', 87, '000000043', '000000043', 25, 10, 0, 10),
(178, '2016-02-24 13:23:46', 88, '000000043', '000000043', 25, 10, 0, 10),
(179, '2016-02-24 13:23:46', 96, '000000043', '000000043', 50, 10, 0, 10),
(180, '2016-02-24 13:23:46', 97, '000000043', '000000043', 50, 0, 0, 0),
(181, '2016-02-24 13:23:46', 98, '000000043', '000000043', 40, 7, 0, 7),
(182, '2016-02-24 13:23:46', 100, '000000043', '000000043', 10, 0, 0, 0),
(183, '2016-02-24 13:23:46', 104, '000000043', '000000043', 2, 0, 0, 0),
(184, '2016-02-24 13:23:46', 106, '000000043', '000000043', 6, 0, 0, 0),
(185, '2016-02-24 13:23:46', 109, '000000043', '000000043', 1, 0, 0, 0),
(186, '2016-02-24 13:23:46', 119, '000000043', '000000043', 2, 0, 0, 0),
(187, '2016-02-24 13:23:46', 138, '000000043', '000000043', 2, 0, 0, 0),
(188, '2016-02-24 13:23:46', 142, '000000043', '000000043', 2, 0, 0, 0),
(189, '2016-02-24 13:23:46', 143, '000000043', '000000043', 2, 0, 0, 0),
(190, '2016-02-24 13:23:47', 145, '000000043', '000000043', 2, 0, 0, 0),
(191, '2016-02-24 13:23:47', 153, '000000043', '000000043', 2, 0, 0, 0),
(192, '2016-02-24 13:23:47', 210, '000000043', '000000043', 50, 0, 0, 0),
(193, '2016-02-24 13:23:47', 239, '000000043', '000000043', 1, 0, 0, 0),
(194, '2016-02-24 13:23:47', 241, '000000043', '000000043', 1, 0, 0, 0),
(195, '2016-02-24 13:23:47', 245, '000000043', '000000043', 1, 0, 0, 0),
(196, '2016-02-24 13:23:47', 246, '000000043', '000000043', 1, 0, 0, 0),
(197, '2016-02-24 13:23:47', 276, '000000043', '000000043', 6, 0, 0, 0),
(198, '2016-02-24 13:23:47', 280, '000000043', '000000043', 40, 0, 0, 0),
(199, '2016-02-24 13:23:47', 281, '000000043', '000000043', 60, 0, 0, 0),
(200, '2016-02-22 13:37:48', 2, '000000044', '000000044', 1, 1, 0, 1),
(201, '2016-02-22 13:37:48', 3, '000000044', '000000044', 1, 1, 0, 1),
(202, '2016-02-22 15:12:34', 277, '000000045', '000000045', 1, 1, 0, 1),
(203, '2016-02-22 15:12:02', 98, '000000046', '000000046', 1, 1, 0, 1),
(204, '2016-02-22 15:12:02', 72, '000000046', '000000046', 1, 1, 0, 1),
(205, '2016-02-22 15:12:02', 50, '000000046', '000000046', 2, 2, 0, 2),
(206, '2016-02-24 13:24:29', 98, '000000047', '000000047', 1, 1, 0, 1),
(207, '2016-02-24 13:24:06', 98, '000000048', '000000048', 1, 1, 0, 1),
(208, '2016-02-24 13:17:42', 5, '000000049', '000000049', 1, 1, 0, 1),
(209, '2016-02-24 13:17:42', 18, '000000049', '000000049', 2, 1, 0, 1),
(210, '2016-02-24 13:17:42', 20, '000000049', '000000049', 3, 0, 0, 0),
(211, '2016-02-24 13:17:42', 48, '000000049', '000000049', 1, 1, 0, 1),
(212, '2016-02-24 13:17:42', 80, '000000049', '000000049', 1, 1, 0, 1),
(213, '2016-02-24 13:17:42', 85, '000000049', '000000049', 10, 4, 0, 4),
(214, '2016-02-24 13:17:43', 87, '000000049', '000000049', 10, 5, 0, 5),
(215, '2016-02-24 13:17:43', 95, '000000049', '000000049', 10, 10, 0, 10),
(216, '2016-02-24 13:17:43', 96, '000000049', '000000049', 10, 5, 0, 5),
(217, '2016-02-24 13:17:43', 98, '000000049', '000000049', 1, 1, 0, 1),
(218, '2016-03-01 17:00:47', 226, '000000050', '000000050', 1, 1, 0, 1),
(219, '2016-02-29 16:58:39', 280, '000000051', '000000051', 4, 4, 0, 4),
(220, '2016-02-29 16:58:39', 281, '000000051', '000000051', 4, 4, 0, 4),
(221, '2016-03-01 15:26:37', 135, '000000052', '000000052', 1, 0, 0, 0),
(222, '2016-03-01 15:26:38', 239, '000000052', '000000052', 1, 1, 0, 1),
(223, '2016-03-01 15:26:38', 240, '000000052', '000000052', 1, 0, 0, 0),
(224, '2016-03-01 15:26:38', 280, '000000052', '000000052', 10, 10, 0, 10),
(225, '2016-03-01 15:26:38', 281, '000000052', '000000052', 10, 10, 0, 10),
(226, '2016-03-01 14:23:54', 57, '000000053', '000000053', 2, NULL, 0, 0),
(227, '2016-03-01 17:26:58', 98, '000000054', '000000054', 2, 2, 0, 2),
(228, '2016-03-01 17:27:09', 35, '000000055', '000000055', 2, 2, 0, 2),
(229, '2016-03-04 14:00:37', 136, '000000056', '000000056', 1, 1, 0, 1),
(230, '2016-03-03 13:12:18', 196, '000000057', '000000057', 1, 1, 0, 1),
(231, '2016-03-03 13:12:18', 222, '000000057', '000000057', 1, 1, 0, 1),
(232, '2016-03-03 15:48:40', 139, '000000058', '000000058', 1, 1, 0, 1),
(233, '2016-03-07 13:10:25', 2, '000000059', '000000059', 1, 1, 0, 1),
(234, '2016-03-07 13:10:25', 3, '000000059', '000000059', 1, 1, 0, 1),
(238, '2016-03-03 16:17:52', 5, '000000060', '000000060', 2, NULL, 0, 0),
(239, '2016-03-03 16:19:41', 1, '000000060', '000000060', 1, NULL, 0, 0),
(240, '2016-03-03 16:19:47', 2, '000000060', '000000060', 1, NULL, 0, 0),
(241, '2016-03-03 16:20:09', 12, '000000060', '000000060', 1, NULL, 0, 0),
(242, '2016-03-03 16:20:41', 13, '000000060', '000000060', 1, NULL, 0, 0),
(244, '2016-03-03 16:21:11', 22, '000000060', '000000060', 1, NULL, 0, 0),
(245, '2016-03-03 16:21:35', 21, '000000060', '000000060', 1, NULL, 0, 0),
(246, '2016-03-03 16:22:18', 52, '000000060', '000000060', 1, NULL, 0, 0),
(247, '2016-03-03 16:23:13', 98, '000000060', '000000060', 1, NULL, 0, 0),
(248, '2016-03-03 16:26:04', 85, '000000060', '000000060', 1, NULL, 0, 0),
(249, '2016-03-03 16:27:09', 87, '000000060', '000000060', 1, NULL, 0, 0),
(250, '2016-03-03 16:32:00', 90, '000000060', '000000060', 1, NULL, 0, 0),
(251, '2016-03-07 13:09:44', 230, '000000061', '000000061', 1, 1, 0, 1),
(252, '2016-03-07 13:13:45', 210, '000000062', '000000062', 12, 12, 0, 12),
(253, '2016-03-07 14:27:33', 210, '000000063', '000000063', 12, 12, 0, 12),
(254, '2016-03-07 13:40:39', 248, '000000064', '000000064', 1, NULL, 0, 0),
(255, '2016-03-07 14:39:20', 178, '000000065', '000000065', 1, NULL, 0, 0),
(256, '2016-03-07 15:35:47', 241, '000000066', '000000066', 1, 0, 0, 0),
(257, '2016-03-07 15:35:47', 281, '000000066', '000000066', 6, 6, 0, 6),
(258, '2016-03-07 15:39:17', 98, '000000067', '000000067', 2, 1, 0, 1),
(259, '2016-03-07 15:35:19', 98, '000000068', '000000068', 1, 1, 0, 1),
(260, '2016-03-07 16:58:24', 5, '000000069', '000000069', 2, 1, 0, 1),
(261, '2016-03-07 16:58:24', 12, '000000069', '000000069', 2, 1, 0, 1),
(262, '2016-03-07 16:58:24', 21, '000000069', '000000069', 3, 1, 0, 1),
(263, '2016-03-07 16:58:24', 24, '000000069', '000000069', 3, 0, 0, 0),
(264, '2016-03-07 16:58:24', 68, '000000069', '000000069', 1, 0, 0, 0),
(265, '2016-03-07 16:58:24', 87, '000000069', '000000069', 10, 5, 0, 5),
(266, '2016-03-07 16:58:24', 95, '000000069', '000000069', 10, 5, 0, 5),
(267, '2016-03-07 16:58:24', 96, '000000069', '000000069', 6, 6, 0, 6),
(268, '2016-03-07 16:58:24', 98, '000000069', '000000069', 2, 1, 0, 1),
(269, '2016-03-07 16:58:24', 100, '000000069', '000000069', 1, 0, 0, 0),
(270, '2016-03-07 16:57:22', 12, '000000070', '000000070', 1, 1, 0, 1),
(271, '2016-03-07 16:57:22', 98, '000000070', '000000070', 1, 1, 0, 1),
(272, '2016-03-08 14:40:16', 218, '000000071', '000000071', 2, 2, 0, 2),
(273, '2016-03-14 14:15:45', 53, '000000072', '000000072', 2, 2, 0, 2),
(274, '2016-03-14 14:15:45', 9, '000000072', '000000072', 1, 1, 0, 1),
(275, '2016-03-14 14:15:45', 81, '000000072', '000000072', 1, 1, 0, 1),
(276, '2016-03-14 14:15:45', 8, '000000072', '000000072', 1, 0, 0, 0),
(277, '2016-03-16 14:58:35', 5, '000000073', '000000073', 2, 1, 0, 1),
(278, '2016-03-16 14:58:35', 21, '000000073', '000000073', 2, 2, 0, 2),
(279, '2016-03-16 14:58:35', 22, '000000073', '000000073', 2, 0, 0, 0),
(280, '2016-03-16 14:58:35', 23, '000000073', '000000073', 2, 2, 0, 2),
(281, '2016-03-16 14:58:35', 63, '000000073', '000000073', 2, 2, 0, 2),
(282, '2016-03-16 14:52:57', 12, '000000074', '000000074', 24, 24, 0, 24),
(283, '2016-03-16 14:52:57', 13, '000000074', '000000074', 24, 24, 0, 24),
(284, '2016-03-16 14:52:57', 14, '000000074', '000000074', 24, 0, 0, 0),
(285, '2016-03-16 14:53:27', 15, '000000075', '000000075', 20, 6, 0, 6),
(286, '2016-03-16 14:55:12', 17, '000000076', '000000076', 2, 0, 0, 0),
(287, '2016-03-16 14:55:12', 18, '000000076', '000000076', 2, 0, 0, 0),
(288, '2016-03-16 14:55:12', 19, '000000076', '000000076', 2, 2, 0, 2),
(289, '2016-03-16 14:55:12', 20, '000000076', '000000076', 24, 0, 0, 0),
(290, '2016-03-16 14:55:12', 21, '000000076', '000000076', 12, 2, 0, 2),
(291, '2016-03-16 14:55:12', 22, '000000076', '000000076', 12, 0, 0, 0),
(292, '2016-03-16 14:55:12', 24, '000000076', '000000076', 1, 0, 0, 0),
(293, '2016-03-16 14:55:12', 26, '000000076', '000000076', 2, 0, 0, 0),
(294, '2016-03-16 14:55:12', 30, '000000076', '000000076', 2, 0, 0, 0),
(295, '2016-03-16 14:55:12', 34, '000000076', '000000076', 6, 0, 0, 0),
(296, '2016-03-16 14:55:12', 40, '000000076', '000000076', 2, 0, 0, 0),
(297, '2016-03-16 14:55:12', 52, '000000076', '000000076', 6, 0, 0, 0),
(298, '2016-03-16 14:55:12', 62, '000000076', '000000076', 4, 0, 0, 0),
(299, '2016-03-16 14:55:12', 63, '000000076', '000000076', 4, 2, 0, 2),
(300, '2016-03-16 14:52:21', 280, '000000077', '000000077', 12, 4, 0, 4),
(301, '2016-03-16 14:53:55', 281, '000000078', '000000078', 12, 6, 0, 6),
(302, '2016-03-16 15:56:53', 48, '000000079', '000000079', 1, 1, 0, 1),
(303, '2016-03-16 14:54:03', 241, '000000080', '000000080', 1, 0, 0, 0),
(304, '2016-03-16 14:35:02', 194, '000000081', '000000081', 1, 1, 0, 1),
(305, '2016-03-16 14:35:55', 2, '000000082', '000000082', 1, 1, 0, 1),
(306, '2016-03-16 14:35:55', 3, '000000082', '000000082', 1, 1, 0, 1),
(307, '2016-03-29 13:43:34', 136, '000000083', '000000083', 2, 0, 0, 0),
(308, '2016-03-29 13:43:34', 280, '000000083', '000000083', 10, 5, 0, 5),
(309, '2016-03-29 13:43:34', 281, '000000083', '000000083', 10, 10, 0, 10),
(310, '2016-03-29 13:44:02', 6, '000000084', '000000084', 1, 0, 0, 0),
(311, '2016-03-29 13:44:02', 86, '000000084', '000000084', 10, 10, 0, 10),
(312, '2016-03-29 13:44:02', 87, '000000084', '000000084', 10, 5, 0, 5),
(313, '2016-03-29 13:44:02', 88, '000000084', '000000084', 10, 5, 0, 5),
(314, '2016-03-29 13:44:03', 98, '000000084', '000000084', 3, 2, 0, 2),
(315, '2016-03-29 13:42:56', 207, '000000085', '000000085', 1, 1, 0, 1),
(316, '2016-04-07 14:59:41', 164, '000000086', '000000086', 1, 1, 0, 1),
(317, '2016-04-07 15:14:59', 12, '000000087', '000000087', 3, 3, 0, 3),
(318, '2016-04-07 15:14:59', 13, '000000087', '000000087', 2, 2, 0, 2),
(319, '2016-04-07 15:15:00', 14, '000000087', '000000087', 2, 0, 0, 0),
(320, '2016-04-13 18:29:45', 87, '000000088', '000000088', 10, 10, 0, 10),
(321, '2016-04-13 18:29:45', 88, '000000088', '000000088', 10, 10, 0, 10),
(322, '2016-04-13 18:29:46', 13, '000000088', '000000088', 12, 12, 0, 12),
(323, '2016-04-07 15:09:03', 2, '000000089', '000000089', 2, 2, 0, 2),
(324, '2016-04-07 15:09:03', 3, '000000089', '000000089', 2, 2, 0, 2),
(325, '2016-04-07 15:09:03', 53, '000000089', '000000089', 2, 2, 0, 2),
(326, '2016-04-07 15:09:03', 98, '000000089', '000000089', 1, 1, 0, 1),
(327, '2016-04-07 15:14:32', 194, '000000090', '000000090', 1, 1, 0, 1),
(328, '2016-04-07 15:14:32', 199, '000000090', '000000090', 1, 1, 0, 1),
(329, '2016-04-07 15:14:32', 218, '000000090', '000000090', 4, 4, 0, 4),
(330, '2016-04-13 13:33:51', 24, '000000091', '000000091', 6, 0, 0, 0),
(331, '2016-04-13 13:33:51', 85, '000000091', '000000091', 6, 6, 0, 6),
(332, '2016-04-13 13:33:51', 86, '000000091', '000000091', 12, 12, 0, 12),
(333, '2016-04-13 13:33:51', 87, '000000091', '000000091', 4, 4, 0, 4),
(334, '2016-04-07 18:21:34', 221, '000000092', '000000092', 1, 1, 0, 1),
(335, '2016-04-13 13:24:03', 5, '000000093', '000000093', 5, 0, 0, 0),
(336, '2016-04-21 13:50:32', 12, '000000093', '000000093', 100, 72, 0, 72),
(337, '2016-04-21 13:50:32', 13, '000000093', '000000093', 100, 72, 0, 72),
(338, '2016-04-13 13:24:04', 14, '000000093', '000000093', 50, 0, 0, 0),
(339, '2016-04-13 13:24:04', 15, '000000093', '000000093', 20, 2, 0, 2),
(340, '2016-04-13 13:24:04', 18, '000000093', '000000093', 5, 2, 0, 2),
(341, '2016-04-13 13:24:04', 21, '000000093', '000000093', 12, 3, 0, 3),
(342, '2016-04-13 13:24:04', 22, '000000093', '000000093', 12, 0, 0, 0),
(343, '2016-04-13 13:24:04', 24, '000000093', '000000093', 12, 0, 0, 0),
(344, '2016-04-13 13:24:04', 35, '000000093', '000000093', 5, 5, 0, 5),
(345, '2016-04-13 13:24:04', 42, '000000093', '000000093', 5, 0, 0, 0),
(346, '2016-04-13 13:24:04', 46, '000000093', '000000093', 2, 0, 0, 0),
(347, '2016-04-13 13:24:04', 57, '000000093', '000000093', 5, 0, 0, 0),
(348, '2016-04-13 13:24:04', 62, '000000093', '000000093', 2, 0, 0, 0),
(349, '2016-04-13 13:24:04', 77, '000000093', '000000093', 2, 2, 0, 2),
(350, '2016-04-21 14:01:25', 81, '000000093', '000000093', 2, 0, 0, 0),
(351, '2016-04-13 13:24:04', 86, '000000093', '000000093', 5, 5, 0, 5),
(352, '2016-04-13 13:24:04', 96, '000000093', '000000093', 50, 15, 0, 15),
(353, '2016-04-13 13:24:04', 104, '000000093', '000000093', 2, 0, 0, 0),
(354, '2016-04-21 14:01:25', 105, '000000093', '000000093', 5, 1, 0, 1),
(355, '2016-04-13 13:24:04', 138, '000000093', '000000093', 1, 0, 0, 0),
(356, '2016-04-13 13:24:04', 142, '000000093', '000000093', 2, 0, 0, 0),
(357, '2016-04-13 13:24:04', 143, '000000093', '000000093', 2, 0, 0, 0),
(358, '2016-04-13 13:24:04', 145, '000000093', '000000093', 4, 1, 0, 1),
(359, '2016-04-13 13:24:04', 153, '000000093', '000000093', 1, 1, 0, 1),
(360, '2016-04-13 13:24:04', 214, '000000093', '000000093', 1, 0, 0, 0),
(361, '2016-04-13 13:24:04', 239, '000000093', '000000093', 1, 0, 0, 0),
(362, '2016-04-13 13:24:04', 240, '000000093', '000000093', 1, 0, 0, 0),
(363, '2016-04-13 13:24:04', 245, '000000093', '000000093', 1, 0, 0, 0),
(364, '2016-04-13 13:24:04', 276, '000000093', '000000093', 5, 0, 0, 0),
(365, '2016-04-13 18:29:00', 240, '000000094', '000000094', 1, 0, 0, 0),
(366, '2016-04-13 18:29:00', 241, '000000094', '000000094', 1, 0, 0, 0),
(367, '2016-04-13 18:29:00', 245, '000000094', '000000094', 1, 0, 0, 0),
(368, '2016-04-13 18:29:00', 280, '000000094', '000000094', 10, 10, 0, 10),
(369, '2016-04-13 18:29:00', 281, '000000094', '000000094', 20, 20, 0, 20),
(370, '2016-04-13 18:29:46', 12, '000000088', '000000088', 10, 10, 0, 10),
(371, '2016-04-12 15:35:28', 281, '000000095', '000000095', 10, 5, 0, 5),
(372, '2016-04-12 15:35:28', 280, '000000095', '000000095', 5, 5, 0, 5),
(373, '2016-04-11 15:37:12', 199, '000000096', '000000096', 1, NULL, 0, 0),
(374, '2016-04-13 18:28:39', 87, '000000097', '000000097', 3, 3, 0, 3),
(375, '2016-04-21 15:31:47', 5, '000000098', '000000098', 2, 0, 0, 0),
(376, '2016-04-21 15:31:47', 12, '000000098', '000000098', 1, 1, 0, 1),
(377, '2016-04-22 14:10:20', 21, '000000098', '000000098', 4, 0, 0, 0),
(378, '2016-04-21 15:31:47', 85, '000000098', '000000098', 10, 5, 0, 5),
(379, '2016-04-21 15:31:47', 87, '000000098', '000000098', 10, 5, 0, 5),
(380, '2016-04-21 15:31:47', 98, '000000098', '000000098', 2, 1, 0, 1),
(381, '2016-04-21 15:32:48', 98, '000000099', '000000099', 2, 1, 0, 1),
(382, '2016-04-22 14:03:44', 106, '000000100', '000000100', 1, 1, 0, 1),
(383, '2016-04-22 13:33:16', 136, '000000100', '000000100', 1, 1, 0, 1),
(384, '2016-04-22 13:33:16', 139, '000000100', '000000100', 1, 1, 0, 1),
(385, '2016-04-22 15:11:51', 2, '000000101', '000000101', 3, 3, 0, 3),
(386, '2016-04-22 15:11:51', 3, '000000101', '000000101', 3, 3, 0, 3),
(387, '2016-04-22 15:11:51', 50, '000000101', '000000101', 2, 2, 0, 2),
(388, '2016-04-22 15:11:51', 86, '000000101', '000000101', 10, 10, 0, 10),
(389, '2016-04-22 15:11:51', 95, '000000101', '000000101', 5, 5, 0, 5),
(390, '2016-04-22 15:11:51', 96, '000000101', '000000101', 5, 5, 0, 5),
(391, '2016-04-22 15:34:54', 98, '000000101', '000000101', 1, 1, 0, 1),
(392, '2016-04-22 15:12:07', 81, '000000102', '000000102', 1, 1, 0, 1),
(393, '2016-04-22 15:12:22', 21, '000000103', '000000103', 1, 1, 0, 1),
(394, '2016-04-22 15:12:22', 98, '000000103', '000000103', 1, 1, 0, 1),
(395, '2016-04-25 14:00:10', 204, '000000104', '000000104', 1, 1, 0, 1),
(396, '2016-04-25 15:38:52', 163, '000000105', '000000105', 1, 1, 0, 1),
(397, '2016-04-25 15:39:04', 164, '000000106', '000000106', 1, 1, 0, 1),
(398, '2016-04-25 15:39:12', 226, '000000107', '000000107', 1, 1, 0, 1),
(399, '2016-04-25 15:39:22', 236, '000000108', '000000108', 1, 1, 0, 1),
(400, '2016-04-26 14:47:31', 85, '000000109', '000000109', 2, 2, 0, 2),
(401, '2016-04-26 14:47:31', 98, '000000109', '000000109', 1, 1, 0, 1),
(402, '2016-04-26 14:48:02', 138, '000000110', '000000110', 1, 1, 0, 1),
(403, '2016-04-26 14:48:02', 280, '000000110', '000000110', 10, 10, 0, 10),
(404, '2016-04-26 14:48:02', 281, '000000110', '000000110', 10, 10, 0, 10),
(405, '2016-04-26 15:30:25', 136, '000000111', '000000111', 1, 1, 0, 1);

--
-- Volcado de datos para la tabla `alm_aprueba`
--

INSERT INTO `alm_aprueba` (`ID`, `TIME`, `id_usuario`, `nr_solicitud`) VALUES
(1, '2016-01-29 16:29:15', '15189234', '000000002'),
(2, '2016-02-03 12:47:29', '15189234', '000000004'),
(3, '2016-02-03 13:31:04', '15189234', '000000005'),
(4, '2016-02-03 13:35:00', '15189234', '000000006'),
(5, '2016-02-03 14:55:01', '15189234', '000000007'),
(6, '2016-02-03 15:33:46', '15189234', '000000010'),
(7, '2016-02-03 15:44:25', '15189234', '000000011'),
(8, '2016-02-03 16:48:54', '15189234', '000000009'),
(9, '2016-02-04 15:24:42', '15189234', '000000012'),
(10, '2016-02-04 15:32:42', '15189234', '000000018'),
(11, '2016-02-04 17:36:23', '15189234', '000000001'),
(12, '2016-02-04 17:52:23', '15189234', '000000003'),
(13, '2016-02-04 18:55:50', '15189234', '000000015'),
(14, '2016-02-04 18:56:32', '15189234', '000000016'),
(15, '2016-02-05 18:12:44', '15189234', '000000013'),
(16, '2016-02-05 18:14:11', '15189234', '000000019'),
(17, '2016-02-05 18:19:07', '15189234', '000000020'),
(18, '2016-02-05 18:21:50', '15189234', '000000021'),
(19, '2016-02-10 14:31:52', '15189234', '000000022'),
(20, '2016-02-10 14:38:31', '7142771', '000000008'),
(21, '2016-02-10 17:47:50', '15189234', '000000024'),
(22, '2016-02-11 14:50:17', '7142771', '000000023'),
(23, '2016-02-11 14:51:38', '7142771', '000000027'),
(24, '2016-02-11 17:05:05', '15189234', '000000028'),
(25, '2016-02-11 17:07:25', '15189234', '000000029'),
(26, '2016-02-11 17:12:55', '15189234', '000000030'),
(27, '2016-02-11 17:13:44', '15189234', '000000031'),
(28, '2016-02-11 18:00:21', '15189234', '000000025'),
(29, '2016-02-15 14:13:47', '7142771', '000000032'),
(30, '2016-02-15 15:37:20', '10131920', '000000032'),
(31, '2016-02-15 15:47:44', '7142771', '000000033'),
(32, '2016-02-17 13:40:49', '15189234', '000000036'),
(33, '2016-02-17 13:54:47', '15189234', '000000037'),
(34, '2016-02-17 13:55:40', '15189234', '000000034'),
(35, '2016-02-17 14:22:09', '7142771', '000000026'),
(36, '2016-02-17 14:22:27', '7142771', '000000038'),
(37, '2016-02-17 14:27:38', '7142771', '000000035'),
(38, '2016-02-17 14:27:49', '7142771', '000000039'),
(39, '2016-02-17 15:41:34', '7142771', '000000040'),
(40, '2016-02-22 13:07:36', '15189234', '000000035'),
(41, '2016-02-22 13:37:48', '7142771', '000000044'),
(42, '2016-02-22 15:12:02', '7142771', '000000046'),
(43, '2016-02-22 15:12:34', '7142771', '000000045'),
(44, '2016-02-24 13:17:43', '7142771', '000000049'),
(45, '2016-02-24 13:23:47', '7142771', '000000043'),
(46, '2016-02-24 13:24:06', '7142771', '000000048'),
(47, '2016-02-24 13:24:29', '7142771', '000000047'),
(48, '2016-02-29 16:58:39', '15189234', '000000051'),
(49, '2016-03-01 15:26:38', '15189234', '000000052'),
(50, '2016-03-01 17:00:47', '7142771', '000000050'),
(51, '2016-03-01 17:26:58', '7142771', '000000054'),
(52, '2016-03-01 17:27:09', '7142771', '000000055'),
(53, '2016-03-03 13:12:18', '7142771', '000000057'),
(54, '2016-03-03 15:48:40', '7142771', '000000058'),
(55, '2016-03-04 14:00:37', '15189234', '000000056'),
(56, '2016-03-07 13:09:45', '7142771', '000000061'),
(57, '2016-03-07 13:09:53', '7142771', '000000062'),
(58, '2016-03-07 13:10:25', '7142771', '000000059'),
(59, '2016-03-07 14:27:33', '7142771', '000000063'),
(60, '2016-03-07 15:35:19', '7142771', '000000068'),
(61, '2016-03-07 15:35:47', '7142771', '000000066'),
(62, '2016-03-07 15:36:30', '7142771', '000000067'),
(63, '2016-03-07 15:39:17', '15189234', '000000067'),
(64, '2016-03-07 16:57:22', '7142771', '000000070'),
(65, '2016-03-07 16:58:24', '7142771', '000000069'),
(66, '2016-03-08 14:40:16', '15189234', '000000071'),
(67, '2016-03-14 14:15:45', '7142771', '000000072'),
(68, '2016-03-16 14:35:02', '15189234', '000000081'),
(69, '2016-03-16 14:35:55', '15189234', '000000082'),
(70, '2016-03-16 14:52:21', '7142771', '000000077'),
(71, '2016-03-16 14:52:57', '7142771', '000000074'),
(72, '2016-03-16 14:53:27', '7142771', '000000075'),
(73, '2016-03-16 14:53:55', '7142771', '000000078'),
(74, '2016-03-16 14:54:03', '7142771', '000000080'),
(75, '2016-03-16 14:55:12', '7142771', '000000076'),
(76, '2016-03-16 14:55:22', '7142771', '000000079'),
(77, '2016-03-16 14:58:35', '7142771', '000000073'),
(78, '2016-03-16 15:16:24', '15189234', '000000079'),
(79, '2016-03-29 13:42:56', '7142771', '000000085'),
(80, '2016-03-29 13:43:34', '7142771', '000000083'),
(81, '2016-03-29 13:44:03', '7142771', '000000084'),
(82, '2016-04-07 14:59:41', '15189234', '000000086'),
(83, '2016-04-07 15:09:03', '15189234', '000000089'),
(84, '2016-04-07 15:14:32', '7142771', '000000090'),
(85, '2016-04-07 15:15:00', '7142771', '000000087'),
(86, '2016-04-07 18:21:34', '15189234', '000000092'),
(87, '2016-04-12 15:35:28', '7142771', '000000095'),
(88, '2016-04-13 13:24:04', '7142771', '000000093'),
(89, '2016-04-13 13:33:51', '7142771', '000000091'),
(90, '2016-04-13 18:28:39', '7142771', '000000097'),
(91, '2016-04-13 18:29:00', '7142771', '000000094'),
(92, '2016-04-13 18:29:46', '7142771', '000000088'),
(93, '2016-04-21 13:50:33', '15189234', '000000093'),
(94, '2016-04-21 15:31:47', '7142771', '000000098'),
(95, '2016-04-21 15:32:48', '7142771', '000000099'),
(96, '2016-04-22 13:33:16', '15189234', '000000100'),
(97, '2016-04-22 14:10:20', '15189234', '000000098'),
(98, '2016-04-22 15:11:51', '7142771', '000000101'),
(99, '2016-04-22 15:12:07', '7142771', '000000102'),
(100, '2016-04-22 15:12:22', '7142771', '000000103'),
(101, '2016-04-22 15:34:54', '15189234', '000000101'),
(102, '2016-04-25 14:00:11', '7142771', '000000104'),
(103, '2016-04-25 15:38:52', '15189234', '000000105'),
(104, '2016-04-25 15:39:04', '15189234', '000000106'),
(105, '2016-04-25 15:39:12', '15189234', '000000107'),
(106, '2016-04-25 15:39:22', '15189234', '000000108'),
(107, '2016-04-26 14:47:31', '7142771', '000000109'),
(108, '2016-04-26 14:48:02', '7142771', '000000110'),
(109, '2016-04-26 15:30:25', '15189234', '000000111');


INSERT INTO `alm_genera` (`ID`, `TIME`, `id_usuario`, `nr_solicitud`) VALUES
(1, '2016-01-29 15:31:54', '13989244', '000000001'),
(2, '2016-01-29 16:24:01', '10131920', '000000002'),
(3, '2016-02-02 15:33:46', '8841651', '000000003'),
(4, '2016-02-02 15:38:04', '10701349', '000000004'),
(5, '2016-02-02 15:43:43', '10701349', '000000005'),
(6, '2016-02-02 15:45:10', '10701349', '000000006'),
(7, '2016-02-03 13:37:33', '10701349', '000000007'),
(8, '2016-02-03 14:10:04', '10701349', '000000008'),
(9, '2016-02-03 15:11:19', '8668239', '000000009'),
(10, '2016-02-03 15:23:54', '10701349', '000000010'),
(11, '2016-02-03 15:36:04', '10701349', '000000011'),
(12, '2016-02-03 18:21:38', '10228698', '000000012'),
(13, '2016-02-03 18:59:11', '13988151', '000000013'),
(14, '2016-02-03 19:01:06', '17986853', '000000014'),
(15, '2016-02-04 14:31:43', '8841651', '000000015'),
(16, '2016-02-04 14:36:03', '8841651', '000000016'),
(17, '2016-02-04 15:11:06', '10701349', '000000017'),
(18, '2016-02-04 15:30:20', '10228698', '000000018'),
(19, '2016-02-04 16:31:17', '7012556', '000000019'),
(20, '2016-02-04 16:33:56', '10233908', '000000020'),
(21, '2016-02-04 16:34:20', '7012556', '000000021'),
(22, '2016-02-05 18:39:49', '10701349', '000000022'),
(23, '2016-02-10 15:36:02', '14382083', '000000023'),
(24, '2016-02-10 15:39:53', '8841651', '000000024'),
(25, '2016-02-10 15:43:44', '14382083', '000000025'),
(26, '2016-02-11 13:59:28', '14162837', '000000026'),
(27, '2016-02-11 14:46:07', '10701349', '000000027'),
(28, '2016-02-11 15:40:12', '10701349', '000000028'),
(29, '2016-02-11 15:44:36', '10701349', '000000029'),
(30, '2016-02-11 15:47:06', '10701349', '000000030'),
(31, '2016-02-11 15:50:27', '10701349', '000000031'),
(32, '2016-02-12 15:47:11', '14382083', '000000032'),
(33, '2016-02-15 14:54:27', '10701349', '000000033'),
(34, '2016-02-16 15:32:59', '10701349', '000000034'),
(35, '2016-02-16 16:22:20', '10577808', '000000035'),
(36, '2016-02-17 13:34:25', '10701349', '000000036'),
(37, '2016-02-17 13:50:35', '10701349', '000000037'),
(38, '2016-02-17 13:51:29', '10701349', '000000038'),
(39, '2016-02-17 14:25:40', '10131920', '000000039'),
(40, '2016-02-17 14:35:20', '17316466', '000000040'),
(41, '2016-02-17 15:49:03', '14162837', '000000041'),
(42, '2016-02-18 13:34:44', '8841651', '000000042'),
(43, '2016-02-22 12:53:38', '11364017', '000000043'),
(44, '2016-02-22 13:32:53', '10701349', '000000044'),
(45, '2016-02-22 14:14:29', '7084323', '000000045'),
(46, '2016-02-22 15:08:17', '17032400', '000000046'),
(47, '2016-02-22 18:17:17', '8668239', '000000047'),
(48, '2016-02-22 18:35:36', '17032400', '000000048'),
(49, '2016-02-23 16:45:31', '10228698', '000000049'),
(50, '2016-02-26 14:13:59', '10701349', '000000050'),
(51, '2016-02-29 16:53:04', '10701349', '000000051'),
(52, '2016-03-01 13:50:29', '10701349', '000000052'),
(53, '2016-03-01 14:23:54', '10577808', '000000053'),
(54, '2016-03-01 17:19:17', '10701349', '000000054'),
(55, '2016-03-01 17:20:13', '10701349', '000000055'),
(56, '2016-03-02 15:18:16', '10701349', '000000056'),
(57, '2016-03-03 13:07:21', '10701349', '000000057'),
(58, '2016-03-03 15:27:12', '10701349', '000000058'),
(59, '2016-03-03 15:58:19', '10701349', '000000059'),
(60, '2016-03-03 16:17:52', '11155728', '000000060'),
(61, '2016-03-07 13:04:55', '10131920', '000000061'),
(62, '2016-03-07 13:08:36', '10131920', '000000062'),
(63, '2016-03-07 13:14:40', '10131920', '000000063'),
(64, '2016-03-07 13:40:39', '10131920', '000000064'),
(65, '2016-03-07 14:39:20', '10131920', '000000065'),
(66, '2016-03-07 14:39:52', '10701349', '000000066'),
(67, '2016-03-07 15:16:40', '10701349', '000000067'),
(68, '2016-03-07 15:34:02', '13588340', '000000068'),
(69, '2016-03-07 15:42:05', '11359154', '000000069'),
(70, '2016-03-07 15:58:52', '10228698', '000000070'),
(71, '2016-03-08 14:18:55', '10701349', '000000071'),
(72, '2016-03-14 14:02:42', '17032400', '000000072'),
(73, '2016-03-15 13:28:17', '13588340', '000000073'),
(74, '2016-03-16 12:29:34', '11809738', '000000074'),
(75, '2016-03-16 12:30:38', '11809738', '000000075'),
(76, '2016-03-16 12:58:45', '11809738', '000000076'),
(77, '2016-03-16 13:11:57', '14162837', '000000077'),
(78, '2016-03-16 13:15:49', '14162837', '000000078'),
(79, '2016-03-16 13:22:14', '13588340', '000000079'),
(80, '2016-03-16 13:24:44', '14162837', '000000080'),
(81, '2016-03-16 14:32:09', '10701349', '000000081'),
(82, '2016-03-16 14:33:14', '10701349', '000000082'),
(83, '2016-03-28 15:42:33', '10701349', '000000083'),
(84, '2016-03-28 15:43:36', '17316466', '000000084'),
(85, '2016-03-29 13:38:51', '10701349', '000000085'),
(86, '2016-03-30 14:32:24', '10701349', '000000086'),
(87, '2016-04-04 12:56:36', '8841651', '000000087'),
(88, '2016-04-04 12:59:16', '8841651', '000000088'),
(89, '2016-04-07 15:05:35', '10701349', '000000089'),
(90, '2016-04-07 15:07:12', '10701349', '000000090'),
(91, '2016-04-07 15:53:12', '13588340', '000000091'),
(92, '2016-04-07 16:14:35', '10701349', '000000092'),
(93, '2016-04-08 14:47:14', '11364017', '000000093'),
(94, '2016-04-08 15:59:34', '7122700', '000000094'),
(95, '2016-04-11 12:03:46', '8841651', '000000095'),
(96, '2016-04-11 15:37:12', '10701349', '000000096'),
(97, '2016-04-13 13:36:20', '13588340', '000000097'),
(98, '2016-04-21 13:42:07', '10228698', '000000098'),
(99, '2016-04-21 15:22:31', '13588340', '000000099'),
(100, '2016-04-22 12:25:16', '10701349', '000000100'),
(101, '2016-04-22 12:30:04', '10701349', '000000101'),
(102, '2016-04-22 12:35:37', '10701349', '000000102'),
(103, '2016-04-22 14:14:33', '10701349', '000000103'),
(104, '2016-04-22 15:03:21', '10701349', '000000104'),
(105, '2016-04-25 15:29:36', '6484055', '000000105'),
(106, '2016-04-25 15:32:35', '6484055', '000000106'),
(107, '2016-04-25 15:34:25', '6484055', '000000107'),
(108, '2016-04-25 15:36:43', '6484055', '000000108'),
(109, '2016-04-25 18:53:35', '17032400', '000000109'),
(110, '2016-04-26 13:41:28', '10701349', '000000110'),
(111, '2016-04-26 13:55:15', '10701349', '000000111');


INSERT INTO `alm_historial_a` (`ID`, `TIME`, `id_historial_a`, `entrada`, `salida`, `nuevo`, `observacion`, `por_usuario`) VALUES
(265, '2016-02-05 15:36:29', '000000001171', NULL, 1, 1, ' ', ''),
(266, '2016-02-05 15:36:29', '000000001211', NULL, 5, 1, ' ', ''),
(267, '2016-02-05 15:36:29', '000000001241', NULL, 1, 1, ' ', ''),
(269, '2016-02-05 15:36:30', '0000000012771', NULL, 1, 1, ' ', ''),
(270, '2016-02-05 15:36:30', '0000000012821', NULL, 4, 1, ' ', ''),
(268, '2016-02-05 15:36:29', '000000001981', NULL, 2, 1, ' ', ''),
(247, '2016-01-29 16:35:45', '0000000022841', NULL, 1, 1, ' ', ''),
(362, '2016-02-29 13:44:37', '000000003121', NULL, 24, 1, ' ', ''),
(365, '2016-02-29 13:44:37', '000000003211', NULL, 5, 1, ' ', ''),
(368, '2016-02-29 13:44:37', '000000003231', NULL, 1, 1, ' ', ''),
(366, '2016-02-29 13:44:37', '0000000032401', NULL, 1, 1, ' ', ''),
(367, '2016-02-29 13:44:37', '000000003621', NULL, 1, 1, ' ', ''),
(359, '2016-02-29 13:44:37', '000000003801', NULL, 4, 1, ' ', ''),
(363, '2016-02-29 13:44:37', '000000003851', NULL, 10, 1, ' ', ''),
(364, '2016-02-29 13:44:37', '000000003861', NULL, 10, 1, ' ', ''),
(360, '2016-02-29 13:44:37', '000000003951', NULL, 30, 1, ' ', ''),
(361, '2016-02-29 13:44:37', '000000003981', NULL, 8, 1, ' ', ''),
(248, '2016-02-03 13:32:18', '0000000042461', NULL, 1, 1, ' ', ''),
(249, '2016-02-03 13:32:18', '0000000042501', NULL, 1, 1, ' ', ''),
(250, '2016-02-03 13:34:11', '0000000052801', NULL, 10, 1, ' ', ''),
(251, '2016-02-03 13:34:11', '0000000052811', NULL, 8, 1, ' ', ''),
(252, '2016-02-03 13:35:34', '000000006991', NULL, 1, 1, ' ', ''),
(253, '2016-02-03 14:55:36', '0000000071211', NULL, 1, 1, ' ', ''),
(284, '2016-02-10 14:39:02', '0000000082071', NULL, 1, 1, ' ', ''),
(260, '2016-02-03 16:49:27', '0000000091011', NULL, 1, 1, ' ', ''),
(257, '2016-02-03 16:49:27', '000000009211', NULL, 3, 1, ' ', ''),
(258, '2016-02-03 16:49:27', '000000009861', NULL, 15, 1, ' ', ''),
(259, '2016-02-03 16:49:27', '000000009981', NULL, 2, 1, ' ', ''),
(256, '2016-02-03 15:48:33', '0000000102271', NULL, 1, 1, ' ', ''),
(255, '2016-02-03 15:44:46', '000000011801', NULL, 1, 1, ' ', ''),
(254, '2016-02-03 15:44:46', '000000011981', NULL, 1, 1, ' ', ''),
(261, '2016-02-04 15:25:11', '000000012981', NULL, 1, 1, ' ', ''),
(271, '2016-02-05 18:19:44', '000000013211', NULL, 3, 1, ' ', ''),
(272, '2016-02-05 18:19:44', '000000013241', NULL, 3, 1, ' ', ''),
(273, '2016-02-05 18:19:44', '000000013351', NULL, 3, 1, ' ', ''),
(274, '2016-02-05 18:19:44', '000000013531', NULL, 1, 1, ' ', ''),
(275, '2016-02-05 18:19:44', '000000013761', NULL, 1, 1, ' ', ''),
(276, '2016-02-05 18:19:45', '000000013811', NULL, 1, 1, ' ', ''),
(277, '2016-02-05 18:19:45', '000000013961', NULL, 5, 1, ' ', ''),
(278, '2016-02-05 18:19:45', '000000013971', NULL, 1, 1, ' ', ''),
(279, '2016-02-05 18:19:45', '000000013981', NULL, 2, 1, ' ', ''),
(263, '2016-02-04 18:56:13', '0000000152651', NULL, 1, 1, ' ', ''),
(264, '2016-02-04 18:56:51', '0000000161731', NULL, 1, 1, ' ', ''),
(262, '2016-02-04 15:34:43', '00000001851', NULL, 1, 1, ' ', ''),
(280, '2016-02-10 13:17:35', '000000019861', NULL, 2, 1, ' ', ''),
(281, '2016-02-10 13:17:35', '000000019981', NULL, 1, 1, ' ', ''),
(286, '2016-02-11 14:03:17', '000000020181', NULL, 2, 1, ' ', ''),
(285, '2016-02-11 14:03:17', '00000002021', NULL, 6, 1, ' ', ''),
(287, '2016-02-11 14:03:17', '000000020531', NULL, 1, 1, ' ', ''),
(288, '2016-02-11 14:03:17', '000000020951', NULL, 10, 1, ' ', ''),
(289, '2016-02-11 14:03:17', '000000020961', NULL, 10, 1, ' ', ''),
(282, '2016-02-10 13:17:52', '000000021861', NULL, 2, 1, ' ', ''),
(283, '2016-02-10 14:32:13', '0000000222161', NULL, 1, 1, ' ', ''),
(310, '2016-02-11 17:59:37', '0000000232401', NULL, 1, 1, ' ', ''),
(309, '2016-02-11 17:59:37', '000000023351', NULL, 2, 1, ' ', ''),
(308, '2016-02-11 17:59:37', '00000002351', NULL, 1, 1, ' ', ''),
(432, '2016-03-17 17:55:36', '0000000242361', NULL, 2, 1, ' ', ''),
(431, '2016-03-17 17:55:36', '0000000242521', NULL, 1, 1, ' ', ''),
(358, '2016-02-24 16:25:13', '0000000262271', NULL, 2, 1, ' ', ''),
(292, '2016-02-11 15:24:20', '0000000271451', NULL, 1, 1, ' ', ''),
(290, '2016-02-11 15:24:20', '0000000272801', NULL, 10, 1, ' ', ''),
(291, '2016-02-11 15:24:20', '0000000272811', NULL, 8, 1, ' ', ''),
(293, '2016-02-11 17:05:36', '0000000281041', NULL, 2, 1, ' ', ''),
(294, '2016-02-11 17:05:36', '0000000281061', NULL, 3, 1, ' ', ''),
(295, '2016-02-11 17:05:36', '0000000281391', NULL, 1, 1, ' ', ''),
(296, '2016-02-11 17:05:36', '0000000281451', NULL, 1, 1, ' ', ''),
(297, '2016-02-11 17:05:36', '0000000282401', NULL, 1, 1, ' ', ''),
(298, '2016-02-11 17:05:36', '0000000282411', NULL, 1, 1, ' ', ''),
(299, '2016-02-11 17:05:36', '0000000282451', NULL, 1, 1, ' ', ''),
(300, '2016-02-11 17:05:36', '0000000282801', NULL, 10, 1, ' ', ''),
(301, '2016-02-11 17:05:36', '0000000282811', NULL, 12, 1, ' ', ''),
(302, '2016-02-11 17:12:23', '0000000291641', NULL, 1, 1, ' ', ''),
(303, '2016-02-11 17:12:23', '0000000292101', NULL, 6, 1, ' ', ''),
(304, '2016-02-11 17:12:23', '0000000292501', NULL, 1, 1, ' ', ''),
(305, '2016-02-11 17:13:24', '0000000301641', NULL, 1, 1, ' ', ''),
(306, '2016-02-11 17:13:24', '0000000301971', NULL, 1, 1, ' ', ''),
(307, '2016-02-11 17:13:24', '0000000302211', NULL, 1, 1, ' ', ''),
(311, '2016-02-16 16:04:41', '000000032181', NULL, 1, 1, ' ', ''),
(312, '2016-02-16 16:04:41', '000000032191', NULL, 1, 1, ' ', ''),
(313, '2016-02-16 16:04:41', '000000032331', NULL, 1, 1, ' ', ''),
(386, '2016-03-01 18:28:12', '00000003321', NULL, 1, 1, ' ', ''),
(319, '2016-02-17 13:56:33', '0000000342701', NULL, 1, 1, ' ', ''),
(320, '2016-02-17 13:56:34', '0000000342801', NULL, 7, 1, ' ', ''),
(327, '2016-02-22 15:08:19', '000000035121', NULL, 10, 1, ' ', ''),
(328, '2016-02-22 15:08:19', '000000035131', NULL, 10, 1, ' ', ''),
(329, '2016-02-22 15:08:19', '000000035151', NULL, 8, 1, ' ', ''),
(330, '2016-02-22 15:08:20', '000000035171', NULL, 1, 1, ' ', ''),
(331, '2016-02-22 15:08:20', '000000035181', NULL, 4, 1, ' ', ''),
(332, '2016-02-22 15:08:20', '000000035191', NULL, 4, 1, ' ', ''),
(333, '2016-02-22 15:08:20', '000000035211', NULL, 6, 1, ' ', ''),
(334, '2016-02-22 15:08:20', '000000035241', NULL, 2, 1, ' ', ''),
(335, '2016-02-22 15:08:20', '000000035291', NULL, 6, 1, ' ', ''),
(336, '2016-02-22 15:08:20', '000000035351', NULL, 5, 1, ' ', ''),
(337, '2016-02-22 15:08:20', '000000035391', NULL, 1, 1, ' ', ''),
(326, '2016-02-22 15:08:19', '00000003551', NULL, 1, 1, ' ', ''),
(338, '2016-02-22 15:08:20', '000000035621', NULL, 1, 1, ' ', ''),
(339, '2016-02-22 15:08:20', '000000035631', NULL, 1, 1, ' ', ''),
(340, '2016-02-22 15:08:21', '000000035771', NULL, 2, 1, ' ', ''),
(341, '2016-02-22 15:08:21', '000000035871', NULL, 10, 1, ' ', ''),
(342, '2016-02-22 15:08:21', '000000035951', NULL, 10, 1, ' ', ''),
(343, '2016-02-22 15:08:21', '000000035961', NULL, 10, 1, ' ', ''),
(344, '2016-02-22 15:08:21', '000000035981', NULL, 5, 1, ' ', ''),
(314, '2016-02-17 13:41:41', '0000000361641', NULL, 1, 1, ' ', ''),
(315, '2016-02-17 13:41:41', '0000000361951', NULL, 1, 1, ' ', ''),
(316, '2016-02-17 13:41:41', '0000000362171', NULL, 2, 1, ' ', ''),
(317, '2016-02-17 13:41:41', '0000000362181', NULL, 3, 1, ' ', ''),
(318, '2016-02-17 13:41:41', '0000000362211', NULL, 1, 1, ' ', ''),
(385, '2016-03-01 18:28:00', '00000003731', NULL, 1, 1, ' ', ''),
(323, '2016-02-17 15:00:25', '000000038211', NULL, 2, 1, ' ', ''),
(322, '2016-02-17 15:00:25', '00000003851', NULL, 1, 1, ' ', ''),
(321, '2016-02-17 14:28:42', '0000000392101', NULL, 4, 1, ' ', ''),
(355, '2016-02-22 17:52:35', '0000000402821', NULL, 1, 1, ' ', ''),
(348, '2016-02-22 17:52:35', '000000040531', NULL, 3, 1, ' ', ''),
(349, '2016-02-22 17:52:35', '000000040761', NULL, 1, 1, ' ', ''),
(350, '2016-02-22 17:52:35', '000000040801', NULL, 1, 1, ' ', ''),
(351, '2016-02-22 17:52:35', '000000040831', NULL, 1, 1, ' ', ''),
(352, '2016-02-22 17:52:35', '000000040861', NULL, 1, 1, ' ', ''),
(353, '2016-02-22 17:52:35', '000000040881', NULL, 1, 1, ' ', ''),
(354, '2016-02-22 17:52:35', '000000040981', NULL, 2, 1, ' ', ''),
(401, '2016-03-10 14:02:49', '000000043121', NULL, 70, 1, ' ', ''),
(402, '2016-03-10 14:02:49', '000000043131', NULL, 70, 1, ' ', ''),
(403, '2016-03-10 14:02:49', '000000043151', NULL, 8, 1, ' ', ''),
(404, '2016-03-10 14:02:49', '000000043211', NULL, 5, 1, ' ', ''),
(405, '2016-03-10 14:02:49', '000000043841', NULL, 1, 1, ' ', ''),
(406, '2016-03-10 14:02:49', '000000043851', NULL, 10, 1, ' ', ''),
(407, '2016-03-10 14:02:50', '000000043861', NULL, 10, 1, ' ', ''),
(408, '2016-03-10 14:02:50', '000000043871', NULL, 10, 1, ' ', ''),
(409, '2016-03-10 14:02:50', '000000043881', NULL, 10, 1, ' ', ''),
(410, '2016-03-10 14:02:50', '000000043961', NULL, 10, 1, ' ', ''),
(411, '2016-03-10 14:02:50', '000000043981', NULL, 7, 1, ' ', ''),
(324, '2016-02-22 13:43:06', '00000004421', NULL, 1, 1, ' ', ''),
(325, '2016-02-22 13:43:06', '00000004431', NULL, 1, 1, ' ', ''),
(387, '2016-03-03 13:19:41', '0000000452771', NULL, 1, 1, ' ', ''),
(347, '2016-02-22 15:14:57', '000000046501', NULL, 2, 1, ' ', ''),
(346, '2016-02-22 15:14:56', '000000046721', NULL, 1, 1, ' ', ''),
(345, '2016-02-22 15:14:56', '000000046981', NULL, 1, 1, ' ', ''),
(357, '2016-02-24 13:55:32', '000000047981', NULL, 1, 1, ' ', ''),
(356, '2016-02-24 13:55:03', '000000048981', NULL, 1, 1, ' ', ''),
(372, '2016-03-01 14:37:10', '000000049181', NULL, 1, 1, ' ', ''),
(373, '2016-03-01 14:37:10', '000000049481', NULL, 1, 1, ' ', ''),
(371, '2016-03-01 14:37:09', '00000004951', NULL, 1, 1, ' ', ''),
(374, '2016-03-01 14:37:10', '000000049801', NULL, 1, 1, ' ', ''),
(375, '2016-03-01 14:37:10', '000000049851', NULL, 4, 1, ' ', ''),
(376, '2016-03-01 14:37:10', '000000049871', NULL, 5, 1, ' ', ''),
(377, '2016-03-01 14:37:10', '000000049951', NULL, 10, 1, ' ', ''),
(378, '2016-03-01 14:37:10', '000000049961', NULL, 5, 1, ' ', ''),
(379, '2016-03-01 14:37:10', '000000049981', NULL, 1, 1, ' ', ''),
(369, '2016-02-29 16:59:28', '0000000512801', NULL, 4, 1, ' ', ''),
(370, '2016-02-29 16:59:28', '0000000512811', NULL, 4, 1, ' ', ''),
(380, '2016-03-01 15:27:00', '0000000522391', NULL, 1, 1, ' ', ''),
(381, '2016-03-01 15:27:00', '0000000522801', NULL, 10, 1, ' ', ''),
(382, '2016-03-01 15:27:00', '0000000522811', NULL, 10, 1, ' ', ''),
(383, '2016-03-01 18:08:23', '000000054981', NULL, 2, 1, ' ', ''),
(384, '2016-03-01 18:08:36', '000000055351', NULL, 2, 1, ' ', ''),
(390, '2016-03-04 14:00:51', '0000000561361', NULL, 1, 1, ' ', ''),
(388, '2016-03-03 16:25:23', '0000000571961', NULL, 1, 1, ' ', ''),
(389, '2016-03-03 16:25:23', '0000000572221', NULL, 1, 1, ' ', ''),
(486, '2016-04-22 14:39:02', '0000000581391', NULL, 1, 1, ' ', ''),
(391, '2016-03-07 13:11:53', '00000005921', NULL, 1, 1, ' ', ''),
(392, '2016-03-07 13:11:53', '00000005931', NULL, 1, 1, ' ', ''),
(393, '2016-03-07 13:12:12', '0000000612301', NULL, 1, 1, ' ', ''),
(394, '2016-03-07 13:15:58', '0000000622101', NULL, 12, 1, ' ', ''),
(400, '2016-03-08 18:01:31', '0000000662811', NULL, 6, 1, ' ', ''),
(395, '2016-03-07 15:39:44', '000000067981', NULL, 1, 1, ' ', ''),
(396, '2016-03-07 15:40:20', '000000068981', NULL, 1, 1, ' ', ''),
(416, '2016-03-14 15:38:14', '000000069121', NULL, 1, 1, ' ', ''),
(417, '2016-03-14 15:38:14', '000000069211', NULL, 1, 1, ' ', ''),
(415, '2016-03-14 15:38:14', '00000006951', NULL, 1, 1, ' ', ''),
(418, '2016-03-14 15:38:14', '000000069871', NULL, 5, 1, ' ', ''),
(419, '2016-03-14 15:38:14', '000000069951', NULL, 5, 1, ' ', ''),
(420, '2016-03-14 15:38:14', '000000069961', NULL, 6, 1, ' ', ''),
(421, '2016-03-14 15:38:14', '000000069981', NULL, 1, 1, ' ', ''),
(397, '2016-03-08 13:45:34', '000000070121', NULL, 1, 1, ' ', ''),
(398, '2016-03-08 13:45:34', '000000070981', NULL, 1, 1, ' ', ''),
(399, '2016-03-08 14:40:30', '0000000712181', NULL, 2, 1, ' ', ''),
(412, '2016-03-14 14:17:39', '000000072531', NULL, 2, 1, ' ', ''),
(414, '2016-03-14 14:17:40', '000000072811', NULL, 1, 1, ' ', ''),
(413, '2016-03-14 14:17:40', '00000007291', NULL, 1, 1, ' ', ''),
(428, '2016-03-16 15:15:57', '000000073211', NULL, 2, 1, ' ', ''),
(429, '2016-03-16 15:15:57', '000000073231', NULL, 2, 1, ' ', ''),
(427, '2016-03-16 15:15:57', '00000007351', NULL, 1, 1, ' ', ''),
(430, '2016-03-16 15:15:57', '000000073631', NULL, 2, 1, ' ', ''),
(444, '2016-04-07 15:55:27', '000000074121', NULL, 24, 1, ' ', ''),
(445, '2016-04-07 15:55:27', '000000074131', NULL, 24, 1, ' ', ''),
(446, '2016-04-07 15:55:48', '000000075151', NULL, 6, 1, ' ', ''),
(447, '2016-04-07 15:56:44', '000000076191', NULL, 2, 1, ' ', ''),
(448, '2016-04-07 15:56:44', '000000076211', NULL, 2, 1, ' ', ''),
(449, '2016-04-07 15:56:45', '000000076631', NULL, 2, 1, ' ', ''),
(425, '2016-03-16 15:02:32', '0000000772801', NULL, 4, 1, ' ', ''),
(426, '2016-03-16 15:02:45', '0000000782811', NULL, 6, 1, ' ', ''),
(433, '2016-04-07 14:58:09', '000000079481', NULL, 1, 1, ' ', ''),
(422, '2016-03-16 14:35:30', '0000000811941', NULL, 1, 1, ' ', ''),
(423, '2016-03-16 14:36:50', '00000008221', NULL, 1, 1, ' ', ''),
(424, '2016-03-16 14:36:50', '00000008231', NULL, 1, 1, ' ', ''),
(435, '2016-04-07 15:04:24', '0000000832801', NULL, 5, 1, ' ', ''),
(436, '2016-04-07 15:04:24', '0000000832811', NULL, 10, 1, ' ', ''),
(453, '2016-04-13 18:14:52', '000000084861', NULL, 10, 1, ' ', ''),
(454, '2016-04-13 18:14:53', '000000084871', NULL, 5, 1, ' ', ''),
(455, '2016-04-13 18:14:53', '000000084881', NULL, 5, 1, ' ', ''),
(456, '2016-04-13 18:14:53', '000000084981', NULL, 2, 1, ' ', ''),
(457, '2016-04-13 18:17:14', '0000000852071', NULL, 1, 1, ' ', ''),
(434, '2016-04-07 15:00:02', '0000000861641', NULL, 1, 1, ' ', ''),
(451, '2016-04-08 18:50:50', '000000087121', NULL, 3, 1, ' ', ''),
(452, '2016-04-08 18:50:50', '000000087131', NULL, 2, 1, ' ', ''),
(480, '2016-04-22 13:29:12', '000000088121', NULL, 10, 1, ' ', ''),
(479, '2016-04-22 13:29:12', '000000088131', NULL, 12, 1, ' ', ''),
(477, '2016-04-22 13:29:12', '000000088871', NULL, 10, 1, ' ', ''),
(478, '2016-04-22 13:29:12', '000000088881', NULL, 10, 1, ' ', ''),
(437, '2016-04-07 15:09:26', '00000008921', NULL, 2, 1, ' ', ''),
(438, '2016-04-07 15:09:26', '00000008931', NULL, 2, 1, ' ', ''),
(439, '2016-04-07 15:09:26', '000000089531', NULL, 2, 1, ' ', ''),
(440, '2016-04-07 15:09:26', '000000089981', NULL, 1, 1, ' ', ''),
(441, '2016-04-07 15:15:37', '0000000901941', NULL, 1, 1, ' ', ''),
(442, '2016-04-07 15:15:37', '0000000901991', NULL, 1, 1, ' ', ''),
(443, '2016-04-07 15:15:38', '0000000902181', NULL, 4, 1, ' ', ''),
(461, '2016-04-21 15:25:32', '000000091851', NULL, 6, 1, ' ', ''),
(462, '2016-04-21 15:25:32', '000000091861', NULL, 12, 1, ' ', ''),
(463, '2016-04-21 15:25:32', '000000091871', NULL, 4, 1, ' ', ''),
(450, '2016-04-07 18:21:48', '0000000922211', NULL, 1, 1, ' ', ''),
(474, '2016-04-22 13:26:57', '0000000931051', NULL, 1, 1, ' ', ''),
(465, '2016-04-22 13:26:56', '000000093121', NULL, 72, 1, ' ', ''),
(466, '2016-04-22 13:26:57', '000000093131', NULL, 72, 1, ' ', ''),
(475, '2016-04-22 13:26:57', '0000000931451', NULL, 1, 1, ' ', ''),
(467, '2016-04-22 13:26:57', '000000093151', NULL, 2, 1, ' ', ''),
(476, '2016-04-22 13:26:58', '0000000931531', NULL, 1, 1, ' ', ''),
(468, '2016-04-22 13:26:57', '000000093181', NULL, 2, 1, ' ', ''),
(469, '2016-04-22 13:26:57', '000000093211', NULL, 3, 1, ' ', ''),
(470, '2016-04-22 13:26:57', '000000093351', NULL, 5, 1, ' ', ''),
(471, '2016-04-22 13:26:57', '000000093771', NULL, 2, 1, ' ', ''),
(472, '2016-04-22 13:26:57', '000000093861', NULL, 5, 1, ' ', ''),
(473, '2016-04-22 13:26:57', '000000093961', NULL, 15, 1, ' ', ''),
(484, '2016-04-22 14:38:28', '0000000942801', NULL, 10, 1, ' ', ''),
(485, '2016-04-22 14:38:28', '0000000942811', NULL, 20, 1, ' ', ''),
(459, '2016-04-13 18:18:11', '0000000952801', NULL, 5, 1, ' ', ''),
(458, '2016-04-13 18:18:11', '0000000952811', NULL, 5, 1, ' ', ''),
(460, '2016-04-21 13:23:17', '000000097871', NULL, 3, 1, ' ', ''),
(490, '2016-04-22 15:46:53', '000000098121', NULL, 1, 1, ' ', ''),
(491, '2016-04-22 15:46:53', '000000098851', NULL, 5, 1, ' ', ''),
(492, '2016-04-22 15:46:54', '000000098871', NULL, 5, 1, ' ', ''),
(493, '2016-04-22 15:46:54', '000000098981', NULL, 1, 1, ' ', ''),
(464, '2016-04-21 15:38:59', '000000099981', NULL, 1, 1, ' ', ''),
(481, '2016-04-22 14:04:10', '0000001001061', NULL, 1, 1, ' ', ''),
(482, '2016-04-22 14:04:10', '0000001001361', NULL, 1, 1, ' ', ''),
(483, '2016-04-22 14:04:10', '0000001001391', NULL, 1, 1, ' ', ''),
(505, '2016-04-26 16:39:02', '00000010121', NULL, 3, 1, ' ', ''),
(506, '2016-04-26 16:39:02', '00000010131', NULL, 3, 1, ' ', ''),
(507, '2016-04-26 16:39:02', '000000101501', NULL, 2, 1, ' ', ''),
(508, '2016-04-26 16:39:03', '000000101861', NULL, 10, 1, ' ', ''),
(509, '2016-04-26 16:39:03', '000000101951', NULL, 5, 1, ' ', ''),
(510, '2016-04-26 16:39:03', '000000101961', NULL, 5, 1, ' ', ''),
(511, '2016-04-26 16:39:03', '000000101981', NULL, 1, 1, ' ', ''),
(489, '2016-04-22 15:35:23', '000000102811', NULL, 1, 1, ' ', ''),
(487, '2016-04-22 15:34:19', '000000103211', NULL, 1, 1, ' ', ''),
(488, '2016-04-22 15:34:19', '000000103981', NULL, 1, 1, ' ', ''),
(494, '2016-04-25 14:24:59', '0000001042041', NULL, 1, 1, ' ', ''),
(495, '2016-04-25 15:39:54', '0000001051631', NULL, 1, 1, ' ', ''),
(496, '2016-04-25 15:40:08', '0000001061641', NULL, 1, 1, ' ', ''),
(497, '2016-04-25 15:40:59', '0000001072261', NULL, 1, 1, ' ', ''),
(498, '2016-04-25 15:41:48', '0000001082361', NULL, 1, 1, ' ', ''),
(499, '2016-04-26 15:14:02', '000000109851', NULL, 2, 1, ' ', ''),
(500, '2016-04-26 15:14:02', '000000109981', NULL, 1, 1, ' ', ''),
(501, '2016-04-26 15:28:54', '0000001101381', NULL, 1, 1, ' ', ''),
(502, '2016-04-26 15:28:54', '0000001102801', NULL, 10, 1, ' ', ''),
(503, '2016-04-26 15:28:54', '0000001102811', NULL, 10, 1, ' ', ''),
(504, '2016-04-26 15:30:34', '0000001111361', NULL, 1, 1, ' ', ''),
(232, '2015-12-18 16:20:37', '10065101', 280, NULL, 1, '[insertado por lote, desde archivo de excel]', '17986853'),
(233, '2015-12-18 16:20:37', '1006521', 351, NULL, 1, '[insertado por lote, desde archivo de excel]', '17986853'),
(123, '2015-12-18 16:20:37', '1007401', 1, NULL, 1, '[insertado por lote, desde archivo de excel]', '17986853'),
(77, '2015-12-18 16:20:37', '1008301', 4, NULL, 1, '[insertado por lote, desde archivo de excel]', '17986853'),
(76, '2015-12-18 16:20:37', '100831', 3, NULL, 1, '[insertado por lote, desde archivo de excel]', '17986853'),
(75, '2015-12-18 16:20:37', '100851', 2, NULL, 1, '[insertado por lote, desde archivo de excel]', '17986853'),
(112, '2015-12-18 16:20:37', '1008701', 2, NULL, 1, '[insertado por lote, desde archivo de excel]', '17986853'),
(114, '2015-12-18 16:20:37', '1009011', 8, NULL, 1, '[insertado por lote, desde archivo de excel]', '17986853'),
(115, '2015-12-18 16:20:37', '1009201', 4, NULL, 1, '[insertado por lote, desde archivo de excel]', '17986853'),
(109, '2015-12-18 16:20:37', '1009301', 4, NULL, 1, '[insertado por lote, desde archivo de excel]', '17986853'),
(121, '2015-12-18 16:20:37', '1009311', 5, NULL, 1, '[insertado por lote, desde archivo de excel]', '17986853'),
(205, '2015-12-18 16:20:37', '1010201', 1, NULL, 1, '[insertado por lote, desde archivo de excel]', '17986853'),
(46, '2015-12-18 16:20:37', '1013101', 1, NULL, 1, '[insertado por lote, desde archivo de excel]', '17986853'),
(45, '2015-12-18 16:20:37', '1013601', 6, NULL, 1, '[insertado por lote, desde archivo de excel]', '17986853'),
(56, '2015-12-18 16:20:37', '1013921', 44, NULL, 1, '[insertado por lote, desde archivo de excel]', '17986853'),
(32, '2015-12-18 16:20:37', '10199301', 1, NULL, 1, '[insertado por lote, desde archivo de excel]', '17986853'),
(33, '2015-12-18 16:20:37', '10199311', 2, NULL, 1, '[insertado por lote, desde archivo de excel]', '17986853'),
(35, '2015-12-18 16:20:37', '10199321', 2, NULL, 1, '[insertado por lote, desde archivo de excel]', '17986853'),
(5, '2015-12-18 16:20:37', '1022201', 1, NULL, 1, '[insertado por lote, desde archivo de excel]', '17986853'),
(66, '2015-12-18 16:20:37', '1024621', 1, NULL, 1, '[insertado por lote, desde archivo de excel]', '17986853'),
(4, '2015-12-18 16:20:37', '1025811', 3, NULL, 1, '[insertado por lote, desde archivo de excel]', '17986853'),
(6, '2015-12-18 16:20:37', '1025821', 1, NULL, 1, '[insertado por lote, desde archivo de excel]', '17986853'),
(67, '2015-12-18 16:20:37', '1027401', 224, NULL, 1, '[insertado por lote, desde archivo de excel]', '17986853'),
(68, '2015-12-18 16:20:37', '1027411', 93, NULL, 1, '[insertado por lote, desde archivo de excel]', '17986853'),
(69, '2015-12-18 16:20:37', '1027421', 1, NULL, 1, '[insertado por lote, desde archivo de excel]', '17986853'),
(57, '2015-12-18 16:20:37', '1028201', 1, NULL, 1, '[insertado por lote, desde archivo de excel]', '17986853'),
(15, '2015-12-18 16:20:37', '1030311', 6, NULL, 1, '[insertado por lote, desde archivo de excel]', '17986853'),
(10, '2015-12-18 16:20:37', '10304001', 2, NULL, 1, '[insertado por lote, desde archivo de excel]', '17986853'),
(11, '2015-12-18 16:20:37', '10304011', 10, NULL, 1, '[insertado por lote, desde archivo de excel]', '17986853'),
(12, '2015-12-18 16:20:37', '10304021', 16, NULL, 1, '[insertado por lote, desde archivo de excel]', '17986853'),
(7, '2015-12-18 16:20:37', '10304101', 321, NULL, 1, '[insertado por lote, desde archivo de excel]', '17986853'),
(8, '2015-12-18 16:20:37', '10304111', 330, NULL, 1, '[insertado por lote, desde archivo de excel]', '17986853'),
(20, '2015-12-18 16:20:37', '10304201', 25, NULL, 1, '[insertado por lote, desde archivo de excel]', '17986853'),
(21, '2015-12-18 16:20:37', '10304211', 12, NULL, 1, '[insertado por lote, desde archivo de excel]', '17986853'),
(22, '2015-12-18 16:20:37', '10304221', 12, NULL, 1, '[insertado por lote, desde archivo de excel]', '17986853'),
(23, '2015-12-18 16:20:37', '10304231', 12, NULL, 1, '[insertado por lote, desde archivo de excel]', '17986853'),
(18, '2015-12-18 16:20:37', '10304320', 3, NULL, 0, '[insertado por lote, desde archivo de excel]', '17986853'),
(17, '2015-12-18 16:20:37', '10304321', 72, NULL, 1, '[insertado por lote, desde archivo de excel]', '17986853'),
(19, '2015-12-18 16:20:37', '10304421', 34, NULL, 1, '[insertado por lote, desde archivo de excel]', '17986853'),
(60, '2015-12-18 16:20:37', '1032241', 67, NULL, 1, '[insertado por lote, desde archivo de excel]', '17986853'),
(61, '2015-12-18 16:20:37', '1032251', 95, NULL, 1, '[insertado por lote, desde archivo de excel]', '17986853'),
(58, '2015-12-18 16:20:37', '1032261', 40, NULL, 1, '[insertado por lote, desde archivo de excel]', '17986853'),
(59, '2015-12-18 16:20:37', '1032271', 130, NULL, 1, '[insertado por lote, desde archivo de excel]', '17986853'),
(63, '2015-12-18 16:20:37', '1033301', 5, NULL, 1, '[insertado por lote, desde archivo de excel]', '17986853'),
(54, '2015-12-18 16:20:37', '1033611', 16, NULL, 1, '[insertado por lote, desde archivo de excel]', '17986853'),
(50, '2015-12-18 16:20:37', '10336201', 3, NULL, 1, '[insertado por lote, desde archivo de excel]', '17986853'),
(51, '2015-12-18 16:20:37', '10336211', 6, NULL, 1, '[insertado por lote, desde archivo de excel]', '17986853'),
(52, '2015-12-18 16:20:37', '10336221', 3, NULL, 1, '[insertado por lote, desde archivo de excel]', '17986853'),
(53, '2015-12-18 16:20:37', '10336231', 1, NULL, 1, '[insertado por lote, desde archivo de excel]', '17986853'),
(42, '2015-12-18 16:20:37', '10337001', 2, NULL, 1, '[insertado por lote, desde archivo de excel]', '17986853'),
(39, '2015-12-18 16:20:37', '1033701', 11, NULL, 1, '[insertado por lote, desde archivo de excel]', '17986853'),
(40, '2015-12-18 16:20:37', '10337051', 12, NULL, 1, '[insertado por lote, desde archivo de excel]', '17986853'),
(43, '2015-12-18 16:20:37', '10337061', 3, NULL, 1, '[insertado por lote, desde archivo de excel]', '17986853'),
(41, '2015-12-18 16:20:37', '10337071', 3, NULL, 1, '[insertado por lote, desde archivo de excel]', '17986853'),
(38, '2015-12-18 16:20:37', '1033711', 2, NULL, 1, '[insertado por lote, desde archivo de excel]', '17986853'),
(62, '2015-12-18 16:20:37', '103721', 13, NULL, 1, '[insertado por lote, desde archivo de excel]', '17986853'),
(64, '2015-12-18 16:20:37', '103751', 582, NULL, 1, '[insertado por lote, desde archivo de excel]', '17986853'),
(229, '2015-12-18 16:20:37', '1166101', 7, NULL, 1, '[insertado por lote, desde archivo de excel]', '17986853'),
(105, '2015-12-18 16:20:37', '1166111', 5, NULL, 1, '[insertado por lote, desde archivo de excel]', '17986853'),
(101, '2015-12-18 16:20:37', '1507301', 27, NULL, 1, '[insertado por lote, desde archivo de excel]', '17986853'),
(104, '2015-12-18 16:20:37', '1507311', 1, NULL, 1, '[insertado por lote, desde archivo de excel]', '17986853'),
(237, '2015-12-18 16:20:37', '150861321', 8, NULL, 1, '[insertado por lote, desde archivo de excel]', '17986853'),
(239, '2015-12-18 16:20:37', '150861351', 2, NULL, 1, '[insertado por lote, desde archivo de excel]', '17986853'),
(226, '2015-12-18 16:20:37', '1508811', 12, NULL, 1, '[insertado por lote, desde archivo de excel]', '17986853'),
(225, '2015-12-18 16:20:37', '1508821', 7, NULL, 1, '[insertado por lote, desde archivo de excel]', '17986853'),
(222, '2015-12-18 16:20:37', '15088521', 4, NULL, 1, '[insertado por lote, desde archivo de excel]', '17986853'),
(227, '2015-12-18 16:20:37', '1508861', 1, NULL, 1, '[insertado por lote, desde archivo de excel]', '17986853'),
(245, '2015-12-18 16:20:37', '1508931', 3, NULL, 1, '[insertado por lote, desde archivo de excel]', '17986853'),
(246, '2015-12-18 16:20:37', '15089511', 2, NULL, 1, '[insertado por lote, desde archivo de excel]', '17986853'),
(48, '2015-12-18 16:20:37', '1509201', 3, NULL, 1, '[insertado por lote, desde archivo de excel]', '17986853'),
(194, '2015-12-18 16:20:37', '15247101', 11, NULL, 1, '[insertado por lote, desde archivo de excel]', '17986853'),
(166, '2015-12-18 16:20:37', '155511', 3, NULL, 1, '[insertado por lote, desde archivo de excel]', '17986853'),
(94, '2015-12-18 16:20:37', '155771', 5, NULL, 1, '[insertado por lote, desde archivo de excel]', '17986853'),
(196, '2015-12-18 16:20:37', '1611521', 7, NULL, 1, '[insertado por lote, desde archivo de excel]', '17986853'),
(213, '2015-12-18 16:20:37', '1614211', 23, NULL, 1, '[insertado por lote, desde archivo de excel]', '17986853'),
(214, '2015-12-18 16:20:37', '1614231', 19, NULL, 1, '[insertado por lote, desde archivo de excel]', '17986853'),
(70, '2015-12-18 16:20:37', '1622401', 61, NULL, 1, '[insertado por lote, desde archivo de excel]', '17986853'),
(72, '2015-12-18 16:20:37', '1622411', 8, NULL, 1, '[insertado por lote, desde archivo de excel]', '17986853'),
(71, '2015-12-18 16:20:37', '1622431', 1, NULL, 1, '[insertado por lote, desde archivo de excel]', '17986853'),
(73, '2015-12-18 16:20:37', '1622601', 2, NULL, 1, '[insertado por lote, desde archivo de excel]', '17986853'),
(74, '2015-12-18 16:20:37', '1622611', 3, NULL, 1, '[insertado por lote, desde archivo de excel]', '17986853'),
(180, '2015-12-18 16:20:37', '1635601', 3, NULL, 1, '[insertado por lote, desde archivo de excel]', '17986853'),
(181, '2015-12-18 16:20:37', '1635611', 6, NULL, 1, '[insertado por lote, desde archivo de excel]', '17986853'),
(191, '2015-12-18 16:20:37', '1635911', 3, NULL, 1, '[insertado por lote, desde archivo de excel]', '17986853'),
(192, '2015-12-18 16:20:37', '1635921', 3, NULL, 1, '[insertado por lote, desde archivo de excel]', '17986853'),
(34, '2015-12-18 16:20:37', '16382701', 1, NULL, 1, '[insertado por lote, desde archivo de excel]', '17986853'),
(36, '2015-12-18 16:20:37', '16382711', 1, NULL, 1, '[insertado por lote, desde archivo de excel]', '17986853'),
(37, '2015-12-18 16:20:37', '16382721', 1, NULL, 1, '[insertado por lote, desde archivo de excel]', '17986853'),
(3, '2015-12-18 16:20:37', '1639631', 7, NULL, 1, '[insertado por lote, desde archivo de excel]', '17986853'),
(13, '2015-12-18 16:20:37', '16401001', 39, NULL, 1, '[insertado por lote, desde archivo de excel]', '17986853'),
(14, '2015-12-18 16:20:37', '16401021', 7, NULL, 1, '[insertado por lote, desde archivo de excel]', '17986853'),
(98, '2015-12-18 16:20:37', '16519141', 5, NULL, 1, '[insertado por lote, desde archivo de excel]', '17986853'),
(82, '2015-12-18 16:20:37', '1651941', 9, NULL, 1, '[insertado por lote, desde archivo de excel]', '17986853'),
(92, '2015-12-18 16:20:37', '1654121', 10, NULL, 1, '[insertado por lote, desde archivo de excel]', '17986853'),
(93, '2015-12-18 16:20:37', '1654131', 9, NULL, 1, '[insertado por lote, desde archivo de excel]', '17986853'),
(153, '2015-12-18 16:20:37', '1654201', 6, NULL, 1, '[insertado por lote, desde archivo de excel]', '17986853'),
(154, '2015-12-18 16:20:37', '1654211', 10, NULL, 1, '[insertado por lote, desde archivo de excel]', '17986853'),
(155, '2015-12-18 16:20:37', '1654311', 11, NULL, 1, '[insertado por lote, desde archivo de excel]', '17986853'),
(136, '2015-12-18 16:20:37', '1659401', 2, NULL, 1, '[insertado por lote, desde archivo de excel]', '17986853'),
(152, '2015-12-18 16:20:37', '1688011', 1, NULL, 1, '[insertado por lote, desde archivo de excel]', '17986853'),
(102, '2015-12-18 16:20:37', '16899101', 3, NULL, 1, '[insertado por lote, desde archivo de excel]', '17986853'),
(103, '2015-12-18 16:20:37', '16899161', 1, NULL, 1, '[insertado por lote, desde archivo de excel]', '17986853'),
(145, '2015-12-18 16:20:37', '1706321', 4, NULL, 1, '[insertado por lote, desde archivo de excel]', '17986853'),
(124, '2015-12-18 16:20:37', '1710911', 1, NULL, 1, '[insertado por lote, desde archivo de excel]', '17986853'),
(91, '2015-12-18 16:20:37', '17420011', 1, NULL, 1, '[insertado por lote, desde archivo de excel]', '17986853'),
(44, '2015-12-18 16:20:37', '1742401', 2, NULL, 1, '[insertado por lote, desde archivo de excel]', '17986853'),
(200, '2015-12-18 16:20:37', '17501', 3, NULL, 1, '[insertado por lote, desde archivo de excel]', '17986853'),
(211, '2015-12-18 16:20:37', '177301', 7, NULL, 1, '[insertado por lote, desde archivo de excel]', '17986853'),
(1, '2015-12-18 16:20:37', '1774801', 64, NULL, 1, '[insertado por lote, desde archivo de excel]', '17986853'),
(2, '2015-12-18 16:20:37', '1774901', 90, NULL, 1, '[insertado por lote, desde archivo de excel]', '17986853'),
(9, '2015-12-18 16:20:37', '1796601', 24, NULL, 1, '[insertado por lote, desde archivo de excel]', '17986853'),
(16, '2015-12-18 16:20:37', '1796611', 3, NULL, 1, '[insertado por lote, desde archivo de excel]', '17986853'),
(31, '2015-12-18 16:20:37', '1796901', 12, NULL, 1, '[insertado por lote, desde archivo de excel]', '17986853'),
(83, '2015-12-18 16:20:37', '1798831', 5, NULL, 1, '[insertado por lote, desde archivo de excel]', '17986853'),
(86, '2015-12-18 16:20:37', '1798841', 11, NULL, 1, '[insertado por lote, desde archivo de excel]', '17986853'),
(242, '2015-12-18 16:20:37', '184211', 3, NULL, 1, '[insertado por lote, desde archivo de excel]', '17986853'),
(177, '2015-12-18 16:20:37', '1854191', 1, NULL, 1, '[insertado por lote, desde archivo de excel]', '17986853'),
(113, '2015-12-18 16:20:37', '1877501', 7, NULL, 1, '[insertado por lote, desde archivo de excel]', '17986853'),
(230, '2015-12-18 16:20:37', '18775501', 6, NULL, 1, '[insertado por lote, desde archivo de excel]', '17986853'),
(231, '2015-12-18 16:20:37', '18775511', 8, NULL, 1, '[insertado por lote, desde archivo de excel]', '17986853'),
(108, '2015-12-18 16:20:37', '1878001', 1, NULL, 1, '[insertado por lote, desde archivo de excel]', '17986853'),
(176, '2015-12-18 16:20:37', '1878711', 1, NULL, 1, '[insertado por lote, desde archivo de excel]', '17986853'),
(234, '2015-12-18 16:20:37', '188401271', 174, NULL, 1, '[insertado por lote, desde archivo de excel]', '17986853'),
(65, '2015-12-18 16:20:37', '1889411', 224, NULL, 1, '[insertado por lote, desde archivo de excel]', '17986853'),
(206, '2015-12-18 16:20:37', '1889611', 16, NULL, 1, '[insertado por lote, desde archivo de excel]', '17986853'),
(221, '2015-12-18 16:20:37', '18896201', 23, NULL, 1, '[insertado por lote, desde archivo de excel]', '17986853'),
(220, '2015-12-18 16:20:37', '1889641', 2, NULL, 1, '[insertado por lote, desde archivo de excel]', '17986853'),
(207, '2015-12-18 16:20:37', '222701', 3, NULL, 1, '[insertado por lote, desde archivo de excel]', '17986853'),
(99, '2015-12-18 16:20:37', '235601', 20, NULL, 1, '[insertado por lote, desde archivo de excel]', '17986853'),
(244, '2015-12-18 16:20:37', '2741121', 1, NULL, 1, '[insertado por lote, desde archivo de excel]', '17986853'),
(243, '2015-12-18 16:20:37', '274271', 1, NULL, 1, '[insertado por lote, desde archivo de excel]', '17986853'),
(49, '2015-12-18 16:20:37', '300101', 10, NULL, 1, '[insertado por lote, desde archivo de excel]', '17986853'),
(47, '2015-12-18 16:20:37', '30011', 4, NULL, 1, '[insertado por lote, desde archivo de excel]', '17986853'),
(122, '2015-12-18 16:20:37', '302501', 1, NULL, 1, '[insertado por lote, desde archivo de excel]', '17986853'),
(228, '2015-12-18 16:20:37', '3405601', 1, NULL, 1, '[insertado por lote, desde archivo de excel]', '17986853'),
(197, '2015-12-18 16:20:37', '341011', 8, NULL, 1, '[insertado por lote, desde archivo de excel]', '17986853'),
(198, '2015-12-18 16:20:37', '341021', 1, NULL, 1, '[insertado por lote, desde archivo de excel]', '17986853'),
(134, '2015-12-18 16:20:37', '401611', 20, NULL, 1, '[insertado por lote, desde archivo de excel]', '17986853'),
(135, '2015-12-18 16:20:37', '402401', 2, NULL, 1, '[insertado por lote, desde archivo de excel]', '17986853'),
(236, '2015-12-18 16:20:37', '4046320', 1, NULL, 0, '[insertado por lote, desde archivo de excel]', '17986853'),
(235, '2015-12-18 16:20:37', '4046321', 3, NULL, 1, '[insertado por lote, desde archivo de excel]', '17986853'),
(238, '2015-12-18 16:20:37', '404701', 2, NULL, 1, '[insertado por lote, desde archivo de excel]', '17986853'),
(240, '2015-12-18 16:20:37', '404801', 4, NULL, 1, '[insertado por lote, desde archivo de excel]', '17986853'),
(241, '2015-12-18 16:20:37', '404811', 4, NULL, 1, '[insertado por lote, desde archivo de excel]', '17986853'),
(224, '2015-12-18 16:20:37', '406701', 1, NULL, 1, '[insertado por lote, desde archivo de excel]', '17986853'),
(223, '2015-12-18 16:20:37', '406721', 3, NULL, 1, '[insertado por lote, desde archivo de excel]', '17986853'),
(100, '2015-12-18 16:20:37', '4126011', 1, NULL, 1, '[insertado por lote, desde archivo de excel]', '17986853'),
(215, '2015-12-18 16:20:37', '4126111', 19, NULL, 1, '[insertado por lote, desde archivo de excel]', '17986853'),
(216, '2015-12-18 16:20:37', '4126221', 5, NULL, 1, '[insertado por lote, desde archivo de excel]', '17986853'),
(87, '2015-12-18 16:20:37', '41370101', 10, NULL, 1, '[insertado por lote, desde archivo de excel]', '17986853'),
(88, '2015-12-18 16:20:37', '41370111', 7, NULL, 1, '[insertado por lote, desde archivo de excel]', '17986853'),
(95, '2015-12-18 16:20:37', '41370141', 2, NULL, 1, '[insertado por lote, desde archivo de excel]', '17986853'),
(96, '2015-12-18 16:20:37', '41370151', 3, NULL, 1, '[insertado por lote, desde archivo de excel]', '17986853'),
(97, '2015-12-18 16:20:37', '472331', 5, NULL, 1, '[insertado por lote, desde archivo de excel]', '17986853'),
(217, '2015-12-18 16:20:37', '475211', 4, NULL, 1, '[insertado por lote, desde archivo de excel]', '17986853'),
(218, '2015-12-18 16:20:37', '475251', 12, NULL, 1, '[insertado por lote, desde archivo de excel]', '17986853'),
(219, '2015-12-18 16:20:37', '475281', 12, NULL, 1, '[insertado por lote, desde archivo de excel]', '17986853'),
(84, '2015-12-18 16:20:37', '4905611', 7, NULL, 1, '[insertado por lote, desde archivo de excel]', '17986853'),
(85, '2015-12-18 16:20:37', '4905691', 7, NULL, 1, '[insertado por lote, desde archivo de excel]', '17986853'),
(128, '2015-12-18 16:20:37', '490701', 6, NULL, 1, '[insertado por lote, desde archivo de excel]', '17986853'),
(130, '2015-12-18 16:20:37', '4907011', 6, NULL, 1, '[insertado por lote, desde archivo de excel]', '17986853'),
(132, '2015-12-18 16:20:37', '4907021', 10, NULL, 1, '[insertado por lote, desde archivo de excel]', '17986853'),
(129, '2015-12-18 16:20:37', '490711', 6, NULL, 1, '[insertado por lote, desde archivo de excel]', '17986853'),
(89, '2015-12-18 16:20:37', '49071101', 8, NULL, 1, '[insertado por lote, desde archivo de excel]', '17986853'),
(131, '2015-12-18 16:20:37', '4907111', 6, NULL, 1, '[insertado por lote, desde archivo de excel]', '17986853'),
(133, '2015-12-18 16:20:37', '4907121', 8, NULL, 1, '[insertado por lote, desde archivo de excel]', '17986853'),
(90, '2015-12-18 16:20:37', '490791', 1, NULL, 1, '[insertado por lote, desde archivo de excel]', '17986853'),
(137, '2015-12-18 16:20:37', '4908011', 4, NULL, 1, '[insertado por lote, desde archivo de excel]', '17986853'),
(138, '2015-12-18 16:20:37', '4908111', 5, NULL, 1, '[insertado por lote, desde archivo de excel]', '17986853'),
(139, '2015-12-18 16:20:37', '4908121', 5, NULL, 1, '[insertado por lote, desde archivo de excel]', '17986853'),
(167, '2015-12-18 16:20:37', '55201401', 3, NULL, 1, '[insertado por lote, desde archivo de excel]', '17986853'),
(148, '2015-12-18 16:20:37', '55201421', 9, NULL, 1, '[insertado por lote, desde archivo de excel]', '17986853'),
(149, '2015-12-18 16:20:37', '55201441', 14, NULL, 1, '[insertado por lote, desde archivo de excel]', '17986853'),
(159, '2015-12-18 16:20:37', '5520401', 1, NULL, 1, '[insertado por lote, desde archivo de excel]', '17986853'),
(169, '2015-12-18 16:20:37', '5520421', 3, NULL, 1, '[insertado por lote, desde archivo de excel]', '17986853'),
(161, '2015-12-18 16:20:37', '5520441', 1, NULL, 1, '[insertado por lote, desde archivo de excel]', '17986853'),
(170, '2015-12-18 16:20:37', '5520451', 4, NULL, 1, '[insertado por lote, desde archivo de excel]', '17986853'),
(157, '2015-12-18 16:20:37', '5520501', 4, NULL, 1, '[insertado por lote, desde archivo de excel]', '17986853'),
(158, '2015-12-18 16:20:37', '5520511', 4, NULL, 1, '[insertado por lote, desde archivo de excel]', '17986853'),
(156, '2015-12-18 16:20:37', '5520531', 2, NULL, 1, '[insertado por lote, desde archivo de excel]', '17986853'),
(160, '2015-12-18 16:20:37', '5520541', 2, NULL, 1, '[insertado por lote, desde archivo de excel]', '17986853'),
(174, '2015-12-18 16:20:37', '5567091', 30, NULL, 1, '[insertado por lote, desde archivo de excel]', '17986853'),
(175, '2015-12-18 16:20:37', '5567101', 23, NULL, 1, '[insertado por lote, desde archivo de excel]', '17986853'),
(141, '2015-12-18 16:20:37', '5567151', 3, NULL, 1, '[insertado por lote, desde archivo de excel]', '17986853'),
(172, '2015-12-18 16:20:37', '5580111', 5, NULL, 1, '[insertado por lote, desde archivo de excel]', '17986853'),
(173, '2015-12-18 16:20:37', '5580121', 20, NULL, 1, '[insertado por lote, desde archivo de excel]', '17986853'),
(171, '2015-12-18 16:20:37', '5580131', 77, NULL, 1, '[insertado por lote, desde archivo de excel]', '17986853'),
(150, '2015-12-18 16:20:37', '558901', 92, NULL, 1, '[insertado por lote, desde archivo de excel]', '17986853'),
(151, '2015-12-18 16:20:37', '558911', 219, NULL, 1, '[insertado por lote, desde archivo de excel]', '17986853'),
(146, '2015-12-18 16:20:37', '5589401', 20, NULL, 1, '[insertado por lote, desde archivo de excel]', '17986853'),
(142, '2015-12-18 16:20:37', '5589501', 4, NULL, 1, '[insertado por lote, desde archivo de excel]', '17986853'),
(144, '2015-12-18 16:20:37', '558961', 4, NULL, 1, '[insertado por lote, desde archivo de excel]', '17986853'),
(210, '2015-12-18 16:20:37', '563601', 2, NULL, 1, '[insertado por lote, desde archivo de excel]', '17986853'),
(209, '2015-12-18 16:20:37', '564201', 49, NULL, 1, '[insertado por lote, desde archivo de excel]', '17986853'),
(208, '2015-12-18 16:20:37', '564221', 74, NULL, 1, '[insertado por lote, desde archivo de excel]', '17986853'),
(179, '2015-12-18 16:20:37', '5644001', 21, NULL, 1, '[insertado por lote, desde archivo de excel]', '17986853'),
(178, '2015-12-18 16:20:37', '5644151', 10, NULL, 1, '[insertado por lote, desde archivo de excel]', '17986853'),
(212, '2015-12-18 16:20:37', '56691211', 1, NULL, 1, '[insertado por lote, desde archivo de excel]', '17986853'),
(193, '2015-12-18 16:20:37', '56691811', 3, NULL, 1, '[insertado por lote, desde archivo de excel]', '17986853'),
(184, '2015-12-18 16:20:37', '5669921', 3, NULL, 1, '[insertado por lote, desde archivo de excel]', '17986853'),
(185, '2015-12-18 16:20:37', '5669941', 1, NULL, 1, '[insertado por lote, desde archivo de excel]', '17986853'),
(195, '2015-12-18 16:20:37', '5686011', 1, NULL, 1, '[insertado por lote, desde archivo de excel]', '17986853'),
(143, '2015-12-18 16:20:37', '568901', 1, NULL, 1, '[insertado por lote, desde archivo de excel]', '17986853'),
(182, '2015-12-18 16:20:37', '575401', 4, NULL, 1, '[insertado por lote, desde archivo de excel]', '17986853'),
(183, '2015-12-18 16:20:37', '575411', 9, NULL, 1, '[insertado por lote, desde archivo de excel]', '17986853'),
(79, '2015-12-18 16:20:37', '5821011', 4, NULL, 1, '[insertado por lote, desde archivo de excel]', '17986853'),
(80, '2015-12-18 16:20:37', '5821021', 3, NULL, 1, '[insertado por lote, desde archivo de excel]', '17986853'),
(81, '2015-12-18 16:20:37', '5822011', 3, NULL, 1, '[insertado por lote, desde archivo de excel]', '17986853'),
(125, '2015-12-18 16:20:37', '58231611', 10, NULL, 1, '[insertado por lote, desde archivo de excel]', '17986853'),
(126, '2015-12-18 16:20:37', '58231621', 3, NULL, 1, '[insertado por lote, desde archivo de excel]', '17986853'),
(127, '2015-12-18 16:20:37', '58231631', 4, NULL, 1, '[insertado por lote, desde archivo de excel]', '17986853'),
(147, '2015-12-18 16:20:37', '582341', 9, NULL, 1, '[insertado por lote, desde archivo de excel]', '17986853'),
(140, '2015-12-18 16:20:37', '582371', 21, NULL, 1, '[insertado por lote, desde archivo de excel]', '17986853'),
(116, '2015-12-18 16:20:37', '582511', 24, NULL, 1, '[insertado por lote, desde archivo de excel]', '17986853'),
(119, '2015-12-18 16:20:37', '5825111', 25, NULL, 1, '[insertado por lote, desde archivo de excel]', '17986853'),
(117, '2015-12-18 16:20:37', '582521', 27, NULL, 1, '[insertado por lote, desde archivo de excel]', '17986853'),
(120, '2015-12-18 16:20:37', '582531', 7, NULL, 1, '[insertado por lote, desde archivo de excel]', '17986853'),
(118, '2015-12-18 16:20:37', '582611', 7, NULL, 1, '[insertado por lote, desde archivo de excel]', '17986853'),
(162, '2015-12-18 16:20:37', '6630401', 1, NULL, 1, '[insertado por lote, desde archivo de excel]', '17986853'),
(163, '2015-12-18 16:20:37', '6630421', 6, NULL, 1, '[insertado por lote, desde archivo de excel]', '17986853'),
(164, '2015-12-18 16:20:37', '6630431', 6, NULL, 1, '[insertado por lote, desde archivo de excel]', '17986853'),
(165, '2015-12-18 16:20:37', '6630441', 4, NULL, 1, '[insertado por lote, desde archivo de excel]', '17986853'),
(202, '2015-12-18 16:20:37', '663101', 2, NULL, 1, '[insertado por lote, desde archivo de excel]', '17986853'),
(78, '2015-12-18 16:20:37', '67361', 2, NULL, 1, '[insertado por lote, desde archivo de excel]', '17986853'),
(203, '2015-12-18 16:20:37', '714801', 48, NULL, 1, '[insertado por lote, desde archivo de excel]', '17986853'),
(204, '2015-12-18 16:20:37', '714821', 1, NULL, 1, '[insertado por lote, desde archivo de excel]', '17986853'),
(106, '2015-12-18 16:20:37', '7160101', 3, NULL, 1, '[insertado por lote, desde archivo de excel]', '17986853'),
(107, '2015-12-18 16:20:37', '7160111', 2, NULL, 1, '[insertado por lote, desde archivo de excel]', '17986853'),
(168, '2015-12-18 16:20:37', '82801', 9, NULL, 1, '[insertado por lote, desde archivo de excel]', '17986853'),
(24, '2015-12-18 16:20:37', '924801', 1, NULL, 1, '[insertado por lote, desde archivo de excel]', '17986853'),
(186, '2015-12-18 16:20:37', '961771', 4, NULL, 1, '[insertado por lote, desde archivo de excel]', '17986853'),
(187, '2015-12-18 16:20:37', '961781', 5, NULL, 1, '[insertado por lote, desde archivo de excel]', '17986853'),
(188, '2015-12-18 16:20:37', '96181', 2, NULL, 1, '[insertado por lote, desde archivo de excel]', '17986853'),
(189, '2015-12-18 16:20:37', '961851', 4, NULL, 1, '[insertado por lote, desde archivo de excel]', '17986853'),
(190, '2015-12-18 16:20:37', '961871', 3, NULL, 1, '[insertado por lote, desde archivo de excel]', '17986853'),
(110, '2015-12-18 16:20:37', '9650101', 8, NULL, 1, '[insertado por lote, desde archivo de excel]', '17986853'),
(111, '2015-12-18 16:20:37', '9650111', 11, NULL, 1, '[insertado por lote, desde archivo de excel]', '17986853'),
(199, '2015-12-18 16:20:37', '971311', 2, NULL, 1, '[insertado por lote, desde archivo de excel]', '17986853'),
(201, '2015-12-18 16:20:37', '971701', 1, NULL, 1, '[insertado por lote, desde archivo de excel]', '17986853'),
(30, '2015-12-18 16:20:37', '98001', 9, NULL, 1, '[insertado por lote, desde archivo de excel]', '17986853'),
(25, '2015-12-18 16:20:37', '985221', 1, NULL, 1, '[insertado por lote, desde archivo de excel]', '17986853'),
(26, '2015-12-18 16:20:37', '985231', 1, NULL, 1, '[insertado por lote, desde archivo de excel]', '17986853'),
(27, '2015-12-18 16:20:37', '985301', 2, NULL, 1, '[insertado por lote, desde archivo de excel]', '17986853'),
(28, '2015-12-18 16:20:37', '985311', 1, NULL, 1, '[insertado por lote, desde archivo de excel]', '17986853'),
(29, '2015-12-18 16:20:37', '98601', 72, NULL, 1, '[insertado por lote, desde archivo de excel]', '17986853'),
(55, '2015-12-18 16:20:37', '99601', 3, NULL, 1, '[insertado por lote, desde archivo de excel]', '17986853');


INSERT INTO `alm_genera_hist_a` (`ID`, `TIME`, `id_articulo`, `id_historial_a`) VALUES
(1, '2015-12-18 16:20:37', '177480', '1774801'),
(2, '2015-12-18 16:20:37', '177490', '1774901'),
(3, '2015-12-18 16:20:37', '163963', '1639631'),
(4, '2015-12-18 16:20:37', '102581', '1025811'),
(5, '2015-12-18 16:20:37', '102220', '1022201'),
(6, '2015-12-18 16:20:37', '102582', '1025821'),
(7, '2015-12-18 16:20:37', '1030410', '10304101'),
(8, '2015-12-18 16:20:37', '1030411', '10304111'),
(9, '2015-12-18 16:20:37', '179660', '1796601'),
(10, '2015-12-18 16:20:37', '1030400', '10304001'),
(11, '2015-12-18 16:20:37', '1030401', '10304011'),
(12, '2015-12-18 16:20:37', '1030402', '10304021'),
(13, '2015-12-18 16:20:37', '1640100', '16401001'),
(14, '2015-12-18 16:20:37', '1640102', '16401021'),
(15, '2015-12-18 16:20:37', '103031', '1030311'),
(16, '2015-12-18 16:20:37', '179661', '1796611'),
(17, '2015-12-18 16:20:37', '1030432', '10304321'),
(18, '2015-12-18 16:20:37', '1030432', '10304320'),
(19, '2015-12-18 16:20:37', '1030442', '10304421'),
(20, '2015-12-18 16:20:37', '1030420', '10304201'),
(21, '2015-12-18 16:20:37', '1030421', '10304211'),
(22, '2015-12-18 16:20:37', '1030422', '10304221'),
(23, '2015-12-18 16:20:37', '1030423', '10304231'),
(24, '2015-12-18 16:20:37', '92480', '924801'),
(25, '2015-12-18 16:20:37', '98522', '985221'),
(26, '2015-12-18 16:20:37', '98523', '985231'),
(27, '2015-12-18 16:20:37', '98530', '985301'),
(28, '2015-12-18 16:20:37', '98531', '985311'),
(29, '2015-12-18 16:20:37', '9860', '98601'),
(30, '2015-12-18 16:20:37', '9800', '98001'),
(31, '2015-12-18 16:20:37', '179690', '1796901'),
(32, '2015-12-18 16:20:37', '1019930', '10199301'),
(33, '2015-12-18 16:20:37', '1019931', '10199311'),
(34, '2015-12-18 16:20:37', '1638270', '16382701'),
(35, '2015-12-18 16:20:37', '1019932', '10199321'),
(36, '2015-12-18 16:20:37', '1638271', '16382711'),
(37, '2015-12-18 16:20:37', '1638272', '16382721'),
(38, '2015-12-18 16:20:37', '103371', '1033711'),
(39, '2015-12-18 16:20:37', '103370', '1033701'),
(40, '2015-12-18 16:20:37', '1033705', '10337051'),
(41, '2015-12-18 16:20:37', '1033707', '10337071'),
(42, '2015-12-18 16:20:37', '1033700', '10337001'),
(43, '2015-12-18 16:20:37', '1033706', '10337061'),
(44, '2015-12-18 16:20:37', '174240', '1742401'),
(45, '2015-12-18 16:20:37', '101360', '1013601'),
(46, '2015-12-18 16:20:37', '101310', '1013101'),
(47, '2015-12-18 16:20:37', '3001', '30011'),
(48, '2015-12-18 16:20:37', '150920', '1509201'),
(49, '2015-12-18 16:20:37', '30010', '300101'),
(50, '2015-12-18 16:20:37', '1033620', '10336201'),
(51, '2015-12-18 16:20:37', '1033621', '10336211'),
(52, '2015-12-18 16:20:37', '1033622', '10336221'),
(53, '2015-12-18 16:20:37', '1033623', '10336231'),
(54, '2015-12-18 16:20:37', '103361', '1033611'),
(55, '2015-12-18 16:20:37', '9960', '99601'),
(56, '2015-12-18 16:20:37', '101392', '1013921'),
(57, '2015-12-18 16:20:37', '102820', '1028201'),
(58, '2015-12-18 16:20:37', '103226', '1032261'),
(59, '2015-12-18 16:20:37', '103227', '1032271'),
(60, '2015-12-18 16:20:37', '103224', '1032241'),
(61, '2015-12-18 16:20:37', '103225', '1032251'),
(62, '2015-12-18 16:20:37', '10372', '103721'),
(63, '2015-12-18 16:20:37', '103330', '1033301'),
(64, '2015-12-18 16:20:37', '10375', '103751'),
(65, '2015-12-18 16:20:37', '188941', '1889411'),
(66, '2015-12-18 16:20:37', '102462', '1024621'),
(67, '2015-12-18 16:20:37', '102740', '1027401'),
(68, '2015-12-18 16:20:37', '102741', '1027411'),
(69, '2015-12-18 16:20:37', '102742', '1027421'),
(70, '2015-12-18 16:20:37', '162240', '1622401'),
(71, '2015-12-18 16:20:37', '162243', '1622431'),
(72, '2015-12-18 16:20:37', '162241', '1622411'),
(73, '2015-12-18 16:20:37', '162260', '1622601'),
(74, '2015-12-18 16:20:37', '162261', '1622611'),
(75, '2015-12-18 16:20:37', '10085', '100851'),
(76, '2015-12-18 16:20:37', '10083', '100831'),
(77, '2015-12-18 16:20:37', '100830', '1008301'),
(78, '2015-12-18 16:20:37', '6736', '67361'),
(79, '2015-12-18 16:20:37', '582101', '5821011'),
(80, '2015-12-18 16:20:37', '582102', '5821021'),
(81, '2015-12-18 16:20:37', '582201', '5822011'),
(82, '2015-12-18 16:20:37', '165194', '1651941'),
(83, '2015-12-18 16:20:37', '179883', '1798831'),
(84, '2015-12-18 16:20:37', '490561', '4905611'),
(85, '2015-12-18 16:20:37', '490569', '4905691'),
(86, '2015-12-18 16:20:37', '179884', '1798841'),
(87, '2015-12-18 16:20:37', '4137010', '41370101'),
(88, '2015-12-18 16:20:37', '4137011', '41370111'),
(89, '2015-12-18 16:20:37', '4907110', '49071101'),
(90, '2015-12-18 16:20:37', '49079', '490791'),
(91, '2015-12-18 16:20:37', '1742001', '17420011'),
(92, '2015-12-18 16:20:37', '165412', '1654121'),
(93, '2015-12-18 16:20:37', '165413', '1654131'),
(94, '2015-12-18 16:20:37', '15577', '155771'),
(95, '2015-12-18 16:20:37', '4137014', '41370141'),
(96, '2015-12-18 16:20:37', '4137015', '41370151'),
(97, '2015-12-18 16:20:37', '47233', '472331'),
(98, '2015-12-18 16:20:37', '1651914', '16519141'),
(99, '2015-12-18 16:20:37', '23560', '235601'),
(100, '2015-12-18 16:20:37', '412601', '4126011'),
(101, '2015-12-18 16:20:37', '150730', '1507301'),
(102, '2015-12-18 16:20:37', '1689910', '16899101'),
(103, '2015-12-18 16:20:37', '1689916', '16899161'),
(104, '2015-12-18 16:20:37', '150731', '1507311'),
(105, '2015-12-18 16:20:37', '116611', '1166111'),
(106, '2015-12-18 16:20:37', '716010', '7160101'),
(107, '2015-12-18 16:20:37', '716011', '7160111'),
(108, '2015-12-18 16:20:37', '187800', '1878001'),
(109, '2015-12-18 16:20:37', '100930', '1009301'),
(110, '2015-12-18 16:20:37', '965010', '9650101'),
(111, '2015-12-18 16:20:37', '965011', '9650111'),
(112, '2015-12-18 16:20:37', '100870', '1008701'),
(113, '2015-12-18 16:20:37', '187750', '1877501'),
(114, '2015-12-18 16:20:37', '100901', '1009011'),
(115, '2015-12-18 16:20:37', '100920', '1009201'),
(116, '2015-12-18 16:20:37', '58251', '582511'),
(117, '2015-12-18 16:20:37', '58252', '582521'),
(118, '2015-12-18 16:20:37', '58261', '582611'),
(119, '2015-12-18 16:20:37', '582511', '5825111'),
(120, '2015-12-18 16:20:37', '58253', '582531'),
(121, '2015-12-18 16:20:37', '100931', '1009311'),
(122, '2015-12-18 16:20:37', '30250', '302501'),
(123, '2015-12-18 16:20:37', '100740', '1007401'),
(124, '2015-12-18 16:20:37', '171091', '1710911'),
(125, '2015-12-18 16:20:37', '5823161', '58231611'),
(126, '2015-12-18 16:20:37', '5823162', '58231621'),
(127, '2015-12-18 16:20:37', '5823163', '58231631'),
(128, '2015-12-18 16:20:37', '49070', '490701'),
(129, '2015-12-18 16:20:37', '49071', '490711'),
(130, '2015-12-18 16:20:37', '490701', '4907011'),
(131, '2015-12-18 16:20:37', '490711', '4907111'),
(132, '2015-12-18 16:20:37', '490702', '4907021'),
(133, '2015-12-18 16:20:37', '490712', '4907121'),
(134, '2015-12-18 16:20:37', '40161', '401611'),
(135, '2015-12-18 16:20:37', '40240', '402401'),
(136, '2015-12-18 16:20:37', '165940', '1659401'),
(137, '2015-12-18 16:20:37', '490801', '4908011'),
(138, '2015-12-18 16:20:37', '490811', '4908111'),
(139, '2015-12-18 16:20:37', '490812', '4908121'),
(140, '2015-12-18 16:20:37', '58237', '582371'),
(141, '2015-12-18 16:20:37', '556715', '5567151'),
(142, '2015-12-18 16:20:37', '558950', '5589501'),
(143, '2015-12-18 16:20:37', '56890', '568901'),
(144, '2015-12-18 16:20:37', '55896', '558961'),
(145, '2015-12-18 16:20:37', '170632', '1706321'),
(146, '2015-12-18 16:20:37', '558940', '5589401'),
(147, '2015-12-18 16:20:37', '58234', '582341'),
(148, '2015-12-18 16:20:37', '5520142', '55201421'),
(149, '2015-12-18 16:20:37', '5520144', '55201441'),
(150, '2015-12-18 16:20:37', '55890', '558901'),
(151, '2015-12-18 16:20:37', '55891', '558911'),
(152, '2015-12-18 16:20:37', '168801', '1688011'),
(153, '2015-12-18 16:20:37', '165420', '1654201'),
(154, '2015-12-18 16:20:37', '165421', '1654211'),
(155, '2015-12-18 16:20:37', '165431', '1654311'),
(156, '2015-12-18 16:20:37', '552053', '5520531'),
(157, '2015-12-18 16:20:37', '552050', '5520501'),
(158, '2015-12-18 16:20:37', '552051', '5520511'),
(159, '2015-12-18 16:20:37', '552040', '5520401'),
(160, '2015-12-18 16:20:37', '552054', '5520541'),
(161, '2015-12-18 16:20:37', '552044', '5520441'),
(162, '2015-12-18 16:20:37', '663040', '6630401'),
(163, '2015-12-18 16:20:37', '663042', '6630421'),
(164, '2015-12-18 16:20:37', '663043', '6630431'),
(165, '2015-12-18 16:20:37', '663044', '6630441'),
(166, '2015-12-18 16:20:37', '15551', '155511'),
(167, '2015-12-18 16:20:37', '5520140', '55201401'),
(168, '2015-12-18 16:20:37', '8280', '82801'),
(169, '2015-12-18 16:20:37', '552042', '5520421'),
(170, '2015-12-18 16:20:37', '552045', '5520451'),
(171, '2015-12-18 16:20:37', '558013', '5580131'),
(172, '2015-12-18 16:20:37', '558011', '5580111'),
(173, '2015-12-18 16:20:37', '558012', '5580121'),
(174, '2015-12-18 16:20:37', '556709', '5567091'),
(175, '2015-12-18 16:20:37', '556710', '5567101'),
(176, '2015-12-18 16:20:37', '187871', '1878711'),
(177, '2015-12-18 16:20:37', '185419', '1854191'),
(178, '2015-12-18 16:20:37', '564415', '5644151'),
(179, '2015-12-18 16:20:37', '564400', '5644001'),
(180, '2015-12-18 16:20:37', '163560', '1635601'),
(181, '2015-12-18 16:20:37', '163561', '1635611'),
(182, '2015-12-18 16:20:37', '57540', '575401'),
(183, '2015-12-18 16:20:37', '57541', '575411'),
(184, '2015-12-18 16:20:37', '566992', '5669921'),
(185, '2015-12-18 16:20:37', '566994', '5669941'),
(186, '2015-12-18 16:20:37', '96177', '961771'),
(187, '2015-12-18 16:20:37', '96178', '961781'),
(188, '2015-12-18 16:20:37', '9618', '96181'),
(189, '2015-12-18 16:20:37', '96185', '961851'),
(190, '2015-12-18 16:20:37', '96187', '961871'),
(191, '2015-12-18 16:20:37', '163591', '1635911'),
(192, '2015-12-18 16:20:37', '163592', '1635921'),
(193, '2015-12-18 16:20:37', '5669181', '56691811'),
(194, '2015-12-18 16:20:37', '1524710', '15247101'),
(195, '2015-12-18 16:20:37', '568601', '5686011'),
(196, '2015-12-18 16:20:37', '161152', '1611521'),
(197, '2015-12-18 16:20:37', '34101', '341011'),
(198, '2015-12-18 16:20:37', '34102', '341021'),
(199, '2015-12-18 16:20:37', '97131', '971311'),
(200, '2015-12-18 16:20:37', '1750', '17501'),
(201, '2015-12-18 16:20:37', '97170', '971701'),
(202, '2015-12-18 16:20:37', '66310', '663101'),
(203, '2015-12-18 16:20:37', '71480', '714801'),
(204, '2015-12-18 16:20:37', '71482', '714821'),
(205, '2015-12-18 16:20:37', '101020', '1010201'),
(206, '2015-12-18 16:20:37', '188961', '1889611'),
(207, '2015-12-18 16:20:37', '22270', '222701'),
(208, '2015-12-18 16:20:37', '56422', '564221'),
(209, '2015-12-18 16:20:37', '56420', '564201'),
(210, '2015-12-18 16:20:37', '56360', '563601'),
(211, '2015-12-18 16:20:37', '17730', '177301'),
(212, '2015-12-18 16:20:37', '5669121', '56691211'),
(213, '2015-12-18 16:20:37', '161421', '1614211'),
(214, '2015-12-18 16:20:37', '161423', '1614231'),
(215, '2015-12-18 16:20:37', '412611', '4126111'),
(216, '2015-12-18 16:20:37', '412622', '4126221'),
(217, '2015-12-18 16:20:37', '47521', '475211'),
(218, '2015-12-18 16:20:37', '47525', '475251'),
(219, '2015-12-18 16:20:37', '47528', '475281'),
(220, '2015-12-18 16:20:37', '188964', '1889641'),
(221, '2015-12-18 16:20:37', '1889620', '18896201'),
(222, '2015-12-18 16:20:37', '1508852', '15088521'),
(223, '2015-12-18 16:20:37', '40672', '406721'),
(224, '2015-12-18 16:20:37', '40670', '406701'),
(225, '2015-12-18 16:20:37', '150882', '1508821'),
(226, '2015-12-18 16:20:37', '150881', '1508811'),
(227, '2015-12-18 16:20:37', '150886', '1508861'),
(228, '2015-12-18 16:20:37', '340560', '3405601'),
(229, '2015-12-18 16:20:37', '116610', '1166101'),
(230, '2015-12-18 16:20:37', '1877550', '18775501'),
(231, '2015-12-18 16:20:37', '1877551', '18775511'),
(232, '2015-12-18 16:20:37', '1006510', '10065101'),
(233, '2015-12-18 16:20:37', '100652', '1006521'),
(234, '2015-12-18 16:20:37', '18840127', '188401271'),
(235, '2015-12-18 16:20:37', '404632', '4046321'),
(236, '2015-12-18 16:20:37', '404632', '4046320'),
(237, '2015-12-18 16:20:37', '15086132', '150861321'),
(238, '2015-12-18 16:20:37', '40470', '404701'),
(239, '2015-12-18 16:20:37', '15086135', '150861351'),
(240, '2015-12-18 16:20:37', '40480', '404801'),
(241, '2015-12-18 16:20:37', '40481', '404811'),
(242, '2015-12-18 16:20:37', '18421', '184211'),
(243, '2015-12-18 16:20:37', '27427', '274271'),
(244, '2015-12-18 16:20:37', '274112', '2741121'),
(245, '2015-12-18 16:20:37', '150893', '1508931'),
(246, '2015-12-18 16:20:37', '1508951', '15089511'),
(247, '2016-01-29 16:35:45', '15086132', '0000000022841'),
(248, '2016-02-03 13:32:18', '188961', '0000000042461'),
(249, '2016-02-03 13:32:18', '56420', '0000000042501'),
(250, '2016-02-03 13:34:11', '1006510', '0000000052801'),
(251, '2016-02-03 13:34:11', '100652', '0000000052811'),
(252, '2016-02-03 13:35:34', '162243', '000000006991'),
(253, '2016-02-03 14:55:36', '165412', '0000000071211'),
(254, '2016-02-03 15:44:46', '162240', '000000011981'),
(255, '2016-02-03 15:44:46', '103361', '000000011801'),
(256, '2016-02-03 15:48:33', '96178', '0000000102271'),
(257, '2016-02-03 16:49:27', '1640100', '000000009211'),
(258, '2016-02-03 16:49:27', '103227', '000000009861'),
(259, '2016-02-03 16:49:27', '162240', '000000009981'),
(260, '2016-02-03 16:49:27', '162241', '0000000091011'),
(261, '2016-02-04 15:25:11', '162240', '000000012981'),
(262, '2016-02-04 15:34:43', '163963', '00000001851'),
(263, '2016-02-04 18:56:13', '1889620', '0000000152651'),
(264, '2016-02-04 18:56:51', '58237', '0000000161731'),
(265, '2016-02-05 15:36:29', '1030400', '000000001171'),
(266, '2016-02-05 15:36:29', '1640100', '000000001211'),
(267, '2016-02-05 15:36:29', '103031', '000000001241'),
(268, '2016-02-05 15:36:29', '162240', '000000001981'),
(269, '2016-02-05 15:36:30', '116610', '0000000012771'),
(270, '2016-02-05 15:36:30', '18840127', '0000000012821'),
(271, '2016-02-05 18:19:44', '1640100', '000000013211'),
(272, '2016-02-05 18:19:44', '103031', '000000013241'),
(273, '2016-02-05 18:19:44', '1030420', '000000013351'),
(274, '2016-02-05 18:19:44', '179690', '000000013531'),
(275, '2016-02-05 18:19:44', '1033620', '000000013761'),
(276, '2016-02-05 18:19:45', '9960', '000000013811'),
(277, '2016-02-05 18:19:45', '102741', '000000013961'),
(278, '2016-02-05 18:19:45', '102742', '000000013971'),
(279, '2016-02-05 18:19:45', '162240', '000000013981'),
(280, '2016-02-10 13:17:35', '103227', '000000019861'),
(281, '2016-02-10 13:17:35', '162240', '000000019981'),
(282, '2016-02-10 13:17:52', '103227', '000000021861'),
(283, '2016-02-10 14:32:13', '185419', '0000000222161'),
(284, '2016-02-10 14:39:02', '8280', '0000000082071'),
(285, '2016-02-11 14:03:17', '177480', '00000002021'),
(286, '2016-02-11 14:03:17', '1030401', '000000020181'),
(287, '2016-02-11 14:03:17', '179690', '000000020531'),
(288, '2016-02-11 14:03:17', '102740', '000000020951'),
(289, '2016-02-11 14:03:17', '102741', '000000020961'),
(290, '2016-02-11 15:24:20', '1006510', '0000000272801'),
(291, '2016-02-11 15:24:20', '100652', '0000000272811'),
(292, '2016-02-11 15:24:20', '100920', '0000000271451'),
(293, '2016-02-11 17:05:36', '10085', '0000000281041'),
(294, '2016-02-11 17:05:36', '100830', '0000000281061'),
(295, '2016-02-11 17:05:36', '100930', '0000000281391'),
(296, '2016-02-11 17:05:36', '100920', '0000000281451'),
(297, '2016-02-11 17:05:36', '1750', '0000000282401'),
(298, '2016-02-11 17:05:36', '97170', '0000000282411'),
(299, '2016-02-11 17:05:36', '101020', '0000000282451'),
(300, '2016-02-11 17:05:36', '1006510', '0000000282801'),
(301, '2016-02-11 17:05:36', '100652', '0000000282811'),
(302, '2016-02-11 17:12:23', '40161', '0000000291641'),
(303, '2016-02-11 17:12:23', '558013', '0000000292101'),
(304, '2016-02-11 17:12:23', '56420', '0000000292501'),
(305, '2016-02-11 17:13:24', '40161', '0000000301641'),
(306, '2016-02-11 17:13:24', '552040', '0000000301971'),
(307, '2016-02-11 17:13:24', '57540', '0000000302211'),
(308, '2016-02-11 17:59:37', '163963', '00000002351'),
(309, '2016-02-11 17:59:37', '1030420', '000000023351'),
(310, '2016-02-11 17:59:37', '1750', '0000000232401'),
(311, '2016-02-16 16:04:41', '1030401', '000000032181'),
(312, '2016-02-16 16:04:41', '1030402', '000000032191'),
(313, '2016-02-16 16:04:41', '1030442', '000000032331'),
(314, '2016-02-17 13:41:41', '40161', '0000000361641'),
(315, '2016-02-17 13:41:41', '552050', '0000000361951'),
(316, '2016-02-17 13:41:41', '564415', '0000000362171'),
(317, '2016-02-17 13:41:41', '564400', '0000000362181'),
(318, '2016-02-17 13:41:41', '57540', '0000000362211'),
(319, '2016-02-17 13:56:34', '40672', '0000000342701'),
(320, '2016-02-17 13:56:34', '1006510', '0000000342801'),
(321, '2016-02-17 14:28:42', '558013', '0000000392101'),
(322, '2016-02-17 15:00:25', '163963', '00000003851'),
(323, '2016-02-17 15:00:25', '1640100', '000000038211'),
(324, '2016-02-22 13:43:06', '177480', '00000004421'),
(325, '2016-02-22 13:43:06', '177490', '00000004431'),
(326, '2016-02-22 15:08:19', '163963', '00000003551'),
(327, '2016-02-22 15:08:19', '1030410', '000000035121'),
(328, '2016-02-22 15:08:19', '1030411', '000000035131'),
(329, '2016-02-22 15:08:19', '179660', '000000035151'),
(330, '2016-02-22 15:08:20', '1030400', '000000035171'),
(331, '2016-02-22 15:08:20', '1030401', '000000035181'),
(332, '2016-02-22 15:08:20', '1030402', '000000035191'),
(333, '2016-02-22 15:08:20', '1640100', '000000035211'),
(334, '2016-02-22 15:08:20', '103031', '000000035241'),
(335, '2016-02-22 15:08:20', '1030432', '000000035291'),
(336, '2016-02-22 15:08:20', '1030420', '000000035351'),
(337, '2016-02-22 15:08:20', '92480', '000000035391'),
(338, '2016-02-22 15:08:20', '103371', '000000035621'),
(339, '2016-02-22 15:08:20', '103370', '000000035631'),
(340, '2016-02-22 15:08:21', '1033621', '000000035771'),
(341, '2016-02-22 15:08:21', '103224', '000000035871'),
(342, '2016-02-22 15:08:21', '102740', '000000035951'),
(343, '2016-02-22 15:08:21', '102741', '000000035961'),
(344, '2016-02-22 15:08:21', '162240', '000000035981'),
(345, '2016-02-22 15:14:56', '162240', '000000046981'),
(346, '2016-02-22 15:14:56', '3001', '000000046721'),
(347, '2016-02-22 15:14:57', '9860', '000000046501'),
(348, '2016-02-22 17:52:35', '179690', '000000040531'),
(349, '2016-02-22 17:52:35', '1033620', '000000040761'),
(350, '2016-02-22 17:52:35', '103361', '000000040801'),
(351, '2016-02-22 17:52:35', '101392', '000000040831'),
(352, '2016-02-22 17:52:35', '103227', '000000040861'),
(353, '2016-02-22 17:52:35', '103225', '000000040881'),
(354, '2016-02-22 17:52:35', '162240', '000000040981'),
(355, '2016-02-22 17:52:35', '18840127', '0000000402821'),
(356, '2016-02-24 13:55:03', '162240', '000000048981'),
(357, '2016-02-24 13:55:32', '162240', '000000047981'),
(358, '2016-02-24 16:25:13', '96178', '0000000262271'),
(359, '2016-02-29 13:44:37', '103361', '000000003801'),
(360, '2016-02-29 13:44:37', '102740', '000000003951'),
(361, '2016-02-29 13:44:37', '162240', '000000003981'),
(362, '2016-02-29 13:44:37', '1030410', '000000003121'),
(363, '2016-02-29 13:44:37', '103226', '000000003851'),
(364, '2016-02-29 13:44:37', '103227', '000000003861'),
(365, '2016-02-29 13:44:37', '1640100', '000000003211'),
(366, '2016-02-29 13:44:37', '1750', '0000000032401'),
(367, '2016-02-29 13:44:37', '103371', '000000003621'),
(368, '2016-02-29 13:44:37', '1640102', '000000003231'),
(369, '2016-02-29 16:59:28', '1006510', '0000000512801'),
(370, '2016-02-29 16:59:28', '100652', '0000000512811'),
(371, '2016-03-01 14:37:09', '163963', '00000004951'),
(372, '2016-03-01 14:37:10', '1030401', '000000049181'),
(373, '2016-03-01 14:37:10', '98530', '000000049481'),
(374, '2016-03-01 14:37:10', '103361', '000000049801'),
(375, '2016-03-01 14:37:10', '103226', '000000049851'),
(376, '2016-03-01 14:37:10', '103224', '000000049871'),
(377, '2016-03-01 14:37:10', '102740', '000000049951'),
(378, '2016-03-01 14:37:10', '102741', '000000049961'),
(379, '2016-03-01 14:37:10', '162240', '000000049981'),
(380, '2016-03-01 15:27:00', '97131', '0000000522391'),
(381, '2016-03-01 15:27:00', '1006510', '0000000522801'),
(382, '2016-03-01 15:27:00', '100652', '0000000522811'),
(383, '2016-03-01 18:08:23', '162240', '000000054981'),
(384, '2016-03-01 18:08:36', '1030420', '000000055351'),
(385, '2016-03-01 18:28:00', '177490', '00000003731'),
(386, '2016-03-01 18:28:12', '177480', '00000003321'),
(387, '2016-03-03 13:19:41', '116610', '0000000452771'),
(388, '2016-03-03 16:25:23', '552051', '0000000571961'),
(389, '2016-03-03 16:25:23', '57541', '0000000572221'),
(390, '2016-03-04 14:00:51', '716010', '0000000561361'),
(391, '2016-03-07 13:11:53', '177480', '00000005921'),
(392, '2016-03-07 13:11:53', '177490', '00000005931'),
(393, '2016-03-07 13:12:13', '96187', '0000000612301'),
(394, '2016-03-07 13:15:58', '558013', '0000000622101'),
(395, '2016-03-07 15:39:44', '162240', '000000067981'),
(396, '2016-03-07 15:40:20', '162240', '000000068981'),
(397, '2016-03-08 13:45:34', '1030410', '000000070121'),
(398, '2016-03-08 13:45:35', '162240', '000000070981'),
(399, '2016-03-08 14:40:30', '564400', '0000000712181'),
(400, '2016-03-08 18:01:31', '100652', '0000000662811'),
(401, '2016-03-10 14:02:49', '1030410', '000000043121'),
(402, '2016-03-10 14:02:49', '1030411', '000000043131'),
(403, '2016-03-10 14:02:49', '179660', '000000043151'),
(404, '2016-03-10 14:02:49', '1640100', '000000043211'),
(405, '2016-03-10 14:02:49', '102820', '000000043841'),
(406, '2016-03-10 14:02:49', '103226', '000000043851'),
(407, '2016-03-10 14:02:50', '103227', '000000043861'),
(408, '2016-03-10 14:02:50', '103224', '000000043871'),
(409, '2016-03-10 14:02:50', '103225', '000000043881'),
(410, '2016-03-10 14:02:50', '102741', '000000043961'),
(411, '2016-03-10 14:02:50', '162240', '000000043981'),
(412, '2016-03-14 14:17:39', '179690', '000000072531'),
(413, '2016-03-14 14:17:40', '102220', '00000007291'),
(414, '2016-03-14 14:17:40', '9960', '000000072811'),
(415, '2016-03-14 15:38:14', '163963', '00000006951'),
(416, '2016-03-14 15:38:14', '1030410', '000000069121'),
(417, '2016-03-14 15:38:14', '1640100', '000000069211'),
(418, '2016-03-14 15:38:14', '103224', '000000069871'),
(419, '2016-03-14 15:38:14', '102740', '000000069951'),
(420, '2016-03-14 15:38:14', '102741', '000000069961'),
(421, '2016-03-14 15:38:14', '162240', '000000069981'),
(422, '2016-03-16 14:35:30', '552053', '0000000811941'),
(423, '2016-03-16 14:36:50', '177480', '00000008221'),
(424, '2016-03-16 14:36:50', '177490', '00000008231'),
(425, '2016-03-16 15:02:32', '1006510', '0000000772801'),
(426, '2016-03-16 15:02:45', '100652', '0000000782811'),
(427, '2016-03-16 15:15:57', '163963', '00000007351'),
(428, '2016-03-16 15:15:57', '1640100', '000000073211'),
(429, '2016-03-16 15:15:57', '1640102', '000000073231'),
(430, '2016-03-16 15:15:57', '103370', '000000073631'),
(431, '2016-03-17 17:55:36', '17730', '0000000242521'),
(432, '2016-03-17 17:55:36', '161152', '0000000242361'),
(433, '2016-04-07 14:58:09', '98530', '000000079481'),
(434, '2016-04-07 15:00:02', '40161', '0000000861641'),
(435, '2016-04-07 15:04:24', '1006510', '0000000832801'),
(436, '2016-04-07 15:04:25', '100652', '0000000832811'),
(437, '2016-04-07 15:09:26', '177480', '00000008921'),
(438, '2016-04-07 15:09:26', '177490', '00000008931'),
(439, '2016-04-07 15:09:26', '179690', '000000089531'),
(440, '2016-04-07 15:09:26', '162240', '000000089981'),
(441, '2016-04-07 15:15:37', '552053', '0000000901941'),
(442, '2016-04-07 15:15:37', '552044', '0000000901991'),
(443, '2016-04-07 15:15:38', '564400', '0000000902181'),
(444, '2016-04-07 15:55:27', '1030410', '000000074121'),
(445, '2016-04-07 15:55:27', '1030411', '000000074131'),
(446, '2016-04-07 15:55:48', '179660', '000000075151'),
(447, '2016-04-07 15:56:44', '1030402', '000000076191'),
(448, '2016-04-07 15:56:44', '1640100', '000000076211'),
(449, '2016-04-07 15:56:45', '103370', '000000076631'),
(450, '2016-04-07 18:21:48', '57540', '0000000922211'),
(451, '2016-04-08 18:50:50', '1030410', '000000087121'),
(452, '2016-04-08 18:50:50', '1030411', '000000087131'),
(453, '2016-04-13 18:14:52', '103227', '000000084861'),
(454, '2016-04-13 18:14:53', '103224', '000000084871'),
(455, '2016-04-13 18:14:53', '103225', '000000084881'),
(456, '2016-04-13 18:14:53', '162240', '000000084981'),
(457, '2016-04-13 18:17:14', '8280', '0000000852071'),
(458, '2016-04-13 18:18:11', '100652', '0000000952811'),
(459, '2016-04-13 18:18:11', '1006510', '0000000952801'),
(460, '2016-04-21 13:23:17', '103224', '000000097871'),
(461, '2016-04-21 15:25:32', '103226', '000000091851'),
(462, '2016-04-21 15:25:32', '103227', '000000091861'),
(463, '2016-04-21 15:25:32', '103224', '000000091871'),
(464, '2016-04-21 15:38:59', '162240', '000000099981'),
(465, '2016-04-22 13:26:57', '1030410', '000000093121'),
(466, '2016-04-22 13:26:57', '1030411', '000000093131'),
(467, '2016-04-22 13:26:57', '179660', '000000093151'),
(468, '2016-04-22 13:26:57', '1030401', '000000093181'),
(469, '2016-04-22 13:26:57', '1640100', '000000093211'),
(470, '2016-04-22 13:26:57', '1030420', '000000093351'),
(471, '2016-04-22 13:26:57', '1033621', '000000093771'),
(472, '2016-04-22 13:26:57', '103227', '000000093861'),
(473, '2016-04-22 13:26:57', '102741', '000000093961'),
(474, '2016-04-22 13:26:57', '10083', '0000000931051'),
(475, '2016-04-22 13:26:57', '100920', '0000000931451'),
(476, '2016-04-22 13:26:58', '100740', '0000000931531'),
(477, '2016-04-22 13:29:12', '103224', '000000088871'),
(478, '2016-04-22 13:29:12', '103225', '000000088881'),
(479, '2016-04-22 13:29:12', '1030411', '000000088131'),
(480, '2016-04-22 13:29:12', '1030410', '000000088121'),
(481, '2016-04-22 14:04:10', '100830', '0000001001061'),
(482, '2016-04-22 14:04:10', '716010', '0000001001361'),
(483, '2016-04-22 14:04:10', '100930', '0000001001391'),
(484, '2016-04-22 14:38:28', '1006510', '0000000942801'),
(485, '2016-04-22 14:38:28', '100652', '0000000942811'),
(486, '2016-04-22 14:39:02', '100930', '0000000581391'),
(487, '2016-04-22 15:34:19', '1640100', '000000103211'),
(488, '2016-04-22 15:34:19', '162240', '000000103981'),
(489, '2016-04-22 15:35:23', '9960', '000000102811'),
(490, '2016-04-22 15:46:53', '1030410', '000000098121'),
(491, '2016-04-22 15:46:53', '103226', '000000098851'),
(492, '2016-04-22 15:46:54', '103224', '000000098871'),
(493, '2016-04-22 15:46:54', '162240', '000000098981'),
(494, '2016-04-25 14:24:59', '663044', '0000001042041'),
(495, '2016-04-25 15:39:54', '490712', '0000001051631'),
(496, '2016-04-25 15:40:08', '40161', '0000001061641'),
(497, '2016-04-25 15:40:59', '96177', '0000001072261'),
(498, '2016-04-25 15:41:48', '161152', '0000001082361'),
(499, '2016-04-26 15:14:02', '103226', '000000109851'),
(500, '2016-04-26 15:14:02', '162240', '000000109981'),
(501, '2016-04-26 15:28:54', '187800', '0000001101381'),
(502, '2016-04-26 15:28:54', '1006510', '0000001102801'),
(503, '2016-04-26 15:28:54', '100652', '0000001102811'),
(504, '2016-04-26 15:30:34', '716010', '0000001111361'),
(505, '2016-04-26 16:39:02', '177480', '00000010121'),
(506, '2016-04-26 16:39:02', '177490', '00000010131'),
(507, '2016-04-26 16:39:03', '9860', '000000101501'),
(508, '2016-04-26 16:39:03', '103227', '000000101861'),
(509, '2016-04-26 16:39:03', '102740', '000000101951'),
(510, '2016-04-26 16:39:03', '102741', '000000101961'),
(511, '2016-04-26 16:39:03', '162240', '000000101981');



INSERT INTO `alm_retira` (`ID`, `TIME`, `nr_solicitud`, `cod_articulo`, `id_usuario`) VALUES
(1, '2016-01-29 16:35:45', '000000002', '15086132', '10266594'),
(2, '2016-02-03 13:32:18', '000000004', '188961', '7560867'),
(3, '2016-02-03 13:32:18', '000000004', '56420', '7560867'),
(4, '2016-02-03 13:34:11', '000000005', '1006510', '17066227'),
(5, '2016-02-03 13:34:11', '000000005', '100652', '17066227'),
(6, '2016-02-03 13:35:34', '000000006', '162243', '8668239'),
(7, '2016-02-03 14:55:36', '000000007', '165412', '18166077'),
(8, '2016-02-03 15:44:46', '000000011', '162240', '10701349'),
(9, '2016-02-03 15:44:46', '000000011', '103361', '10701349'),
(10, '2016-02-03 15:48:33', '000000010', '96178', '10455543'),
(11, '2016-02-03 16:49:27', '000000009', '1640100', '8668239'),
(12, '2016-02-03 16:49:27', '000000009', '103227', '8668239'),
(13, '2016-02-03 16:49:27', '000000009', '162240', '8668239'),
(14, '2016-02-03 16:49:27', '000000009', '162241', '8668239'),
(15, '2016-02-04 15:25:11', '000000012', '162240', '10228698'),
(16, '2016-02-04 15:34:43', '000000018', '163963', '10228698'),
(17, '2016-02-04 18:56:13', '000000015', '1889620', '10455543'),
(18, '2016-02-04 18:56:51', '000000016', '58237', '15494959'),
(19, '2016-02-05 15:36:29', '000000001', '1030400', '13989244'),
(20, '2016-02-05 15:36:29', '000000001', '1640100', '13989244'),
(21, '2016-02-05 15:36:29', '000000001', '103031', '13989244'),
(22, '2016-02-05 15:36:29', '000000001', '162240', '13989244'),
(23, '2016-02-05 15:36:30', '000000001', '116610', '13989244'),
(24, '2016-02-05 15:36:30', '000000001', '18840127', '13989244'),
(25, '2016-02-05 18:19:44', '000000013', '1640100', '13988151'),
(26, '2016-02-05 18:19:44', '000000013', '103031', '13988151'),
(27, '2016-02-05 18:19:44', '000000013', '1030420', '13988151'),
(28, '2016-02-05 18:19:44', '000000013', '179690', '13988151'),
(29, '2016-02-05 18:19:44', '000000013', '1033620', '13988151'),
(30, '2016-02-05 18:19:45', '000000013', '9960', '13988151'),
(31, '2016-02-05 18:19:45', '000000013', '102741', '13988151'),
(32, '2016-02-05 18:19:45', '000000013', '102742', '13988151'),
(33, '2016-02-05 18:19:45', '000000013', '162240', '13988151'),
(34, '2016-02-10 13:17:35', '000000019', '103227', '7012556'),
(35, '2016-02-10 13:17:35', '000000019', '162240', '7012556'),
(36, '2016-02-10 13:17:52', '000000021', '103227', '7012556'),
(37, '2016-02-10 13:17:52', '000000021', '162240', '7012556'),
(38, '2016-02-10 14:32:13', '000000022', '185419', '7560867'),
(39, '2016-02-10 14:39:02', '000000008', '47521', '7560867'),
(40, '2016-02-10 14:39:03', '000000008', '8280', '7560867'),
(41, '2016-02-11 14:03:17', '000000020', '177480', '10233908'),
(42, '2016-02-11 14:03:17', '000000020', '1030400', '10233908'),
(43, '2016-02-11 14:03:17', '000000020', '1030401', '10233908'),
(44, '2016-02-11 14:03:17', '000000020', '179690', '10233908'),
(45, '2016-02-11 14:03:17', '000000020', '102740', '10233908'),
(46, '2016-02-11 14:03:17', '000000020', '102741', '10233908'),
(47, '2016-02-11 15:24:20', '000000027', '1006510', '16280386'),
(48, '2016-02-11 15:24:20', '000000027', '100652', '16280386'),
(49, '2016-02-11 15:24:20', '000000027', '100920', '16280386'),
(50, '2016-02-11 17:05:36', '000000028', '10085', '16280386'),
(51, '2016-02-11 17:05:36', '000000028', '100830', '16280386'),
(52, '2016-02-11 17:05:36', '000000028', '100930', '16280386'),
(53, '2016-02-11 17:05:36', '000000028', '100920', '16280386'),
(54, '2016-02-11 17:05:36', '000000028', '1750', '16280386'),
(55, '2016-02-11 17:05:36', '000000028', '97170', '16280386'),
(56, '2016-02-11 17:05:36', '000000028', '101020', '16280386'),
(57, '2016-02-11 17:05:36', '000000028', '1006510', '16280386'),
(58, '2016-02-11 17:05:36', '000000028', '100652', '16280386'),
(59, '2016-02-11 17:12:23', '000000029', '40161', '10266594'),
(60, '2016-02-11 17:12:23', '000000029', '558013', '10266594'),
(61, '2016-02-11 17:12:23', '000000029', '56420', '10266594'),
(62, '2016-02-11 17:13:24', '000000030', '40161', '7560867'),
(63, '2016-02-11 17:13:24', '000000030', '552040', '7560867'),
(64, '2016-02-11 17:13:24', '000000030', '57540', '7560867'),
(65, '2016-02-11 17:59:37', '000000023', '163963', '14382083'),
(66, '2016-02-11 17:59:37', '000000023', '1030420', '14382083'),
(67, '2016-02-11 17:59:37', '000000023', '1750', '14382083'),
(68, '2016-02-11 17:59:37', '000000023', '97170', '14382083'),
(69, '2016-02-16 16:04:41', '000000032', '1030400', '14382083'),
(70, '2016-02-16 16:04:41', '000000032', '1030401', '14382083'),
(71, '2016-02-16 16:04:41', '000000032', '1030402', '14382083'),
(72, '2016-02-16 16:04:41', '000000032', '1030442', '14382083'),
(73, '2016-02-17 13:41:41', '000000036', '40161', '7560867'),
(74, '2016-02-17 13:41:41', '000000036', '552050', '7560867'),
(75, '2016-02-17 13:41:41', '000000036', '564415', '7560867'),
(76, '2016-02-17 13:41:41', '000000036', '564400', '7560867'),
(77, '2016-02-17 13:41:41', '000000036', '57540', '7560867'),
(78, '2016-02-17 13:56:33', '000000034', '177480', '7142771'),
(79, '2016-02-17 13:56:34', '000000034', '40672', '7142771'),
(80, '2016-02-17 13:56:34', '000000034', '1006510', '7142771'),
(81, '2016-02-17 14:28:42', '000000039', '558013', '10266594'),
(82, '2016-02-17 15:00:25', '000000038', '163963', '10701349'),
(83, '2016-02-17 15:00:25', '000000038', '1640100', '10701349'),
(84, '2016-02-22 13:43:06', '000000044', '177480', '7142771'),
(85, '2016-02-22 13:43:06', '000000044', '177490', '7142771'),
(86, '2016-02-22 15:08:19', '000000035', '161155', '10577808'),
(87, '2016-02-22 15:08:19', '000000035', '163963', '10577808'),
(88, '2016-02-22 15:08:19', '000000035', '163960', '10577808'),
(89, '2016-02-22 15:08:19', '000000035', '163961', '10577808'),
(90, '2016-02-22 15:08:19', '000000035', '103041', '10577808'),
(91, '2016-02-22 15:08:19', '000000035', '1030410', '10577808'),
(92, '2016-02-22 15:08:19', '000000035', '1030411', '10577808'),
(93, '2016-02-22 15:08:19', '000000035', '1030412', '10577808'),
(94, '2016-02-22 15:08:20', '000000035', '179660', '10577808'),
(95, '2016-02-22 15:08:20', '000000035', '1030400', '10577808'),
(96, '2016-02-22 15:08:20', '000000035', '1030401', '10577808'),
(97, '2016-02-22 15:08:20', '000000035', '1030402', '10577808'),
(98, '2016-02-22 15:08:20', '000000035', '164010', '10577808'),
(99, '2016-02-22 15:08:20', '000000035', '1640100', '10577808'),
(100, '2016-02-22 15:08:20', '000000035', '1640101', '10577808'),
(101, '2016-02-22 15:08:20', '000000035', '103031', '10577808'),
(102, '2016-02-22 15:08:20', '000000035', '1030432', '10577808'),
(103, '2016-02-22 15:08:20', '000000035', '1030420', '10577808'),
(104, '2016-02-22 15:08:20', '000000035', '92480', '10577808'),
(105, '2016-02-22 15:08:20', '000000035', '9970', '10577808'),
(106, '2016-02-22 15:08:20', '000000035', '9860', '10577808'),
(107, '2016-02-22 15:08:20', '000000035', '163827', '10577808'),
(108, '2016-02-22 15:08:20', '000000035', '103371', '10577808'),
(109, '2016-02-22 15:08:20', '000000035', '103370', '10577808'),
(110, '2016-02-22 15:08:20', '000000035', '102871', '10577808'),
(111, '2016-02-22 15:08:21', '000000035', '1033621', '10577808'),
(112, '2016-02-22 15:08:21', '000000035', '103224', '10577808'),
(113, '2016-02-22 15:08:21', '000000035', '10372', '10577808'),
(114, '2016-02-22 15:08:21', '000000035', '102740', '10577808'),
(115, '2016-02-22 15:08:21', '000000035', '102741', '10577808'),
(116, '2016-02-22 15:08:21', '000000035', '162240', '10577808'),
(117, '2016-02-22 15:08:21', '000000035', '162242', '10577808'),
(118, '2016-02-22 15:14:56', '000000046', '162240', '17032400'),
(119, '2016-02-22 15:14:56', '000000046', '3001', '17032400'),
(120, '2016-02-22 15:14:57', '000000046', '9860', '17032400'),
(121, '2016-02-22 17:52:35', '000000040', '1030400', '15739066'),
(122, '2016-02-22 17:52:35', '000000040', '179690', '15739066'),
(123, '2016-02-22 17:52:35', '000000040', '103371', '15739066'),
(124, '2016-02-22 17:52:35', '000000040', '1033620', '15739066'),
(125, '2016-02-22 17:52:35', '000000040', '103361', '15739066'),
(126, '2016-02-22 17:52:35', '000000040', '101392', '15739066'),
(127, '2016-02-22 17:52:35', '000000040', '103227', '15739066'),
(128, '2016-02-22 17:52:35', '000000040', '103225', '15739066'),
(129, '2016-02-22 17:52:35', '000000040', '162240', '15739066'),
(130, '2016-02-22 17:52:35', '000000040', '97170', '15739066'),
(131, '2016-02-22 17:52:35', '000000040', '10191', '15739066'),
(132, '2016-02-22 17:52:35', '000000040', '18840127', '15739066'),
(133, '2016-02-24 13:55:03', '000000048', '162240', '7142771'),
(134, '2016-02-24 13:55:32', '000000047', '162240', '8668239'),
(135, '2016-02-24 16:25:13', '000000026', '96178', '14162837'),
(136, '2016-02-29 13:44:37', '000000003', '103361', '8841651'),
(137, '2016-02-29 13:44:37', '000000003', '102740', '8841651'),
(138, '2016-02-29 13:44:37', '000000003', '162240', '8841651'),
(139, '2016-02-29 13:44:37', '000000003', '1030410', '8841651'),
(140, '2016-02-29 13:44:37', '000000003', '103226', '8841651'),
(141, '2016-02-29 13:44:37', '000000003', '103227', '8841651'),
(142, '2016-02-29 13:44:37', '000000003', '1640100', '8841651'),
(143, '2016-02-29 13:44:37', '000000003', '1750', '8841651'),
(144, '2016-02-29 13:44:37', '000000003', '103371', '8841651'),
(145, '2016-02-29 13:44:37', '000000003', '1640102', '8841651'),
(146, '2016-02-29 13:44:37', '000000003', '97170', '8841651'),
(147, '2016-02-29 13:44:38', '000000003', '101020', '8841651'),
(148, '2016-02-29 16:59:28', '000000051', '1006510', '14754527'),
(149, '2016-02-29 16:59:28', '000000051', '100652', '14754527'),
(150, '2016-03-01 14:37:09', '000000049', '163963', '10228698'),
(151, '2016-03-01 14:37:10', '000000049', '1030401', '10228698'),
(152, '2016-03-01 14:37:10', '000000049', '164010', '10228698'),
(153, '2016-03-01 14:37:10', '000000049', '98530', '10228698'),
(154, '2016-03-01 14:37:10', '000000049', '103361', '10228698'),
(155, '2016-03-01 14:37:10', '000000049', '103226', '10228698'),
(156, '2016-03-01 14:37:10', '000000049', '103224', '10228698'),
(157, '2016-03-01 14:37:10', '000000049', '102740', '10228698'),
(158, '2016-03-01 14:37:10', '000000049', '102741', '10228698'),
(159, '2016-03-01 14:37:10', '000000049', '162240', '10228698'),
(160, '2016-03-01 15:27:00', '000000052', '71609', '16280386'),
(161, '2016-03-01 15:27:00', '000000052', '97131', '16280386'),
(162, '2016-03-01 15:27:00', '000000052', '1750', '16280386'),
(163, '2016-03-01 15:27:00', '000000052', '1006510', '16280386'),
(164, '2016-03-01 15:27:00', '000000052', '100652', '16280386'),
(165, '2016-03-01 18:08:23', '000000054', '162240', '10701349'),
(166, '2016-03-01 18:08:36', '000000055', '1030420', '10701349'),
(167, '2016-03-01 18:28:00', '000000037', '177490', '7142771'),
(168, '2016-03-01 18:28:12', '000000033', '177480', '7142771'),
(169, '2016-03-03 13:19:41', '000000045', '116610', '7084323'),
(170, '2016-03-03 16:25:23', '000000057', '552051', '7560867'),
(171, '2016-03-03 16:25:23', '000000057', '57541', '7560867'),
(172, '2016-03-04 14:00:51', '000000056', '716010', '16280386'),
(173, '2016-03-07 13:11:53', '000000059', '177480', '10232537'),
(174, '2016-03-07 13:11:53', '000000059', '177490', '10232537'),
(175, '2016-03-07 13:12:13', '000000061', '96187', '8841651'),
(176, '2016-03-07 13:15:58', '000000062', '558013', '10266594'),
(177, '2016-03-07 15:39:44', '000000067', '162240', '13588340'),
(178, '2016-03-07 15:40:21', '000000068', '162240', '13588340'),
(179, '2016-03-08 13:45:34', '000000070', '1030410', '10228698'),
(180, '2016-03-08 13:45:35', '000000070', '162240', '10228698'),
(181, '2016-03-08 14:40:30', '000000071', '564400', '7560867'),
(182, '2016-03-08 18:01:31', '000000066', '97170', '16280386'),
(183, '2016-03-08 18:01:31', '000000066', '100652', '16280386'),
(184, '2016-03-10 14:02:49', '000000043', '1030410', '7106822'),
(185, '2016-03-10 14:02:49', '000000043', '1030411', '7106822'),
(186, '2016-03-10 14:02:49', '000000043', '1030412', '7106822'),
(187, '2016-03-10 14:02:49', '000000043', '179660', '7106822'),
(188, '2016-03-10 14:02:49', '000000043', '1030400', '7106822'),
(189, '2016-03-10 14:02:49', '000000043', '1640100', '7106822'),
(190, '2016-03-10 14:02:49', '000000043', '1640101', '7106822'),
(191, '2016-03-10 14:02:49', '000000043', '103031', '7106822'),
(192, '2016-03-10 14:02:49', '000000043', '1030430', '7106822'),
(193, '2016-03-10 14:02:49', '000000043', '103042', '7106822'),
(194, '2016-03-10 14:02:49', '000000043', '9970', '7106822'),
(195, '2016-03-10 14:02:49', '000000043', '163827', '7106822'),
(196, '2016-03-10 14:02:49', '000000043', '103371', '7106822'),
(197, '2016-03-10 14:02:49', '000000043', '102871', '7106822'),
(198, '2016-03-10 14:02:49', '000000043', '103360', '7106822'),
(199, '2016-03-10 14:02:49', '000000043', '102820', '7106822'),
(200, '2016-03-10 14:02:49', '000000043', '103226', '7106822'),
(201, '2016-03-10 14:02:50', '000000043', '103227', '7106822'),
(202, '2016-03-10 14:02:50', '000000043', '103224', '7106822'),
(203, '2016-03-10 14:02:50', '000000043', '103225', '7106822'),
(204, '2016-03-10 14:02:50', '000000043', '102741', '7106822'),
(205, '2016-03-10 14:02:50', '000000043', '102742', '7106822'),
(206, '2016-03-10 14:02:50', '000000043', '162240', '7106822'),
(207, '2016-03-10 14:02:50', '000000043', '162242', '7106822'),
(208, '2016-03-10 14:02:50', '000000043', '10085', '7106822'),
(209, '2016-03-10 14:02:50', '000000043', '100830', '7106822'),
(210, '2016-03-10 14:02:50', '000000043', '582102', '7106822'),
(211, '2016-03-10 14:02:50', '000000043', '49079', '7106822'),
(212, '2016-03-10 14:02:50', '000000043', '187800', '7106822'),
(213, '2016-03-10 14:02:50', '000000043', '100870', '7106822'),
(214, '2016-03-10 14:02:50', '000000043', '187750', '7106822'),
(215, '2016-03-10 14:02:50', '000000043', '100920', '7106822'),
(216, '2016-03-10 14:02:50', '000000043', '100740', '7106822'),
(217, '2016-03-10 14:02:50', '000000043', '558013', '7106822'),
(218, '2016-03-10 14:02:50', '000000043', '97131', '7106822'),
(219, '2016-03-10 14:02:50', '000000043', '97170', '7106822'),
(220, '2016-03-10 14:02:50', '000000043', '101020', '7106822'),
(221, '2016-03-10 14:02:50', '000000043', '188961', '7106822'),
(222, '2016-03-10 14:02:50', '000000043', '10191', '7106822'),
(223, '2016-03-10 14:02:50', '000000043', '1006510', '7106822'),
(224, '2016-03-10 14:02:51', '000000043', '100652', '7106822'),
(225, '2016-03-14 14:17:39', '000000072', '179690', '7142771'),
(226, '2016-03-14 14:17:40', '000000072', '102220', '7142771'),
(227, '2016-03-14 14:17:40', '000000072', '9960', '7142771'),
(228, '2016-03-14 14:17:40', '000000072', '102581', '7142771'),
(229, '2016-03-14 15:38:14', '000000069', '163963', '11359154'),
(230, '2016-03-14 15:38:14', '000000069', '1030410', '11359154'),
(231, '2016-03-14 15:38:14', '000000069', '1640100', '11359154'),
(232, '2016-03-14 15:38:14', '000000069', '103031', '11359154'),
(233, '2016-03-14 15:38:14', '000000069', '102871', '11359154'),
(234, '2016-03-14 15:38:14', '000000069', '103224', '11359154'),
(235, '2016-03-14 15:38:14', '000000069', '102740', '11359154'),
(236, '2016-03-14 15:38:14', '000000069', '102741', '11359154'),
(237, '2016-03-14 15:38:14', '000000069', '162240', '11359154'),
(238, '2016-03-14 15:38:14', '000000069', '162242', '11359154'),
(239, '2016-03-16 14:35:30', '000000081', '552053', '10455543'),
(240, '2016-03-16 14:36:50', '000000082', '177480', '10701349'),
(241, '2016-03-16 14:36:50', '000000082', '177490', '10701349'),
(242, '2016-03-16 15:02:32', '000000077', '1006510', '14162837'),
(243, '2016-03-16 15:02:45', '000000078', '100652', '14162837'),
(244, '2016-03-16 15:15:57', '000000073', '163963', '13588340'),
(245, '2016-03-16 15:15:57', '000000073', '1640100', '13588340'),
(246, '2016-03-16 15:15:57', '000000073', '1640101', '13588340'),
(247, '2016-03-16 15:15:57', '000000073', '1640102', '13588340'),
(248, '2016-03-16 15:15:57', '000000073', '103370', '13588340'),
(249, '2016-03-17 17:55:36', '000000024', '17730', '8841651'),
(250, '2016-03-17 17:55:36', '000000024', '161152', '8841651'),
(251, '2016-04-07 14:58:09', '000000079', '98530', '13588340'),
(252, '2016-04-07 15:00:02', '000000086', '40161', '7560867'),
(253, '2016-04-07 15:04:24', '000000083', '716010', '17066227'),
(254, '2016-04-07 15:04:24', '000000083', '1006510', '17066227'),
(255, '2016-04-07 15:04:25', '000000083', '100652', '17066227'),
(256, '2016-04-07 15:09:26', '000000089', '177480', '10701349'),
(257, '2016-04-07 15:09:26', '000000089', '177490', '10701349'),
(258, '2016-04-07 15:09:26', '000000089', '179690', '10701349'),
(259, '2016-04-07 15:09:26', '000000089', '162240', '10701349'),
(260, '2016-04-07 15:15:37', '000000090', '552053', '7560867'),
(261, '2016-04-07 15:15:37', '000000090', '552044', '7560867'),
(262, '2016-04-07 15:15:38', '000000090', '564400', '7560867'),
(263, '2016-04-07 15:55:27', '000000074', '1030410', '11809738'),
(264, '2016-04-07 15:55:27', '000000074', '1030411', '11809738'),
(265, '2016-04-07 15:55:27', '000000074', '1030412', '11809738'),
(266, '2016-04-07 15:55:48', '000000075', '179660', '11809738'),
(267, '2016-04-07 15:56:44', '000000076', '1030400', '11809738'),
(268, '2016-04-07 15:56:44', '000000076', '1030401', '11809738'),
(269, '2016-04-07 15:56:44', '000000076', '1030402', '11809738'),
(270, '2016-04-07 15:56:44', '000000076', '164010', '11809738'),
(271, '2016-04-07 15:56:45', '000000076', '1640100', '11809738'),
(272, '2016-04-07 15:56:45', '000000076', '1640101', '11809738'),
(273, '2016-04-07 15:56:45', '000000076', '103031', '11809738'),
(274, '2016-04-07 15:56:45', '000000076', '103043', '11809738'),
(275, '2016-04-07 15:56:45', '000000076', '103044', '11809738'),
(276, '2016-04-07 15:56:45', '000000076', '103042', '11809738'),
(277, '2016-04-07 15:56:45', '000000076', '92530', '11809738'),
(278, '2016-04-07 15:56:45', '000000076', '9871', '11809738'),
(279, '2016-04-07 15:56:45', '000000076', '103371', '11809738'),
(280, '2016-04-07 15:56:45', '000000076', '103370', '11809738'),
(281, '2016-04-07 18:21:48', '000000092', '57540', '7560867'),
(282, '2016-04-08 18:50:50', '000000087', '1030410', '8841651'),
(283, '2016-04-08 18:50:50', '000000087', '1030411', '8841651'),
(284, '2016-04-08 18:50:50', '000000087', '1030412', '8841651'),
(285, '2016-04-13 18:14:52', '000000084', '163960', '15739066'),
(286, '2016-04-13 18:14:52', '000000084', '103227', '15739066'),
(287, '2016-04-13 18:14:53', '000000084', '103224', '15739066'),
(288, '2016-04-13 18:14:53', '000000084', '103225', '15739066'),
(289, '2016-04-13 18:14:53', '000000084', '162240', '15739066'),
(290, '2016-04-13 18:17:14', '000000085', '8280', '7560867'),
(291, '2016-04-13 18:18:11', '000000095', '100652', '8841651'),
(292, '2016-04-13 18:18:12', '000000095', '1006510', '8841651'),
(293, '2016-04-21 13:23:17', '000000097', '103224', '13588340'),
(294, '2016-04-21 15:25:32', '000000091', '103031', '13588340'),
(295, '2016-04-21 15:25:32', '000000091', '103226', '13588340'),
(296, '2016-04-21 15:25:32', '000000091', '103227', '13588340'),
(297, '2016-04-21 15:25:32', '000000091', '103224', '13588340'),
(298, '2016-04-21 15:38:59', '000000099', '162240', '13588340'),
(299, '2016-04-22 13:26:56', '000000093', '163963', '7106822'),
(300, '2016-04-22 13:26:57', '000000093', '1030410', '7106822'),
(301, '2016-04-22 13:26:57', '000000093', '1030411', '7106822'),
(302, '2016-04-22 13:26:57', '000000093', '1030412', '7106822'),
(303, '2016-04-22 13:26:57', '000000093', '179660', '7106822'),
(304, '2016-04-22 13:26:57', '000000093', '1030401', '7106822'),
(305, '2016-04-22 13:26:57', '000000093', '1640100', '7106822'),
(306, '2016-04-22 13:26:57', '000000093', '1640101', '7106822'),
(307, '2016-04-22 13:26:57', '000000093', '103031', '7106822'),
(308, '2016-04-22 13:26:57', '000000093', '1030420', '7106822'),
(309, '2016-04-22 13:26:57', '000000093', '92532', '7106822'),
(310, '2016-04-22 13:26:57', '000000093', '9970', '7106822'),
(311, '2016-04-22 13:26:57', '000000093', '163827', '7106822'),
(312, '2016-04-22 13:26:57', '000000093', '103371', '7106822'),
(313, '2016-04-22 13:26:57', '000000093', '1033621', '7106822'),
(314, '2016-04-22 13:26:57', '000000093', '9960', '7106822'),
(315, '2016-04-22 13:26:57', '000000093', '103227', '7106822'),
(316, '2016-04-22 13:26:57', '000000093', '102741', '7106822'),
(317, '2016-04-22 13:26:57', '000000093', '10085', '7106822'),
(318, '2016-04-22 13:26:57', '000000093', '10083', '7106822'),
(319, '2016-04-22 13:26:57', '000000093', '187800', '7106822'),
(320, '2016-04-22 13:26:57', '000000093', '100870', '7106822'),
(321, '2016-04-22 13:26:57', '000000093', '187750', '7106822'),
(322, '2016-04-22 13:26:57', '000000093', '100920', '7106822'),
(323, '2016-04-22 13:26:58', '000000093', '100740', '7106822'),
(324, '2016-04-22 13:26:58', '000000093', '556710', '7106822'),
(325, '2016-04-22 13:26:58', '000000093', '97131', '7106822'),
(326, '2016-04-22 13:26:58', '000000093', '1750', '7106822'),
(327, '2016-04-22 13:26:58', '000000093', '101020', '7106822'),
(328, '2016-04-22 13:26:58', '000000093', '10191', '7106822'),
(329, '2016-04-22 13:29:12', '000000088', '103224', '8841651'),
(330, '2016-04-22 13:29:12', '000000088', '103225', '8841651'),
(331, '2016-04-22 13:29:12', '000000088', '1030411', '8841651'),
(332, '2016-04-22 13:29:12', '000000088', '1030410', '8841651'),
(333, '2016-04-22 14:04:10', '000000100', '100830', '17066227'),
(334, '2016-04-22 14:04:10', '000000100', '716010', '17066227'),
(335, '2016-04-22 14:04:10', '000000100', '100930', '17066227'),
(336, '2016-04-22 14:38:28', '000000094', '1750', '17679264'),
(337, '2016-04-22 14:38:28', '000000094', '97170', '17679264'),
(338, '2016-04-22 14:38:28', '000000094', '101020', '17679264'),
(339, '2016-04-22 14:38:28', '000000094', '1006510', '17679264'),
(340, '2016-04-22 14:38:28', '000000094', '100652', '17679264'),
(341, '2016-04-22 14:39:02', '000000058', '100930', '17679264'),
(342, '2016-04-22 15:34:19', '000000103', '1640100', '10701349'),
(343, '2016-04-22 15:34:19', '000000103', '162240', '10701349'),
(344, '2016-04-22 15:35:23', '000000102', '9960', '10701349'),
(345, '2016-04-22 15:46:53', '000000098', '163963', '10228698'),
(346, '2016-04-22 15:46:53', '000000098', '1030410', '10228698'),
(347, '2016-04-22 15:46:53', '000000098', '1640100', '10228698'),
(348, '2016-04-22 15:46:53', '000000098', '103226', '10228698'),
(349, '2016-04-22 15:46:54', '000000098', '103224', '10228698'),
(350, '2016-04-22 15:46:54', '000000098', '162240', '10228698'),
(351, '2016-04-25 14:24:59', '000000104', '663044', '7560867'),
(352, '2016-04-25 15:39:54', '000000105', '490712', '15494959'),
(353, '2016-04-25 15:40:08', '000000106', '40161', '10266594'),
(354, '2016-04-25 15:40:59', '000000107', '96177', '6484055'),
(355, '2016-04-25 15:41:48', '000000108', '161152', '6484055'),
(356, '2016-04-26 15:14:02', '000000109', '103226', '7142771'),
(357, '2016-04-26 15:14:02', '000000109', '162240', '7142771'),
(358, '2016-04-26 15:28:54', '000000110', '187800', '17066227'),
(359, '2016-04-26 15:28:54', '000000110', '1006510', '17066227'),
(360, '2016-04-26 15:28:54', '000000110', '100652', '17066227'),
(361, '2016-04-26 15:30:34', '000000111', '716010', '17066227'),
(362, '2016-04-26 16:39:02', '000000101', '177480', '7569635'),
(363, '2016-04-26 16:39:02', '000000101', '177490', '7569635'),
(364, '2016-04-26 16:39:03', '000000101', '9860', '7569635'),
(365, '2016-04-26 16:39:03', '000000101', '103227', '7569635'),
(366, '2016-04-26 16:39:03', '000000101', '102740', '7569635'),
(367, '2016-04-26 16:39:03', '000000101', '102741', '7569635'),
(368, '2016-04-26 16:39:03', '000000101', '162240', '7569635');


INSERT INTO `mnt_cuadrilla` (`id`, `id_trabajador_responsable`, `cuadrilla`, `icono`) VALUES
(1, '10455543', 'MANTENIMIENTO GENERAL', 'assets/img/mnt/mntg.png'),
(2, '16280386', 'LIMPIEZA DECANATO', 'assets/img/mnt/limpieza.png'),
(3, '15494959', 'PLOMERIA', 'assets/img/mnt/plomeria.png'),
(4, '7560867', 'AIRE ACONDICIONADO', 'assets/img/mnt/aire.png'),
(5, '6484055', 'ELECTRONICA', 'assets/img/mnt/electronica.png'),
(6, '12092890', 'PINTURA', 'assets/img/mnt/pintura.png'),
(7, '8711369', 'MENSAJERIA', 'assets/img/mnt/mensajeria.png'),
(8, '10266594', 'ELECTRICIDAD', 'assets/img/mnt/electrico.png'),
(18, '17679264', 'LIMPIEZA QUIMICA', 'assets/img/mnt/limpiezaq.png'),
(19, '10266594', 'Otras', 'uploads/mnt/otras.png');


INSERT INTO `mnt_estatus` (`id_estado`, `descripcion`) VALUES
(1, 'ABIERTA'),
(2, 'EN PROCESO'),
(3, 'CERRADA'),
(4, 'ANULADA'),
(5, 'PENDIENTE POR MATERIAL'),
(6, 'PENDIENTE POR PERSONAL');

INSERT INTO `mnt_tipo_orden` (`id_tipo`, `tipo_orden`) VALUES
(1, 'MANTENIMIENTO GENERAL'),
(2, 'LIMPIEZA'),
(3, 'PLOMERIA'),
(4, 'AIRE ACONDICIONADO'),
(5, 'ELECTRONICA'),
(6, 'PINTURA'),
(7, 'MENSAJERIA'),
(8, 'ELECTRICIDAD'),
(9, 'CERRAJERIA'),
(10, 'SOLDADURA'),
(16, 'OTRAS');

INSERT INTO `mnt_ubicaciones_dep` (`id_ubicacion`, `id_dependencia`, `oficina`) VALUES
(1, 1, 'N/A'),
(1, 2, 'N/A'),
(1, 3, 'N/A'),
(1, 4, 'N/A'),
(1, 5, 'N/A'),
(1, 6, 'N/A'),
(1, 7, 'N/A'),
(1, 8, 'N/A'),
(1, 9, 'N/A'),
(1, 10, 'N/A'),
(1, 11, 'N/A'),
(1, 12, 'N/A'),
(1, 13, 'N/A'),
(1, 14, 'N/A'),
(1, 15, 'N/A'),
(1, 16, 'N/A'),
(1, 17, 'N/A'),
(1, 18, 'N/A'),
(1, 19, 'N/A'),
(1, 20, 'N/A'),
(1, 21, 'N/A'),
(1, 22, 'N/A'),
(2, 9, 'LABORATORIO DE DOCENCIA II'),
(3, 9, 'CUBICULO DE PROGRAMADORES'),
(4, 9, 'EDIFICIO');

INSERT INTO `mnt_orden_trabajo` (`id`, `id_orden`, `fecha`, `id_tipo`, `nombre_contacto`, `telefono_contacto`, `asunto`, `descripcion_general`, `dependencia`, `ubicacion`, `estatus`, `motivo`, `sugerencia`) VALUES
(45, '000000045', '2016-02-12 06:22:48', 5, 'VINCENZO STORACI', '6004000', 'NEVERA', 'LABORATORIO V ECOLOGIA MARINA, LOS REPUESTOS ESTAN, FALTA ES EL GAS', 2, 1, 1, '', ''),
(51, '000000051', '2016-02-23 15:19:02', 16, 'VINCENZO STORACI', '6004000', 'CHEQUEO DESTILADOR ', 'LABORATORIO VI BIODIVERSIDAD VEGETAL , PRESENTA FALLAS ', 2, 1, 1, '', ''),
(74, '000000074', '2016-02-03 14:08:45', 8, 'VINCENZO STORACI', '60040000', 'BOMBILLOS', 'HERBARIO VEGETAL', 2, 1, 3, 'PRUEBA DEL SISTEMA', ''),
(77, '000000077', '2016-02-02 07:23:54', 5, 'VINCENZO STORACI', '6004000', 'INTERNET', 'HERBARIO VEGETAL', 2, 1, 4, 'PRUEBA DEL SISTEMA', ''),
(78, '000000078', '2016-02-02 07:23:47', 1, 'VINCENZO STORACI', '6004000', 'BOTE AGUA TANQUILLA', 'BIOTECNOLOGIA APLICADA', 2, 1, 4, 'PRUEBA DEL SISTEMA', ''),
(79, '000000079', '2016-02-02 07:23:38', 3, 'VINCENZO STORACI', '6004000', 'GRIFO MALO', 'BIOTECNOLOGIA APLICADA', 2, 1, 4, 'PRUEBA DEL SISTEMA', ''),
(83, '000000083', '2016-02-02 07:21:31', 1, 'VINCENZO STORACI', '6004000', 'CAMBIO DE CARTEL', ' LABORATORIO BIOMAC', 2, 1, 4, 'PRUEBA DEL SISTEMA', ''),
(84, '000000084', '2016-02-02 07:22:18', 1, 'VINCENZO STORACI', '6004000', 'CONSTRUIR MURO', 'LABORATORIO BIOMAC', 2, 1, 4, 'PRUEBA DEL SISTEMA', ''),
(85, '000000085', '2016-02-02 07:21:50', 1, 'VINCENZO STORACI', '6004000', 'OREJERAS', 'LABORATORIO BIOMAC', 2, 1, 4, 'PRUEBA DEL SISTEMA', ''),
(87, '000000087', '2016-02-02 07:22:03', 1, 'VINCENZO STORACI', '6004000', 'FRISO PARED EXTERIOR', 'LABORATORIO BIOMAC', 2, 1, 4, 'PRUEBA DEL SISTEMA', ''),
(90, '000000090', '2016-02-02 07:20:44', 1, 'VINCENZO STORACI', '6004000', '3 CANDADOS', 'CUARTO DE REACTIVOS', 2, 1, 4, 'PRUEBA DEL SISTEMA', ''),
(93, '000000093', '2016-01-21 15:08:34', 1, 'MARYLIN GIUGNI', '123456', 'LIMPIEZA DEPARTAMENTO', 'LIMPIEZA DE MANTENIMIENTO EN GENERAL PARA TODO.', 9, 4, 3, 'RESUELTA', 'BUENA'),
(95, '000000095', '2016-01-29 16:59:20', 2, 'ANGEL LOPEZ ', '55641564', 'LIMPIEZA', 'BAñO DE CONTROL DE ESTUDIOS ...OLOR ANIMAL MUERTO', 5, 1, 3, 'ERA UNA PRUEBA', 'NO ESTOY DE ACUERDO'),
(96, '000000096', '2016-02-04 16:49:45', 3, 'MARYLIN GIUGNI', '04124303301', 'LLAVE DE LAVAMANO', 'CAMBIAR LLAVE DEL LAVAMANOS DE DIRECCIóN', 3, 1, 2, '', ''),
(97, '000000097', '2016-02-04 16:46:27', 16, 'LILIANA YANETH NIETO CAICEDO', '04265438994', 'CORTE DE SILLAS LAB 6 ', 'CORTE DE LAS PATAS DE LAS SILLAS (9)\n UBICADAS EN EL LAB 6 DEL DPTO. BIOLOGíA, (UBICAR A LA PROF. SONIA ARDITO O A LILIANA NIETO) \nTIENE MUCHO TIEMPO', 2, 1, 2, '', ''),
(98, '000000098', '2016-02-04 15:00:10', 5, 'YOJANA SEQUERA ROJAS', '315163', 'REPARACIóN FOTOCOPIADORA', 'TENGO A BIEN DIRIGIRME A USTED, A FIN DE SOLICITAR LA REPARACIóN/MANTENIMIENTO DE LAS FOTOCOPIADORAS: RICOH AFICIO 2020D Y   GESTETNER 1502.', 8, 1, 1, '', ''),
(99, '000000099', '2016-04-13 14:01:41', 1, 'YOJANA SEQUERA ROJAS', '315163', 'CUBíCULO EN REPARACIóN', 'CUBíCULO QUE ESTA EN REPARACIóN FALTA:\nLIMPIAR Y PULIR EL PISO (ANTES DE LAS INSTALACIONES)\nINSTALACIóN DE LAS PERSIANAS\nINSTALACIóN DE LOS ESCRITORIOS.', 8, 1, 3, 'RESUELTO', ''),
(100, '000000100', '2016-02-04 16:42:41', 6, 'YOJANA SEQUERA ROJAS', '315163', 'PINTAR DEPARTAMENTO', 'PINTAR SALONES Y JARDINERÍA DEL DEPARTAMENTO', 8, 1, 2, '', ''),
(101, '000000101', '2016-02-04 16:39:58', 1, 'YOJANA SEQUERA ROJAS', '315163', 'REPARACIóN DE PUPITRES', 'REPARAR LOS PUPITRES, SILLAS Y MESAS DE LOS SALONES DEL DEPARTAMENTO.', 8, 1, 2, '', ''),
(102, '000000102', '2016-02-04 16:41:39', 1, 'YOJANA SEQUERA ROJAS', '315163', 'REPARACIóN VIDRIO SALóN', 'REPARACIóN DE VIDRIO DEL SALóN DEL DEPARTAMENTO DE MATEMáTICA. ', 8, 1, 2, '', ''),
(103, '000000103', '2016-04-13 13:53:53', 1, 'YOJANA SEQUERA ROJAS', '315163', 'QUITAR MONTE Y ESCOMBROS', 'QUITAR TODOS LOS ESCOMBROS Y MONTES SECOS QUE ESTáN ALREDEDOR DEL DEPARTAMENTO  ', 8, 1, 3, 'PLANTA FíSICA RECOGIó LOS ESCOMBROS', ''),
(104, '000000104', '2016-03-03 16:42:06', 4, 'VINCENZO STORACI', '04124373143', 'AIRE ACONDICIONA GENETICA', 'EL AIRE NO ESTA ENFRIANDO. FUERTE OLOR A ACEITE DEL COMPRESOR. ROTURA DE TUBERIA. ', 2, 1, 3, 'SE HIZO CAMBIO DE SERPENTIN DE LA CONSOLA DEL EVAPORADOR Y CARGA DE REFRIGERANTE (SE USO REFRIGERANTE ADQUIRIDO POR PROF. DOMéNICO)', ''),
(105, '000000105', '2016-03-15 06:51:44', 4, 'JOSE HENRíQUEZ', '04265439086', 'REVISIóN AIRE LABORATORIO', 'REVISIóN DE AIRE EN EL LABORATORIO DE DOCENCIA UBICADO AL LADO DE MATEMATICA. EL AIRE ARRANCA PERO NO ENFRIA', 9, 2, 3, 'SE CAMBIó EL CABLE DE CONTROL E INTERRUPTOR DE ENCENDIDO', 'SATISFECHO, AUNQUE CONSIDERO QUE SE DEBIO AVISAR POR PARTE DEL TECNICO QUE EL TRABAJO ESTABA TERMINADO. PERO SI QUEDO BIEN EL TRABAJO'),
(106, '000000106', '2016-02-10 12:53:22', 1, 'JOSE HENRíQUEZ', '04265439086', 'CAMBIO PILA ENFRIADOR', 'SE NECESITA CAMBIAR LA LLAVE DE UN ENFRIADOR DE AGUA. SI NO LA TIENEN NUEVA POR FAVOR INTERCAMBIARLA CON OTRA DEL MISMO ENFRIADOR. ', 9, 2, 1, '', ''),
(107, '000000107', '2016-02-11 13:06:48', 3, 'VINCENZO STORACI', '04124373143', 'CAMBIO DE LLAVE DE PASO', 'LA LLAVE DE PASO TIENE ROTA LA MANILLA Y NO SE PUEDE ABRIR NI CERRAR', 2, 1, 1, '', ''),
(108, '000000108', '2016-02-11 13:20:22', 6, 'VINCENZO STORACI', '04124373143', 'PINTAR PUERTA ', 'PUERTA OXIDADDA DEL LABORATORIO DE GENETICA', 2, 1, 1, '', ''),
(109, '000000109', '2016-02-11 13:21:58', 1, 'VINCENZO STORACI', '04124373143', 'CERRADURA NO CIERRA', 'LA CERRADURA DE LA PUERTA DE SEGURIDAD DEL LABORATORIO DE DOCENCIA I GENETICA NO CIERRA', 2, 1, 1, '', ''),
(110, '000000110', '2016-03-03 16:36:51', 4, 'VINCENZO STORACI', '04124373143', 'AIRE ACONDICIONADO  ', 'EL AIRE ACONDICIONADO DEJO DE ENFRIAR. LOS CABLES DEL COMPRESOR HUELEN A QUEMADO', 2, 1, 2, '', ''),
(111, '000000111', '2016-02-11 13:27:57', 6, 'VINCENZO STORACI', '04124373143', 'PINTAR PUERTA', 'LA PUERTA DEL LABORATORIO DE BIOQUIMICA SE ENCUENTRA OXIDADA', 2, 1, 1, '', ''),
(112, '000000112', '2016-02-11 13:30:09', 1, 'VINCENZO STORACI', '04124373143', 'REUBICAR EL DESTILADOR', 'BAJAR EL DESTILADOR Y UBICARLO MAS ABAJO DE SU POSICION ACTUAL PARA QUE PUEDA LLEGAR LA PRESION DE AGUA', 2, 1, 1, '', ''),
(113, '000000113', '2016-02-11 13:31:37', 1, 'VINCENZO STORACI', '04124373143', 'NEVERA DAñADA', 'EL MOTOR DE LA NEVERA PASTELERA ESTA DAñADA', 2, 1, 1, '', ''),
(114, '000000114', '2016-02-23 15:23:44', 6, 'VINCENZO STORACI', '04124373143', 'PINTAR REJAS', 'PINTAR LAS REJAS OXIDADAS DEL LABORATORIO IV ', 2, 1, 1, '', ''),
(115, '000000115', '2016-03-03 16:36:17', 4, 'VINCENZO STORACI', '04124373143', 'MANTENIMIENTO AIRE', 'REALIZAR MANTENIMIENTO DEL AIRE ACONDICIONADO', 2, 1, 3, 'EFECTUADO EL MANTENIMIENTO DE LOS FILTROS', ''),
(116, '000000116', '2016-02-11 13:37:36', 6, 'VINCENZO STORACI', '04124373143', 'PINTURA DE REJAS', 'LAS REJAS ESTAN OXIDADES Y REQUIEREN SER PINTADAS', 2, 1, 1, '', ''),
(117, '000000117', '2016-02-11 13:38:18', 6, 'VINCENZO STORACI', '04124373143', 'PINTURA DE PUERTA', 'PINTAR LA PUERTA COLOR BLANCO', 2, 1, 1, '', ''),
(118, '000000118', '2016-02-11 13:40:40', 1, 'VINCENZO STORACI', '04124373143', 'COLOCAR MANILLA', 'LA MANILLA DE LA PUERTA SE LA ROBARON Y SE REQUIERE SU SUSTITUCION', 2, 1, 1, '', ''),
(119, '000000119', '2016-02-11 13:44:17', 1, 'VINCENZO STORACI', '04124373143', 'REVISION DE NEVERA', 'LA NEVERA NO FUNCIONA REQUIERE REVISION', 2, 1, 1, '', ''),
(120, '000000120', '2016-02-11 13:45:02', 6, 'VINCENZO STORACI', '04124373143', 'PINTAR REJAS', 'LAS REJAS ESTAN OXIDADAS', 2, 1, 1, '', ''),
(121, '000000121', '2016-02-11 13:45:38', 6, 'VINCENZO STORACI', '04124373143', 'PINTAR PUERTA', 'LA PUERTA ESTA OXIDADA', 2, 1, 1, '', ''),
(122, '000000122', '2016-03-03 16:35:06', 4, 'VINCENZO STORACI', '04124373143', 'TUBERIA DE COBRE AIRE', 'SE ROBARON LA TUBERIA DE COBRE DE DOS UNIDADES', 2, 1, 5, 'FALTA COMPRAR GAS REFRIGERANTE', ''),
(123, '000000123', '2016-02-11 14:02:30', 6, 'VINCENZO STORACI', '04124373143', 'PINTAR ESTANTES', 'PINTAR LOS ESTANTES DEL CUARTO DE REACTIVOS Y FIJARLOS A LA PARED', 2, 1, 1, '', ''),
(124, '000000124', '2016-02-11 14:04:48', 1, 'VINCENZO STORACI', '04124373143', 'FIJAR ESTANTES A LA PARED', 'FIJAR TODOS LOS ESTANTES A LA PARED', 2, 1, 1, '', ''),
(125, '000000125', '2016-02-11 14:07:25', 1, 'VINCENZO STORACI', '04124373143', 'PUERTA NO CIERRA', 'LA PUERTA DE SEGURIDAD INTERNA NO CIERRA', 2, 1, 1, '', ''),
(126, '000000126', '2016-02-11 14:11:44', 6, 'VINCENZO STORACI', '04124373143', 'PINTAR OREJAS', 'PINTAR LAS OREJAS Y PUERTAS DE LOS TRES CUARTOS DE REACTIVOS (LIQUIDOS, SOLIDOS Y DESECHOS) ', 2, 1, 1, '', ''),
(127, '000000127', '2016-02-11 14:23:50', 1, 'VINCENZO STORACI', '04124373143', 'AVISOS DE SEGURIDAD', 'COLOCAR AVISOS DE SEGURIDAD EN LOS TRES CUARTOS DE REACTIVOS. DE PRECAUCIONES E INFORMACION', 2, 1, 1, '', ''),
(128, '000000128', '2016-02-11 14:29:36', 1, 'VINCENZO STORACI', '04124373143', 'REFUERZO DE OREJAS ', 'COLOCAR DOS OREJAS ADICIONALES EN EL CUARTO DE BOMBONAS DEL LABORATORIO DE BIOTECNOLOGIA. COLOCAR PLANCHA SUPERIOR A LAS OREJAS PARA EVITAR SU CORTE', 2, 1, 1, '', ''),
(129, '000000129', '2016-02-11 14:32:20', 1, 'VINCENZO STORACI', '04124373143', 'SOLDAR PROTECTOR DE AIRE', 'SOLDAR EL PROTECTOR DE AIRE ACONDICIONADO QUE SE ENCUENTRA SOBRE EL TECHO DEL DEPOSITO DEL BIOMAC', 2, 1, 1, '', ''),
(130, '000000130', '2016-02-12 13:17:21', 1, 'VINCENZO STORACI', '04124373143', 'BOTE AGUA TANQUILLA', 'EXISTE UN BOTE DE AGUA CONTINUO EN LA TANQUILLA EXTERNA DEL LABORATORIO', 2, 1, 1, '', ''),
(131, '000000131', '2016-02-12 13:19:11', 3, 'VINCENZO STORACI', '04124373143', 'GRIFO DAñADO', 'LA GRIFERIA ESTA DAñADA', 2, 1, 1, '', ''),
(132, '000000132', '2016-02-12 13:21:09', 3, 'VINCENZO STORACI', '04124373143', 'DESAGUES TAPADOS', 'LOS DESAGUES DEL LABORATORIO ESTAN TAPADOS. CADA VEZ QUE SE LAVA MATERIAL SE INUNDA TODO EL LABORATORIO', 2, 1, 1, '', ''),
(133, '000000133', '2016-02-12 14:16:16', 1, 'VINCENZO STORACI', '04124373143', 'BARRA DE SEGURIDAD', 'LA BARRA DE SEGURIDAD SE DAñO', 2, 1, 1, '', ''),
(134, '000000134', '2016-02-12 15:02:47', 1, 'VINCENZO STORACI', '04124373143', 'SUSTITUCION DE BOMBILLOS', 'SUSTITUCION DE OCHO BOMBILLOS FLUORESCENTES QUEMADOS', 2, 1, 1, '', ''),
(135, '000000135', '2016-02-12 15:18:30', 5, 'VINCENZO STORACI', '04124373143', 'PLANCHA DE AGITACION', 'LA PLANCHA DE AGITACION NO FUNCIONA', 2, 1, 1, '', ''),
(136, '000000136', '2016-02-12 15:42:09', 3, 'VINCENZO STORACI', '04124373143', 'INSTALAR FABRICADOR HIELO', 'EL FABRICADOR DE HIELO YA FUE REVISADO POR EL SEñOR YEGUEZ Y FUNCIONA CORRECTAMENTE. FALTA COLOCAR UNA LLAVE DE CHORRO PARA TERMINAR DE INSTALAR. ', 2, 1, 1, '', ''),
(137, '000000137', '2016-02-12 15:35:04', 16, 'VINCENZO STORACI', '04124373143', 'LIOFILIZADOR NO FUNCIONA', 'EL LIOFILIZADOR NO FUNCIONA. HUELE A QUEMADO. FALLA PRESENTADA DESDE HACE DOS AñOS. UBICAR A DORIS REYES DE LUNES A VIERNES DE 8 A 2:30 PM O A VINCENZO', 2, 1, 1, '', ''),
(138, '000000138', '2016-02-12 15:44:41', 16, 'VINCENZO STORACI', '04124373143', 'CAMPANA VERTICAL', 'LA CAMPANA NO ENCIENDE, NO TIENE FLUJO. TIENE MAS DE 5 AñOS DAñADA. UBICAR A DORIS REYES DE LUNES A VIERNES DE 8 A 2:30 PM.', 2, 1, 1, '', ''),
(139, '000000139', '2016-02-12 15:46:30', 16, 'VINCENZO STORACI', '04124373143', 'BAñO DE AGITACION', 'EL BAñO DE AGITACION NO FUNCIONA. UBICAR A DORIS REYES DE LUNES A VIERNES DE 8 A 2:30 PM O A VINCENZO STORACI', 2, 1, 1, '', ''),
(140, '000000140', '2016-02-12 15:50:24', 16, 'VINCENZO STORACI', '04124373143', 'AUTOCLAVE NO FUNCIONA', 'BOTE INTERNO DE AGUA. NO LLEGA A LA TEMPERATURA DE ESTERILIZACION. UBICAR A DORIS REYES DE LUNES A VIERNES DE 8 A 2:30 PM O A VINCENZO', 2, 1, 1, '', ''),
(141, '000000141', '2016-02-12 15:52:42', 16, 'VINCENZO STORACI', '04124373143', 'DESTILADOR RESISTENCIA', 'TIENE UNA RESISTENCIA QUEMADA. ESTA TRABAJANDO CON UNA SOLA. UBICAR A LUIS GAVIRIA DE LUNES A VIERNES DE 8 A 2:30 PM O A VINCENZO STORACI', 2, 1, 1, '', ''),
(142, '000000142', '2016-02-12 15:55:48', 16, 'VINCENZO STORACI', '04124373143', 'ESTUFA DAñADA', 'LA ESTUFA NO ENCIENDE HACE MAS DE 3 AñOS. UBICAR A LILIANA NIETO DE LUNES A VIERNES DE 8 A 2:30 PM', 2, 1, 1, '', ''),
(143, '000000143', '2016-02-12 16:06:12', 16, 'VINCENZO STORACI', '04124373143', 'MEDIDOR OXIGENO DISUELTO', 'EL MEDIDOR PRESENTA UN ERROR. ENCIENDE PERO NO DA LECTURA. TIENE UN AñO SIN FUNCIONAR. UBICAR A VINCENZO STORACI DE LUNES A VIERNES DE 8 A 2:30 PM.', 2, 1, 1, '', ''),
(144, '000000144', '2016-02-12 16:10:24', 16, 'VINCENZO STORACI', '04124373143', 'ESPECTROFOCTOMETRO', 'DEJO DE FUNCIONAR. LO TIENE YEGUEZ EN REVISION.', 2, 1, 1, '', ''),
(145, '000000145', '2016-02-12 17:18:37', 5, 'LILIANA YANETH NIETO CAICEDO', '04265438994', 'MEDIDOR DE PH', 'NO DA LECTURA, DESDE HACE 2 AñOS, BUSCAR A LILIANA NIETO DE LUNES A VIERNES DE 8 A 2:30', 2, 1, 1, '', ''),
(146, '000000146', '2016-02-12 17:21:39', 16, 'LILIANA YANETH NIETO CAICEDO', '04265438994', 'MEDIDOR DE OXIGENO ', 'ESTA DESCALIBRADO, DESDE HACE 2 AñOS,  BUSCAR A  LILIANA NIETO DE LUNES A VIERNES DE 8 A 12 M, ', 2, 1, 1, '', ''),
(147, '000000147', '2016-02-12 17:24:22', 5, 'LILIANA YANETH NIETO CAICEDO', '04265438994', 'MICROSCOPIO', 'COMENZO A ECHAR HUMO Y OLER A QUEMADO, HACE 8 MESES, BUSCAR A LILIANA NIETO, DE LUNES A VIERNES DE 8 A 2:00 PM', 2, 1, 1, '', ''),
(148, '000000148', '2016-02-12 17:25:54', 5, 'LILIANA YANETH NIETO CAICEDO', '04265438994', 'MEDIDOR DE CONDUCTIVIDAD', 'NO ENCIENDE, DESDE HACE 2 AñOS, BUSCAR A LILIANA NIETO, DE LUNES A VIERNES DE 8 A 2.00 PM', 2, 1, 1, '', ''),
(149, '000000149', '2016-02-12 17:34:28', 5, 'LILIANA YANETH NIETO CAICEDO', '04265438994', 'REGULADORES DE LUPA', 'NO SIRVEN, YA QUE NO LES LLEGA ELECTRICIDAD A LA LUPA, DESDE HACE 1 AñO, BUSCAR A LIASKA CUAMO DE LUNES A VIERNES A PARTIR DE LAS 9:00 AM', 2, 1, 1, '', ''),
(150, '000000150', '2016-02-12 17:35:33', 16, 'VINCENZO STORACI', '04124373143', 'INFRARROJO', 'ERROR EN LA FUENTE DE INFRARROJO SE REQUIERE SU REVISION POR EL TECNICO DE LA CASA COMERCIAL EQUILAB CIENTIFICA. CONTACTAR A ESTHER TORQUATI DE LUNES A VIERNES', 2, 1, 1, '', ''),
(151, '000000151', '2016-02-12 17:42:43', 16, 'VINCENZO STORACI', '04124373143', 'PURGA DE INFRARROJO', 'SE DAñO EL COMPRESOR. UBICAR A ESTHER TORQUATI DE LUNES A VIERNES DE 8 A 2 PM O A LA PROF MARIELA CONTRERAS', 2, 1, 1, '', ''),
(152, '000000152', '2016-02-12 05:46:48', 16, 'VINCENZO STORACI', '04124373143', 'LáMPARA DE LA LUPA', 'TUVO UN CORTOCIRCUITO. OCURRIO A MEDIADOS DEL 2015. UBICAR A ESTHER TORQUATI DE LUNES A VIERNES DE 8 A 2:00 PM ', 2, 1, 1, '', ''),
(153, '000000153', '2016-02-12 17:45:39', 16, 'VINCENZO STORACI', '04124373143', 'REVISION MICROSCOPIO', 'ESTá DESAJUSTADO Y REQUIERE LIMPIEZA INTERNA POR CONTAMINACION. UBICAR A ESTHER TORQUATI DE LUNES A VIERNES DE 8 A 2:30 PM', 2, 1, 1, '', ''),
(154, '000000154', '2016-02-12 18:02:26', 5, 'VINCENZO STORACI', '04124373143', 'CENTRIFUGA REFRIGERADA', 'SE QUEMO LA TARJETA DE MEMORIA. EL EQUIPO TIENE TRES AñOS SIN OPERATIVIDAD. UBICAR A ESTHER TORQUATI DE LUNES A VIERNES DE 8 A 2:30 PM', 2, 1, 1, '', ''),
(155, '000000155', '2016-02-12 18:05:10', 16, 'VINCENZO STORACI', '04124373143', 'MICROCENTRIFUGA', 'SE QUEDA EL MOTOR TRANCADO. TIENE TRES AñOS SIN USO. UBICAR A ESTHER TORQUATI DE LUNES A VIERNES DE 8 A 2:30 PM', 2, 1, 1, '', ''),
(156, '000000156', '2016-02-12 18:08:26', 16, 'VINCENZO STORACI', '04124373143', 'CONGELADOR DE -30', 'NO ENFRIA. TIENE CUATRO AñOS DAñADO. UBICAR A ESTHER TORQUATI', 2, 1, 1, '', ''),
(157, '000000157', '2016-02-12 06:10:10', 16, 'VINCENZO STORACI', '04124373143', 'AUTOCLAVE REPARACION', 'REQUIERE DE CAMBIO DE FILTROS, RESISTENCIAS, BOTELLA. EN FUNCIONAMIENTO. UBICAR A ESTHER TORQUATI DE MARTES A JUEVES DE 8 A 2 PM ', 2, 1, 1, '', ''),
(158, '000000158', '2016-02-12 18:11:22', 16, 'VINCENZO STORACI', '04124373143', 'BOMBA DE VACíO', 'NO ENCIENDE. UBICAR A ESTHER TORQUATI DE MARTES A JUEVES DE 8 A 2 PM', 2, 1, 1, '', ''),
(159, '000000159', '2016-02-12 06:13:42', 5, 'VINCENZO STORACI', '04124373143', 'UPS DAñADO', 'UPS NO ENCIENDE. PUEDE SER FALTA DE BATERIA. UBICAR A ESTHER TORQUATI DE MARTES A JUEVES DE 8 A 2 PM ', 2, 1, 1, '', ''),
(160, '000000160', '2016-02-12 18:13:25', 5, 'VINCENZO STORACI', '04124373143', 'REGULADORES DE VOLTAJE', 'NO ENCIENDEN. UBICAR A ESTHER TORQUATI DE MARTES A JUEVES DE 8 A 2 PM.', 2, 1, 1, '', ''),
(161, '000000161', '2016-02-12 18:17:59', 16, 'VINCENZO STORACI', '04124373143', 'DESTILADOR ELIX', 'NO FUNCIONA. TIENE TRES AñOS SIN USARSE. UBICAR A ESTHER TORQUATI DE MARTES A JUEVES DE 8 A 2 PM', 2, 1, 1, '', ''),
(162, '000000162', '2016-02-12 18:18:04', 16, 'LILIANA YANETH NIETO CAICEDO', '04265438994', 'DESHUMIFICADOR', 'NO FUNCIONA, DESDE HACE 1 AñO, BUSCAR A FRANGER GARCIA (MUSEO ZOOLOGíA), DE LUNES A VIERNES', 2, 1, 1, '', ''),
(163, '000000163', '2016-02-12 18:19:26', 16, 'VINCENZO STORACI', '04124373143', 'PURIFICADOR MILLI Q', 'FALTA MANTENIMIENTO Y SUSTITUCION DE FILTROS. TIENE TRES AñOS SIN FUNCIONAR. UBICAR A ESTHER TORQUATI DE MARTES A JUEVES DE 8 A 2 PM', 2, 1, 1, '', ''),
(164, '000000164', '2016-02-18 13:10:56', 16, 'LILIANA YANETH NIETO CAICEDO', '04265438994', 'DESHUMIFICADOR HERBARIO', 'NO FUNCIONA, DESDE HACE UN AñO, BUSCAR A EDGAR CARRASQUERO, DE LUNES A VIERNES DE 8 A 2 PM', 2, 1, 2, '', ''),
(165, '000000165', '2016-02-15 13:53:04', 5, 'VINCENZO STORACI', '04124373143', 'MICROSCOPIOS LAB I', 'DE LOS SIETE MICROSCOPIOS SOLO FUNCIONA UNO SOLO. REQUIERE REVISION. UBICAR A DORIS REYES DE LUNES A VIERNES DE 8 A 2:30 PM O A VINCENZO STORACI', 2, 1, 1, '', ''),
(166, '000000166', '2016-02-18 13:10:19', 1, 'VINCENZO STORACI', '04124373143', 'REPARACION EXTRACTOR', 'REPARAR EL EXTRACTOR QUE YA TIENE UN AñO SIN FUNCIONAR. UBICAR A VINCENZO STORACI', 2, 1, 2, '', ''),
(167, '000000167', '2016-03-07 14:45:02', 8, 'NOLLY ALVAREZ C.', '04124053104', 'COLOCACIóN DE BOMBILLO', 'SE REQUIERE COLOCACIóN DE BOMBILLOS EN UNO DE LOS PASILLOS DE áREA DE COLECCIóN DE LIBROS.', 1, 1, 3, 'FUE SUSTITUIDO', ''),
(168, '000000168', '2016-02-16 16:38:51', 1, 'VINCENZO STORACI', '04124373143', 'TAPAR HUECOS DEL AIRE ', 'TAPAR LOS 3 HUECOS DE LA PARED DEL LABORATORIO DE DOCENCIA I BIOQUíMICA. UBICAR A LUIS GAVIRIA DE LUNES A VIERNES DE 8 A 2 PM.', 2, 1, 1, '', ''),
(169, '000000169', '2016-02-16 16:47:13', 1, 'VINCENZO STORACI', '04124373143', 'HUECO PARED AIRE GENéTICA', 'TAPAR EL HUECO DE LA PARED DEL AIRE DE GENéTICA. UBICAR A JOELI LEóN DE LUNES A VIERNES DE 8 A 2:30 ', 2, 1, 1, '', ''),
(170, '000000170', '2016-02-18 13:05:35', 4, 'MARYLIN GIUGNI', '04124303301', 'AIRE DEL NODO DAÑADO', 'AA DEL NODO DEL 1ER PISO DEL EDIF. DE COMPUTACIÓN DAÑADO Y SE HAN TENIDO QUE APAGAR LOS SERVIDORES', 3, 1, 3, 'SE HIZO LA REPARACIÓN. SUGERENCIA: SUSTITUCIÓN, REPARACIÓN O INSTALACIÓN DE NUEVA UNIDAD. LA EXISTENTE NO GARANTIZA 100% DE FUNCIONALIDAD A LARGO ṔLAZO.', ''),
(171, '000000171', '2016-02-18 13:06:56', 4, 'MARYLIN GIUGNI', '04124303301', 'BOTE DE AGUA  EN AA', 'EN NODO DEL 3ER PISO TENEMOS UN BOTE DE AGUA QUE PROVIENE DEL AIRE ACONDICIONADO', 3, 1, 2, '', ''),
(174, '000000174', '2016-03-07 08:46:31', 3, 'YOJANA SEQUERA ROJAS', '315163', 'TUBO DE AGUA JARDIN', 'ARREGLAR EL TUBO DE AGUA DEL JARDÍN, ESTA ROTO', 8, 1, 3, 'SE COLOCó UN TUBO0 PROVISIONAL PARA EVITAR QUE SE BOTE EL AGUA', ''),
(175, '000000175', '2016-03-07 14:42:53', 8, 'YOJANA SEQUERA ROJAS', '04123483378', 'BOMBILLOS ', 'COLOCAR BOMBILLOS FLUORESCENTES EN TODO EL DEPARTAMENTO. ', 8, 1, 3, 'SE SUSTITUYERON 10 BOMBILLOS. PENDIENTE POR REVISIóN DE OTROS BOMBILLOS', ''),
(176, '000000176', '2016-03-03 16:32:42', 4, 'YOJANA SEQUERA ROJAS', '315163', 'REVISIóN AIRE', 'EL AIRE ACONDICIONADO QUE SURTE LAS AULAS Y EL LABORATORIO ESTA HACIENDO MUCHO RUIDO. SE HACE LA OBSERVACIóN QUE NO LO HACIA ANTERIORMENTE', 8, 1, 5, 'COMPRAR CORREO DE MOTOR EVAPORADOR 15 510', ''),
(177, '000000177', '2016-02-22 18:32:10', 5, 'VINCENZO STORACI', '04124373143', 'REVISIóN DE AUTOCLAVE', 'EL AUTOCLAVE DEL LABORATORIO DE DOCENCIA IV TIENE UN FUERTE RUIDO POR LO QUE NECESITA DE REVISIóN. UBICAR A ESTHER TORQUATI DE MARTES A JUEVES DE 8 A 2 PM', 2, 1, 1, '', ''),
(178, '000000178', '2016-03-03 16:30:41', 4, 'VINCENZO STORACI', '04124373143', 'MANTENIMIENTO DEL AIRE', 'EL AIRE ACONDICONADO DEL ANIMALARIO REQUIERE MANTENIMIENTO YA QUE BOTA MUCHA AGUA EN EL INTERIOR DEL LABORATORIO. UBICAR A ANAKARINA BELLO DE LUNES A VIERNES ', 2, 1, 2, '', ''),
(179, '000000179', '2016-03-03 16:29:28', 4, 'VINCENZO STORACI', '04124373143', 'AIRE DEL LABNEC', 'EL AIRE ACONDICIONADO DEL LABNEC DEJO DE ENFRIAR. UBICAR A ANAKARINA BELLO O A VINCENZO STORACI DE LUNES A VIERNES DE 8 A 2:30 PM', 2, 1, 2, '', ''),
(180, '000000180', '2016-02-23 15:05:10', 16, 'VINCENZO STORACI', '04124373143', 'CONDENSADOR NEVERA LAB I', 'LA NEVERA REQUIERE DOS CONDENSADORES DE 40 Y 100 MICROFARADIOS. UBICAR A LUIS GAVIRIA DE LUNES A VIERNES DE 8 A 2 PM', 2, 1, 1, '', ''),
(181, '000000181', '2016-02-23 15:30:36', 16, 'VINCENZO STORACI', '04124373143', 'MANGUERAS DESTILADOR', 'COMPRAR MANGUERAS PARA EL DESTILADOR DEL LABORATORIO III UBICAR A LIASKA CUAMO DE LUNES A VIERNES DE 8 A 2:30 PM', 2, 1, 1, '', ''),
(182, '000000182', '2016-02-23 15:34:58', 6, 'VINCENZO STORACI', '04124373143', 'PINTAR REJAS LAB I A', 'PINTAR LAS REJAS DEL LABORATORIO. UBICAR A DORIS REYES', 2, 1, 1, '', ''),
(183, '000000183', '2016-02-23 15:37:03', 1, 'VINCENZO STORACI', '04124373143', 'TAPAR HUECO DE LA PARED', 'TAPARA HUECO DONDE ESTA UBICADO EL FABRICADOR DE HIELO. UBICAR A LUIS GAVIRIA ', 2, 1, 1, '', ''),
(184, '000000184', '2016-02-23 16:42:13', 10, 'VINCENZO STORACI', '04124373143', 'SOLDAR BANCOS LAB I', 'SOLDAR DOS BANCOS DEL CEPARIO. UBICAR A JOELI LEON.', 2, 1, 1, '', ''),
(185, '000000185', '2016-02-23 16:44:13', 1, 'VINCENZO STORACI', '04124373143', 'HUMEDAD PARED', 'ARREGLAR LA HUMEDAD DE LA PARED INTERNA', 2, 1, 1, '', ''),
(186, '000000186', '2016-03-03 16:28:05', 4, 'VINCENZO STORACI', '04124373143', 'AIRE DAñADO', 'AIRE ACONDICIONADO B DAñADO. UBICAR A DORIS REYES', 2, 1, 2, '', ''),
(187, '000000187', '2016-03-03 16:26:27', 4, 'VINCENZO STORACI', '04124373143', 'AIRE COMPRESOR', 'COMPRESOR DEL AIRE DAñADO. UBICAR A LUIS GAVIRIA DE LUNES A VIERNES DE 8 A 2:30 PM', 2, 1, 2, '', ''),
(188, '000000188', '2016-02-23 16:49:02', 6, 'VINCENZO STORACI', '04124373143', 'PINTAR ESTANTES OXIDADOS', 'LOS ESTANTES DEL LABORATORIO YA TIENEN PINTURA ANTICORROSIVA. FALTA PINTAR CON MARFIL EN ACEITE. UBICAR A LUIS GAVIRIA', 2, 1, 1, '', ''),
(189, '000000189', '2016-02-23 16:50:15', 16, 'VINCENZO STORACI', '04124373143', 'RESISTENCIA DESTILADOR', 'LA RESISTENCIA DEL DESTILADOR ESTA QUEMADA. UBICAR A LUIS GAVIRIA', 2, 1, 1, '', ''),
(190, '000000190', '2016-02-23 16:52:48', 16, 'VINCENZO STORACI', '04124373143', 'BOMBILLOS QUEMADOS', 'BOMBILLOS QUEMADOS EN EL LABORATORIO DE BIOQUIMICA. UBICAR A LUIS GAVIRIA', 2, 1, 1, '', ''),
(191, '000000191', '2016-02-23 16:54:14', 6, 'VINCENZO STORACI', '04124373143', 'PINTAR REJAS BIOQUIMICA', 'PINTAR LAS REJAS DEL LABORATORIO DE BIOQUIMICA. UBICAR A LUIS GAVIRIA', 2, 1, 1, '', ''),
(192, '000000192', '2016-02-23 16:56:55', 10, 'VINCENZO STORACI', '04124373143', 'SOLDAR DOS BANCOS BQ', 'SOLDAR DOS BANCOS DEL LABORATORIO DE BIOQUIMICA. UBICAR A LUIS GAVIRIA DE 8 A 2:30 PM DE LUNES A VIERNES', 2, 1, 1, '', ''),
(193, '000000193', '2016-02-23 17:03:15', 1, 'VINCENZO STORACI', '04124373143', 'BOMBILLOS QUEMADOS', '15 BOMBILLOS QUEMADOS. VERIFICAR BALASTROS. LABORATORIO IV. UBICAR A ESTHER TORQUATI', 2, 1, 1, '', ''),
(194, '000000194', '2016-02-23 17:04:35', 3, 'VINCENZO STORACI', '04124373143', 'DESAGUE TAPADO', 'EL DESAGUE SE TAPA MUCHO. UBICAR A ESTHER TORQUATI', 2, 1, 1, '', ''),
(195, '000000195', '2016-03-01 15:02:33', 3, 'VINCENZO STORACI', '04124373143', 'FREGADEROS', 'DOS FREGADEROS CON LOS SIFONES ROTOS. UBICAR A ESTHER TORQUATI', 2, 1, 2, '', ''),
(196, '000000196', '2016-03-01 15:01:54', 3, 'VINCENZO STORACI', '04124373143', 'MANGUERA LAVA OJOS', 'MANGUERA LAVAOJOS DAñADA. UBICAR A ESTHER TORQUATI', 2, 1, 2, '', ''),
(197, '000000197', '2016-03-03 16:23:58', 4, 'VINCENZO STORACI', '04124373143', 'AIRES SIN CONTROL', 'FALTAN ARREGLAR LOS CONTROLES DEL AIRE ACONDICIONADO', 2, 1, 5, 'HAY QUE COMPRAR EL CONTROL', ''),
(198, '000000198', '2016-03-03 16:20:07', 4, 'VINCENZO STORACI', '04124373143', 'AIRE SIN TUBERIAS DE COBR', 'EL AIRE TIENE DAñADO EL MOTOR DEL VENTILADOR Y SE ROBARON TODA LA TUBERIA DE COBRE', 2, 1, 5, 'GAS REFRIGERANTE', ''),
(199, '000000199', '2016-02-23 17:11:55', 1, 'VINCENZO STORACI', '04124373143', 'COLOCAR MURO', 'COLOCAR MURO A LA ENTRADA YA QUE ENTRA AGUA AL LABORATORIO. ', 2, 1, 1, '', ''),
(200, '000000200', '2016-02-23 17:13:19', 16, 'VINCENZO STORACI', '04124373143', 'SUSTITUIR PUERTA', 'LA PUERTA PRESENTA FUERTE DETERIORO. SE REQUIERE SU SUSTITUCION.', 2, 1, 1, '', ''),
(201, '000000201', '2016-03-03 16:19:01', 4, 'VINCENZO STORACI', '04124373143', 'AIRE POR INSTALAR', 'FALTA INSTALAR EL AIRE. UBICAR A ANAKARINA BELLO', 2, 1, 6, 'EFECTUAR TRABAJO ', ''),
(202, '000000202', '2016-02-23 17:17:40', 1, 'VINCENZO STORACI', '04124373143', 'RECARGA DE EXTINTORES', 'TODOS LOS EXTINTORES REQUIEREN DE RECARGA URGENTE', 2, 1, 1, '', ''),
(203, '000000203', '2016-02-23 17:18:38', 6, 'VINCENZO STORACI', '04124373143', 'PINTAR PARED INTERNA', 'PINTAR PARED INTERNA DEL DEPOSITO DEL BIOMAC', 2, 1, 1, '', ''),
(204, '000000204', '2016-02-23 17:19:33', 6, 'VINCENZO STORACI', '04124373143', 'PINTAR PUERTA', 'PINTAR LA PUERTA DEL DEPóSITO DEL BIOMAC', 2, 1, 1, '', ''),
(205, '000000205', '2016-02-23 17:21:04', 10, 'VINCENZO STORACI', '04124373143', 'COLOCAR OREJERAS', 'COLOCAR DOS PAR DE OREJERAS EN LA PUERTA DEL DEPóSITO DEL BIOMAC', 2, 1, 1, '', ''),
(206, '000000206', '2016-02-23 17:22:36', 1, 'VINCENZO STORACI', '04124373143', 'MANTO AL TECHO', 'COLOCAR MANTO AL TECHO YA QUE CUANDO LLUEVE PENETRA AL AGUA. UBICAR A VINCENZO STORACI', 2, 1, 1, '', ''),
(207, '000000207', '2016-02-23 17:24:28', 1, 'VINCENZO STORACI', '04124373143', 'TAPAR HUECOS DE PARED', 'TAPAR LOS TRES HUECOS DE LA PARED DE LOS CUARTOS DE REACTIVOS Y DESECHOS. UBICAR A VINCENZO STORACI', 2, 1, 1, '', ''),
(208, '000000208', '2016-03-03 16:17:34', 4, 'LILIANA YANETH NIETO CAICEDO', '04265438994', 'AIRE ACONDICIONADO ', 'AIRE PEQUEñO (A) CONGELA, DESDE EL AñO PASADO,  BUSCAR A LIASKA CUAMO O LILIANA NIETO; LUN A VIE DE 8 A 2', 2, 1, 3, 'RESUELTO EL PROBLEMA: SE CAMBIó EL CAPACITOR', ''),
(209, '000000209', '2016-03-01 15:01:00', 3, 'LILIANA YANETH NIETO CAICEDO', '04265438994', 'LAVAOJOS TAPADO', 'LLAVE DE LAVAOJOS TAPADO, DESDE EL AñO PASADO; BUSCAR A LIASKA CUAMO O LILIANA NIETO, LUN A VIE 8 A 2 PM', 2, 1, 2, '', ''),
(210, '000000210', '2016-03-01 14:59:20', 3, 'LILIANA YANETH NIETO CAICEDO', '04265438994', 'GRIFOS GOTEAN', 'LOS GRIFOS DE LOS FFREGADEROS GOTEAN; FALTA CAMBIAR EMPACADURAS, DESDES EL AñO PASADO, BUSCAR A LIASKA CUAMO DE LUN A VIE ', 2, 1, 2, '', ''),
(211, '000000211', '2016-03-03 16:14:06', 4, 'LILIANA YANETH NIETO CAICEDO', '04265438994', 'AIRE ACONDICIONADO B', 'AL AIRE GRANDE, LE HACEN FALTAN LOS FILTROS, DESDE EL AñO PASADO, BUSCAR A LIASKA CUAMO O LILIANA NIETO', 2, 1, 2, '', ''),
(212, '000000212', '2016-02-23 17:51:35', 8, 'LILIANA YANETH NIETO CAICEDO', '04265438994', 'CHEQUEO DE ILUMINACIóN', 'FALTAN 12 BOMBILLOS Y LA ILUMINACIóN ES ESCASA, DESDE EL AñO PASADO, BUSCAR A LIASKA CUAMO O LILIANA NIETO', 2, 1, 1, '', ''),
(213, '000000213', '2016-02-23 17:53:00', 16, 'LILIANA YANETH NIETO CAICEDO', '04265438994', 'RECARGA DE EXTINTOR', 'LA PRESION DEL EXTINTOR ESTA BAJA, REQUIERE RECARGA, BUSCAR A LIASKA CUAMO O LILIANA NIETO', 2, 1, 1, '', ''),
(214, '000000214', '2016-02-23 17:55:14', 10, 'LILIANA YANETH NIETO CAICEDO', '04265438994', 'SOLDAR BISAGRAS PUERTA', 'LAS BISAGRAS DE LA PUERTA ESTAN FLOJAS Y LA PUERTA CUESTA PARA ABRIR Y CERRAR, BUSCAR A LIASKA CUAMO O LILIANA NIETO', 2, 1, 1, '', ''),
(215, '000000215', '2016-03-03 16:43:32', 5, 'LILIANA YANETH NIETO CAICEDO', '04265438994', 'EXTRACTOR CON RUIDO', 'EL EXTRACTOR ESTA PRESENTANDO RUIDO. DESDE EL AñO PASADO, BUSCAR A LIASKA CUAMO O LILIANA NIETO', 2, 1, 2, '', ''),
(216, '000000216', '2016-03-07 14:44:08', 8, 'LILIANA YANETH NIETO CAICEDO', '04265438994', 'BOMBILLO NEVERA QUEMADO', 'BOMBILLO QUEMADO, DESDE EL AñO PASADO, BUSCAR A LIASKA CUAMO, LUN A VIE', 2, 1, 5, 'ESTA NEVERA TIENE EL MOTOR DAñADO TAMBIéN', ''),
(217, '000000217', '2016-02-23 17:59:38', 16, 'LILIANA YANETH NIETO CAICEDO', '04265438994', 'BOMBA DE VACIO DAñADA', 'DESDE EL AñO PASADO, BUSCAR A LIASKA CUAMO ', 2, 1, 1, '', ''),
(218, '000000218', '2016-03-03 16:27:28', 5, 'LILIANA YANETH NIETO CAICEDO', '04265438994', 'REGULADORES DE LUPA', '4 REGULADORES DE LUPA QUE ESTAN DAñADOS, DESDE EL AñO PASADO. BUSCAR A LIASKA CUAMO', 2, 1, 2, '', ''),
(219, '000000219', '2016-03-03 16:12:23', 4, 'LILIANA YANETH NIETO CAICEDO', '04265438994', 'CONTROL DE AIRE DAñADO', 'CONTROL DAñADO (AIRE GRANDE). BUSCAR A LIASKA CUAMO, DE LUN A VIE', 2, 1, 3, 'RESUELTO EL PROBLEMA', ''),
(220, '000000220', '2016-03-03 16:09:36', 4, 'LILIANA YANETH NIETO CAICEDO', '04265438994', 'AIRE ACONDICIONADO ', 'INSTALACION DE AIRE DE LOS CUARTOS DE REACTIVOS, BUSCAR A LILIANA NIETO', 2, 1, 2, '', ''),
(221, '000000221', '2016-03-28 13:25:13', 1, 'NOLLY ALVAREZ C.', '04124053104', 'COLOCACIóN DE EXTRACTOR', 'COLOCAR UN EXTRACTOR EN EL BAñO DE BIBLIOTECA, NO ES NECESARIO COMPRARLO, LO TENEMOS EN BIBLIOTECA.', 1, 1, 3, 'TRABAJO REALIZADO', ''),
(222, '000000222', '2016-03-01 14:26:37', 5, 'BELKYS YUBIRY PEREZ GARCIA', '04169943277', 'REPARAR CABLE LAPTOP', 'EL CABLE DE ALIMENTACION DE UNA LAPTOP PARA DOCENCIA ESTA ROTO, SE DEBE REVISAR TAMBIEN EL TRANSFORMADO ADJUNTO', 2, 1, 1, '', ''),
(223, '000000223', '2016-03-03 16:16:08', 4, 'DAYANA PARRA', '04125362423', 'AIRE ACONDICIONADO', 'A/A DE LA OFICINA DE DIRECCIóN Y SECRETARíA NO ENFRíA', 7, 1, 2, '', ''),
(224, '000000224', '2016-03-07 14:43:25', 8, 'DAYANA PARRA', '04125362423', 'BOMBILLOS CUBICULOS PROFE', 'CUBICULO DEL PROF. RICHARD BARRIOS', 7, 1, 3, 'SE CAMBIó EL BALASTRO DE 3 X 32', ''),
(225, '000000225', '2016-03-03 16:21:26', 16, 'YESIKA PERAZA', '315163', 'REPARACION DE FILTRO', 'REPARACIÓN Y REVISIÓN DEL FILTRO QUE UTILIZAN LOS ESTUDIANTES EN EL DPTO. MATEMATICA', 8, 1, 6, 'HACER REVSIóN', ''),
(226, '000000226', '2016-03-04 15:15:04', 1, 'VINCENZO STORACI', '04124373143', 'REPARACIóN EXTRACTOR', 'EL EXTRACTOR PRESENTA UN FUERTE RUIDO. REQUIERE REVISION. UBICAR A ANAKARINA BELLO 0 A VINCENZO STORACI DE LUNES A VIERNES DE 8 A 2:30 PM', 2, 1, 1, '', ''),
(227, '000000227', '2016-03-08 12:52:44', 9, 'MARYLIN GIUGNI', '04124303301', 'SOLDAR OREJAS PUERTAS', 'INSTALAR OREJAS EN LAS PUERTAS DE LOS TABLEROS DEL EDIF. DE COMPUTACIóN Y EN DOS LABORATORIOS DE DOCENCIA', 3, 1, 1, '', ''),
(228, '000000228', '2016-03-08 12:54:49', 9, 'MARYLIN GIUGNI', '04124303301', 'ABRIR PUERTA DIR. COMPUT.', 'PUERTA DE LA OFICINA DEL DIRECTOR ESTA TRANCADA', 3, 1, 1, '', ''),
(229, '000000229', '2016-04-25 15:01:24', 8, 'MARYLIN GIUGNI', '04124303301', 'INSTALACION TOMAS ELECTRI', 'INSTALAR TOMAS ELECTRICAS, EN LA ZONA DEL CAFETIN.    COLOCAR CAJETINES EN LA ZONA DE LAS MESAS. SOLO FALTAN LAS CANALETAS', 3, 1, 3, 'SE EJECUTO EL REQUERIMIENTO', ''),
(230, '000000230', '2016-03-08 14:56:47', 4, 'ARNALDO ARMADO MATUTE', '04265438636', 'REPARACIóN A/AC AULA 101', 'REPARACIóN DEL AIRE ACONDICIONADO DEL AULA 101 DEL EDIFICIO DE QUíMICA', 10, 1, 1, '', ''),
(231, '000000231', '2016-03-08 15:30:27', 3, 'ARNALDO ARMADO MATUTE', '04265438636', 'REPARACIóN BAñOS QUíMICA', 'BAñO DAMAS, PB DAñADA LA MANGUERA DE LA POCETA, BAñO CABALLEROS 1ER PISO (ESTUDIANTES) MANGUERAS DE LAS POCETAS, BAñOS DAMAS 2DO PISO MANGUERAS DE LAVAMANOS', 10, 1, 1, '', ''),
(232, '000000232', '2016-03-08 15:58:01', 3, 'VINCENZO STORACI', '04124373143', 'GOTEO SIFON ANIMALARIO', 'EL SIFóN DEL FREGADERO ESTA GOTEANDO. UBICAR A ANAKARINA BELLO DE LUNES A VIERNES DE 8 A 2:30 PM O A VINCENZO STORACI', 2, 1, 1, '', ''),
(233, '000000233', '2016-03-08 16:33:23', 10, 'ARNALDO ARMADO MATUTE', '04265438636', 'PUERTA LAB INSTRUMENTAL', 'REPARACION DE PUERTA DEL LABORATORIO DE ANALISIS INSTRUMENTAL. TIENE DAñADAS LAS BISAGRAS', 10, 1, 1, '', ''),
(234, '000000234', '2016-03-08 16:36:25', 4, 'ARNALDO ARMADO MATUTE', '04265438636', 'A/AC QUIMICA COMP.', 'REVISIóN Y REPARACIóN 2 A/AC TIPO SPLIT. EN EL LABORATORIO DE QUIMICA COMPUTACIONAL. UNO DE ELLOS TIENE FUGA DE GAS Y EL OTRO TIENE DAñADA LA COLMENA.', 10, 1, 1, '', ''),
(235, '000000235', '2016-03-09 16:36:46', 3, 'DAYANA PARRA', '04125362423', 'REPARACIóN DE BAñOS ', 'REPARACIóN DE BAñOS DE DAMAS Y CABALLEROS DEL DEPARTAMENTO, DEBIDO A BOTES DE AGUA.\nESTOY A PARTIR DE LAS 7:00 AM\nEXCEPTO LOS MIERCOLES A PARTIR DE LAS 9:30 AM', 7, 1, 1, '', ''),
(236, '000000236', '2016-03-11 14:05:47', 3, 'VINCENZO STORACI', '04124373143', 'GRIFERíA FREGADERO ROTA', 'LA MANILLA DE LA GRIFERíA SE ROMPIó. ESTA BOTANDO AGUA POR LO QUE SE CERRO LA LLAVE DE PASO. UBICAR A VINCENZO STORACI O AL PROF RENNY PACHECO', 2, 1, 1, '', ''),
(237, '000000237', '2016-03-11 14:35:48', 16, 'VINCENZO STORACI', '04124373143', 'BOMBILLOS QUEMADOS', 'SE QUEMARON 4 BOMBILLOS EN BIOTEC APLICADA. UBICAR AL PROF DOMENICO PAVONE O A VINCENZO STORACI', 2, 1, 1, '', ''),
(238, '000000238', '2016-03-11 14:41:52', 16, 'VINCENZO STORACI', '04124373143', 'BOMBILLO QUEMADO', 'BOMBILLO QUEMADO EN EL CUBíCULO DE LOS SUPERVISORES. UBICAR A LILIANA NIETO O A VINCENZO STORACI', 2, 1, 1, '', ''),
(239, '000000239', '2016-03-15 13:21:09', 4, 'SIBEL VILLALTA CORRALES', '04127401945', 'REVISAR', 'SE SOLICITA QUE SE REVISE EL AIRE QUE ESTA EN EL AREA DE LA SALA DE LOS CUBICULOS YA QUE PRESENTA UN SONIDO FUERTE Y NO ENFRIA ', 1, 1, 1, '', ''),
(240, '000000240', '2016-03-15 14:03:54', 3, 'CLAUDIA MANFREDINI', '375062', 'REPARACION', 'REPARACIÓN DE BAñOS DE 2 PISO DAMAS\n(3) CANILLAS DE LAVAMANOS \nBAñO PRIMER PISO DE CABALLEROS\n(2) CANILLAS PARA POCETAS\nDESTAPE DE CENTRO PISO DE BAñO', 10, 1, 1, '', ''),
(241, '000000241', '2016-03-16 11:54:50', 4, 'ARNALDO ARMADO MATUTE', '04265438636', 'REPARACIóN A/AC LAB FQ', 'EL A/AC DEL DEPOSITO DE LABORATORIO DE FISICOQUIMICA, UBICADO EN EL 2DO PISO DEL EDIFICIO DE QUÍMICA ENCIENDE PERO NO ENFRIA', 10, 1, 1, '', ''),
(242, '000000242', '2016-03-16 11:59:35', 8, 'ARNALDO ARMADO MATUTE', '04265438636', 'INTERUPTOR AULA AQ-101', 'SE DEBE REEMPLAZAR EL INTERRUPTOR PARA PODER ENCENDER Y APAGAR LAS LUCES DEL AULA AQ-101 UBICADA EN EL PRIMER PISO EDIF. QUIMICA. ', 10, 1, 1, '', ''),
(243, '000000243', '2016-03-16 12:04:17', 4, 'ARNALDO ARMADO MATUTE', '04265438636', 'A/AC LAB SUELOS-AMBIOQUIM', 'EL A/AC DEL LAB DE SUELOS ADSCRITO A AMBIOQUIM UBICADO EN EL PRIMER PISO DEL EDIF DE QUIMICA NO FUNCIONA (ENCIENDE PERO SOLO GENERA VAPOR CALIENTE)', 10, 1, 1, '', ''),
(244, '000000244', '2016-03-16 12:13:48', 9, 'ARNALDO ARMADO MATUTE', '04265438636', 'REJA SEGURIDAD QUIMCOMP', 'REPARACIÓN DE LA REJA DE SEGURIDAD DEL LABORATORIO DE QUIMICA COMPUTACIONAL (QUIMCOMP) UBICADA EN PB DEL EDIFICIO DE QUÍMICA.', 10, 1, 1, '', ''),
(245, '000000245', '2016-03-16 12:21:40', 1, 'VINCENZO STORACI', '04124373143', 'FIJAR MURO', 'FIJAR EL MURO QUE ESTA SUELTO DEL CUBíCULO DE ASISTENTES. UBICAR A VINCENZO STORACI DE LUNES A VIERNES.', 2, 1, 1, '', ''),
(246, '000000246', '2016-03-16 12:26:17', 9, 'ARNALDO ARMADO MATUTE', '04265438636', 'REJA OFICINA QA004', 'REPARACIÓN REJA DE SEGURIDAD DE LA OFICINA DE LOS PROF H.LABRADOR Y F.OCANTO UBICADA AL LADO DE LA DIRECCIÓN DE QUÍMICA. DIFICULTAD PARA ABRIR', 10, 1, 1, '', ''),
(247, '000000247', '2016-03-16 13:05:54', 9, 'ARNALDO ARMADO MATUTE', '04265438636', 'REJA OFICINA QA010', 'URGENTEMENTE SE NECESITA ABRIR LA REJA DE SEGURIDAD EN LA OFICINA DE LA LIC ANA ARMAS, QUEDó TRANCADA Y SE HA INTENTADO ABRIR CON LA LLAVE Y NO ES POSIBLE ABRIR', 10, 1, 1, '', ''),
(248, '000000248', '2016-03-16 13:42:03', 9, 'ARNALDO ARMADO MATUTE', '04265438636', 'PUUERTA OFICINA QA-007-E', 'REPARACIóN DE CERRADURA EN LA PUERTA DE MADERA DE LA OFICINA DEL PROFESOR RONALD BLANCO UBICADA EN EL PASILLO DE CUBICULOS DE PROFESORES EN PB EDIF QUIMICA', 10, 1, 1, '', ''),
(249, '000000249', '2016-03-29 17:05:28', 9, 'CLAUDIA MANFREDINI', '02416004000', 'CAMBIO DE CERRADURA ', 'CAMBIO DE CERRADURA  POR UNA DE SEGURIDAD PARA LA OFICINA DEL PROFESOR JORGE BRICEÑO UBICADA AL LADO DE LA DIRECCIÓN DE QUÍMICA. ', 10, 1, 1, '', ''),
(250, '000000250', '2016-03-29 17:13:22', 9, 'CLAUDIA MANFREDINI', '02416004000', 'REPARACION DE CERRADURA', 'REPARACIÓN DE CERRADURA  DE SEGURIDAD DE LA OFICINA DE LA LIC. ANA ARMAS  UBICADA AL LADO DE LA DIRECCIÓN DE QUÍMICA. ', 10, 1, 1, '', ''),
(251, '000000251', '2016-03-29 17:16:08', 9, 'CLAUDIA MANFREDINI', '02416004000', 'CAMBIO', 'CAMBIO DE CERRADURA  DEL LABORATORIO DE ORGÁNICA  UBICADA EN EL SEGUNDO PISO DEPARTAMENTO DE QUÍMICA.', 10, 1, 1, '', ''),
(252, '000000252', '2016-03-29 17:21:05', 9, 'CLAUDIA MANFREDINI', '02416004000', 'CAMBIO', ' CERRADURA, SE TRANCA AL PASAR LLAVE', 10, 1, 1, '', ''),
(253, '000000253', '2016-03-29 17:24:57', 9, 'CLAUDIA MANFREDINI', '02416004000', 'CERRADURA TECNOLOGIA', 'CERRADURA DAÑADA. SE TRANCA LA LLAVE ,RIESGO DE PARTIR LLAVE', 10, 1, 1, '', ''),
(254, '000000254', '2016-03-29 17:29:31', 4, 'CLAUDIA MANFREDINI', '02416004000', 'REPARAR', 'EL AIRE FUE REPARADO RECIENTEMENTE Y SE DAÑO OTRA VEZ ', 10, 1, 1, '', ''),
(255, '000000255', '2016-03-29 17:36:07', 16, 'CLAUDIA MANFREDINI', '02416004000', 'VISCOSIMETRO', 'VISCOSIMETRO BROOKFIELD. REVISAR Y REPARAR DAÑADO', 10, 1, 1, '', ''),
(256, '000000256', '2016-04-22 16:00:24', 16, 'CLAUDIA MANFREDINI', '02416004000', 'EQUIPO LABORATORIO ', 'BOMBA CENTRIFUGA FUE REPARADA RECIENTEMENTE. PERO CONTINUA FALLA ', 10, 1, 1, '', ''),
(257, '000000257', '2016-03-29 17:41:39', 16, 'CLAUDIA MANFREDINI', '02416004000', 'AJUSTAR PANTALLA', 'AJUSTAR REVOLUCIONES DEL DISPLAY . FUE LLEVADO A DECANATO PARA REPARAR', 10, 1, 1, '', ''),
(258, '000000258', '2016-03-29 17:44:31', 16, 'CLAUDIA MANFREDINI', '02416004000', 'EQUIPO CONCENTRICO', 'REVISAR BOMBA SE DISPARA A ALTAS TEMPERATURAS ', 10, 1, 1, '', ''),
(259, '000000259', '2016-03-29 17:47:44', 16, 'CLAUDIA MANFREDINI', '02416004000', 'TORRE ADSORCION ', 'BOMBA DAÑADA REVISAR', 10, 1, 1, '', ''),
(260, '000000260', '2016-03-29 17:49:36', 16, 'CLAUDIA MANFREDINI', '02416004000', 'REFRIGERACIÓN ', 'TARJETA DAÑADA. FUE LLEVADA A DECANATO PARA REPARAR', 10, 1, 1, '', ''),
(261, '000000261', '2016-03-29 17:51:14', 16, 'CLAUDIA MANFREDINI', '02416004000', 'REFRACTOMETRO', 'DAÑADO REVISAR Y REPARAR', 10, 1, 1, '', ''),
(262, '000000262', '2016-03-29 17:52:43', 16, 'CLAUDIA MANFREDINI', '02416004000', 'VIDRIO', 'COLUMNA DE RELLENO ROTA MATERIAL VIDRIO', 10, 1, 1, '', ''),
(263, '000000263', '2016-04-06 08:21:20', 5, 'BELKYS YUBIRY PEREZ GARCIA', '04169943277', 'REP CONECTOR VIDEOBEAM', 'SE SOLICITO LA REPARACION DE LA CONEXION DEL CABLE DE ALIMENTACION DE UN VIDEO BEAM.  POR PROBLEMAS CON INTERNET SE HABLO PERS. CON EL SR. YEGUEZ Y YA LO REPARO ', 2, 1, 1, '', ''),
(264, '000000264', '2016-04-07 15:10:16', 1, 'VINCENZO STORACI', '04124373143', 'ROTURA TUBERIA COBRE GAS', 'SE ROMPIO LA TUBERIA DE COBRE QUE SUMINISTRA EL GAS AL LABORATORIO DE BIOTECNOLOGIA APLICADA, SE REQUIERE SU SUSTITUCION. UBICAR AL PROF DOMENICO PAVONE', 2, 1, 1, '', ''),
(265, '000000265', '2016-04-07 16:00:41', 1, 'VINCENZO STORACI', '04124373143', 'COMPRESOR LLENO DE RAMAS', 'LA UNIDAD DEL COMPRESOR DEL AIRE ACONDICIONADO DE BIOTECNOLOGIA ESTA LLENO DE RAMAS EN CRECIMIENTO LO QUE PUEDE DAñAR EL VENTILADOR', 2, 1, 1, '', ''),
(266, '000000266', '2016-04-13 13:45:01', 16, 'YOJANA SEQUERA ROJAS', '315163', 'DISPENSADOR DE AGUA REVIS', 'REPARAR DISPENSADOR DE AGUA DEL DEPARTAMENTO', 8, 1, 2, '', ''),
(267, '000000267', '2016-04-13 13:50:15', 16, 'CLAUDIA MANFREDINI', '02416004000', 'REVISIÓN POR GARANTIA ', 'REVISIÓN DEL DESTILADOR DE AGUA DEL LABORATORIO DE ORGÁNICA/INORGÁNICA EL CUAL PRESENTA FUGA LUEGO DE HABER SIDO REPARADA LA RESISTENCIA. ', 10, 1, 2, '', ''),
(268, '000000268', '2016-04-13 13:57:39', 10, 'JOSE HENRíQUEZ', '04265439086', 'HACER BASE PARA ANTENAS W', 'HACER BASE PARA WIFI EN EL DEPARTAMENTO DE COMPUTACION', 9, 1, 2, '', ''),
(269, '000000269', '2016-04-13 13:55:53', 9, 'YOJANA SEQUERA ROJAS', '315163', 'CAMBIO DE CERRADURA', 'CAMBIAR CERRADURA DE LAS PUERTAS DE LOS CUBÍCULOS DE LOS LOS PROFESORES LUIS Y CARLOS', 8, 1, 2, '', ''),
(270, '000000270', '2016-04-22 11:49:00', 1, 'YOJANA SEQUERA ROJAS', '315163', 'REVIS/REPARACIóN PAREDES', 'REVISIóN PAREDES DEL DEPARTAMENTO, QUE PRESENTAN ALTO GRADO DE HUMEDAD Y DETERIORO VISIBLE EN SU SUPERFICIE EXTERNA. LAS PAREDES QUE DE LA PARTE EXTERIOR DEL DEP', 8, 1, 1, '', ''),
(271, '000000271', '2016-04-13 14:03:31', 3, 'YOJANA SEQUERA ROJAS', '315163', 'REPARACIóN BAñOS', 'REVISIóN/REPARACIóN DE BAñOS DEL DEPARTAMENTO PROBLEMAS CON EL DRENAJE', 8, 1, 1, '', ''),
(272, '000000272', '2016-04-13 14:05:03', 3, 'YOJANA SEQUERA ROJAS', '315163', 'AGUAS SERVIDAS', 'REVISIóN/REPARACIóN AGUAS SERVIDAS DEL DEPARTAMENTO TANTO COMO EXTERNAS COMO INTERNAS, SE ESTÁN DESBORDANDO', 8, 1, 1, '', ''),
(273, '000000273', '2016-04-13 14:06:17', 4, 'YOJANA SEQUERA ROJAS', '315163', 'REPARACIóN', 'REPARACIóN DEL AIRE ACONDICIONADO QUE SURTE LAS OFICINAS, DIRECCIóN Y PASILLOS DEL DEPARTAMENTO.', 8, 1, 1, '', ''),
(274, '000000274', '2016-04-13 16:20:40', 16, 'CLAUDIA MANFREDINI', '02416004000', 'CARTELERA', 'ROTACIÓN DE CARTELERA DEL PRIMER PISO A PLANTA BAJA, Y DE PLANTA BAJA A PRIMER PISO. ', 10, 1, 1, '', ''),
(275, '000000275', '2016-04-13 16:39:02', 1, 'VINCENZO STORACI', '04124373143', 'FUGA DE GAS BIOTECNOLOGíA', 'EL DíA DE AYER SE PERCATó DE UN FUERTE OLOR A GAS EN EL LABORATORIO DE BIOTECNOLOGíA. SE DETECTO FUGA POR LA TUBERíA DE 1/2. SE CERRó EL GAS HASTA SU REPARACIóN', 2, 1, 1, '', ''),
(276, '000000276', '2016-04-13 16:41:28', 4, 'VINCENZO STORACI', '04124373143', 'AIRE ACOND CALIENTE', 'EL AIRE ACONDICIONADO DEL LABORATORIO VI COMENZO A SONAR MUY FUERTE, CON OLOR A QUEMADO Y DEJO DE ENFRIAR EL DIA DE HOY 13 DE ABRIL DE 2016', 2, 1, 1, '', ''),
(277, '000000277', '2016-04-13 16:43:36', 4, 'VINCENZO STORACI', '04124373143', 'TUBERIA DE COBRE CORTADA', 'EL DIA LUNES 11 DE ABRIL NOS PERCATAMOS DE QUE LA TUBERíA DE COBRE DEL MUSEO DE ZOOLOGíA FUE CORTADA. SE PERDIó TODO EL GAS. UBICAR A FRANGER GARCIA ', 2, 1, 1, '', ''),
(278, '000000278', '2016-04-13 16:45:31', 1, 'VINCENZO STORACI', '04124373143', 'BOMBILLOS QUEMADOS', 'SE QUEMARON SEIS BOMBILLOS EN EL LABORATORIO DE BIOTECNOLOGíA. UBICAR A ESTHER TORQUATI PARA SU SUSTITUCION.', 2, 1, 1, '', ''),
(279, '000000279', '2016-04-13 16:48:03', 1, 'VINCENZO STORACI', '04124373143', 'BOMBILLO QUEMADO', 'BOMBILLO FLUORESCENTE QUEMADO EN EL CEPARIO. UBICAR A JOELI LEóN', 2, 1, 1, '', ''),
(280, '000000280', '2016-04-13 16:51:50', 1, 'VINCENZO STORACI', '04124373143', 'BOMBILLOS QUEMADOS', 'SIETE BOMBILLOS QUEMADOS EN EL LABORATORIO VI. SIN ILUMINACION DONDE SE TRABAJA CON MICROSCOPIO. UBICAR A LILIANA NIETO PARA SUS SUSTITUCIóN. ', 2, 1, 1, '', ''),
(281, '000000281', '2016-04-22 12:09:41', 4, 'YOJANA SEQUERA ROJAS', '315163', 'AIRES ACOND. OFICIN', 'REVISIóN/REPARACIóN AIRES ACONDICIONADOS DE LAS OFICINAS Y DIRECCIóN DEL DEPARTAMENTO.', 8, 1, 1, '', ''),
(282, '000000282', '2016-04-22 12:11:12', 3, 'YOJANA SEQUERA ROJAS', '315163', 'AGUAS SERVIDAS', 'REVISIóN/REPARACIóN DE LAS AGUAS SERVIDAS DENTRO Y FUERA DEL DEPARTAMENTO', 8, 1, 1, '', ''),
(283, '000000283', '2016-04-22 12:12:30', 8, 'YOJANA SEQUERA ROJAS', '315163', 'SWITH PUERTA', 'REPARAR EL SWITH ELECTRICO PARA ABRIR LA PUERTA PRINCIPAL DEL DEPARTAMENTO. ', 8, 1, 1, '', ''),
(284, '000000284', '2016-04-22 12:13:46', 6, 'YOJANA SEQUERA ROJAS', '315163', 'REPARACIóN Y PINTURA', 'REPARAR Y PINTAR LAS PAREDES DE LAS AULAS AMO2 Y AMO1 DEL DEPARTAMENTO', 8, 1, 1, '', ''),
(285, '000000285', '2016-04-22 12:15:08', 16, 'YOJANA SEQUERA ROJAS', '315163', 'LIMPIEZA/REPARA CANALES', 'LIMPIEZA/REPARACIóN DE CANALES DE LLUVIAS DEL DEPARTAMENTO (TECHO)', 8, 1, 1, '', ''),
(286, '000000286', '2016-04-22 14:50:56', 4, 'VINCENZO STORACI', '04124373143', 'MANTENIMIENTO AIRE LAB IV', 'EL DíA DE HOY AL ENCEDER EL AIRE ACONDICIONADO DEL LABORATORIO DE BIOTECNOLOGíA (LADO A) LUEGO DE TREINTA MINUTOS COMENZO A GOTEAR POR LO QUE SE TUVO QUE APAGAR', 2, 1, 1, '', ''),
(287, '000000287', '2016-04-22 14:54:00', 4, 'VINCENZO STORACI', '04124373143', 'AIRE DE GENéTICA', 'EL DíA MIERCOLES EL AIRE DE GENETICA COMENZó A GOTEAR FUERTEMENTE', 2, 1, 1, '', ''),
(288, '000000288', '2016-04-22 15:44:44', 1, 'YOJANA SEQUERA ROJAS', '315163', 'BAñOS PROFESORES/ESTUDIAN', 'REVISIóN/REPARACIóN  EN GENERAL BAñOS DE LOS PROFESORES (3) Y DE LOS ESTUDIANTES (2) ', 8, 1, 1, '', ''),
(289, '000000289', '2016-04-22 15:47:18', 1, 'YOJANA SEQUERA ROJAS', '315163', 'INSTALACIóN FILTRO', 'INSTALACIóN DE FILTRO DE LOS ESTUDIANTES, EN EL ÁREA EXTERNA. INSTALACIÓN TUBERíA ', 8, 1, 1, '', ''),
(290, '000000290', '2016-04-22 15:49:15', 4, 'YOJANA SEQUERA ROJAS', '315163', 'REVIS/REPARACIóN AIRE', 'REVISIóN / REPARACIóN AIRE ACONDICIONADO DEL PROF. áNGEL LóPEZ (SPLIT)', 8, 1, 1, '', ''),
(291, '000000291', '2016-04-22 15:51:01', 16, 'YOJANA SEQUERA ROJAS', '315163', 'REPARACIóN GAVETAS', 'REPARACIóN GAVETAS DEL ESCRITORIO DE LA PROF. MARLENE ARIAS', 8, 1, 1, '', ''),
(292, '000000292', '2016-04-22 15:55:23', 16, 'YOJANA SEQUERA ROJAS', '315163', 'PUNTO INTERNET', 'REPARACIóN PUNTO DE INTERNET DEL PROF. JOSé LUIS RAMíREZ  Y CéSAR LUNA.', 8, 1, 1, '', ''),
(293, '000000293', '2016-04-22 15:53:14', 1, 'YOJANA SEQUERA ROJAS', '315163', 'VIDRIO AULA AMO1', 'REPARACIóN/COLOCACIóN DEL VIDRIO DE LA VENTANA DEL AULA AMO1', 8, 1, 1, '', ''),
(294, '000000294', '2016-04-22 15:54:11', 16, 'YOJANA SEQUERA ROJAS', '315163', 'PUNTO DE TELéFONO', 'REVISIóN/REPARACIóN PUNTO DE CONEXIóN DE TELéFONO DEL PROF. WILLIN áLVAREZ.', 8, 1, 1, '', ''),
(295, '000000295', '2016-04-22 15:56:07', 1, 'YOJANA SEQUERA ROJAS', '315163', 'JARDINES EXTERIORES', 'REVISIóN/MANTENIMIENTO DE LOS JARDINES EXTERIORES DEL DEPARTAMENTO.', 8, 1, 1, '', ''),
(296, '000000296', '2016-04-22 15:57:17', 3, 'YOJANA SEQUERA ROJAS', '315163', 'AGUAS LIMPIAS', 'REVISIóN/REPARACIÓN DE LOS BOTES DE AGUAS LIMPIAS EN LOS EXTERIORES, TUBOS ROTOS, INUNDACIONES. (FOCOS DE ZANCUDOS)', 8, 1, 1, '', ''),
(297, '000000297', '2016-04-22 15:59:45', 1, 'YOJANA SEQUERA ROJAS', '315163', 'ARBOLES Y BACHACOS', 'REVISIóN DE ARBOLES EN LOS ALREDEDORES DEL DEPARTAMENTO EVITAR CAíDAS, PROLIFERACIóN DE BACHACOS FUMIGAR.', 8, 1, 1, '', ''),
(298, '000000298', '2016-04-22 16:01:38', 1, 'YOJANA SEQUERA ROJAS', '315163', 'PRODU. QUíMICOS VENCIDOS', 'REVISIóN/BOTAR  LOS PRODUCTOS QUíMICOS VENCIDOS QUE SE ENCUENTRA EN EL CUARTO DE ELECTRICIDAD. ', 8, 1, 1, '', ''),
(299, '000000299', '2016-04-22 16:02:52', 1, 'YOJANA SEQUERA ROJAS', '315163', 'CUARTO ELECTRICIDAD', 'REVISIóN/MANTENIMIENTO DEL CUARTO DE ELECTRICIDAD QUE ESTA EN LAS INSTALACIONES DEL DEPARTAMENTO. ', 8, 1, 1, '', ''),
(300, '000000300', '2016-04-25 15:06:22', 3, 'WILFREDO J. YEGUEZ M.', '04163366705', 'REPARACION DE TUBERIA', 'INSTALACIóN DE UNIóN UNIVERSAL PAVCO GRIS 3/4"', 3, 1, 1, '', '');

INSERT INTO `mnt_ayudante_orden` (`id_trabajador`, `id_orden_trabajo`) VALUES
('10266594', '000000074'),
('10266594', '000000083'),
('10266594', '000000084'),
('10266594', '000000085'),
('10266594', '000000103'),
('10266594', '000000166'),
('10266594', '000000167'),
('10266594', '000000175'),
('10266594', '000000215'),
('10266594', '000000216'),
('10266594', '000000221'),
('10266594', '000000224'),
('10266594', '000000229'),
('10455543', '000000085'),
('10455543', '000000090'),
('10455543', '000000097'),
('10455543', '000000099'),
('10455543', '000000101'),
('10455543', '000000102'),
('10455543', '000000267'),
('10455543', '000000268'),
('12092890', '000000085'),
('12092890', '000000093'),
('12092890', '000000100'),
('12092890', '000000103'),
('12092890', '000000167'),
('12106491', '000000083'),
('12106491', '000000085'),
('12106491', '000000166'),
('12106491', '000000167'),
('12106491', '000000175'),
('12106491', '000000215'),
('12106491', '000000216'),
('12106491', '000000221'),
('12106491', '000000224'),
('13047133', '000000078'),
('13047133', '000000079'),
('13047133', '000000085'),
('13047133', '000000093'),
('13047133', '000000104'),
('13047133', '000000105'),
('13047133', '000000110'),
('13047133', '000000115'),
('13047133', '000000122'),
('13047133', '000000164'),
('13047133', '000000170'),
('13047133', '000000171'),
('13047133', '000000176'),
('13047133', '000000178'),
('13047133', '000000179'),
('13047133', '000000186'),
('13047133', '000000187'),
('13047133', '000000197'),
('13047133', '000000198'),
('13047133', '000000208'),
('13047133', '000000211'),
('13047133', '000000220'),
('13047133', '000000223'),
('15494959', '000000096'),
('15494959', '000000174'),
('15494959', '000000195'),
('15494959', '000000196'),
('15494959', '000000209'),
('15494959', '000000210'),
('15494959', '000000266'),
('15494959', '000000269'),
('16503761', '000000100'),
('18468502', '000000078'),
('18468502', '000000079'),
('18468502', '000000104'),
('18468502', '000000105'),
('18468502', '000000110'),
('18468502', '000000115'),
('18468502', '000000122'),
('18468502', '000000164'),
('18468502', '000000171'),
('18468502', '000000176'),
('18468502', '000000178'),
('18468502', '000000179'),
('18468502', '000000186'),
('18468502', '000000187'),
('18468502', '000000197'),
('18468502', '000000198'),
('18468502', '000000208'),
('18468502', '000000211'),
('18468502', '000000220'),
('18468502', '000000223'),
('23649287', '000000087'),
('23649287', '000000096'),
('23649287', '000000174'),
('23649287', '000000195'),
('23649287', '000000196'),
('23649287', '000000209'),
('23649287', '000000210'),
('23649287', '000000266'),
('23649287', '000000269'),
('6484055', '000000077'),
('6484055', '000000218'),
('6484055', '000000219'),
('7560867', '000000078'),
('7560867', '000000079'),
('7560867', '000000093'),
('7560867', '000000104'),
('7560867', '000000105'),
('7560867', '000000110'),
('7560867', '000000115'),
('7560867', '000000122'),
('7560867', '000000164'),
('7560867', '000000171'),
('7560867', '000000176'),
('7560867', '000000178'),
('7560867', '000000179'),
('7560867', '000000186'),
('7560867', '000000187'),
('7560867', '000000197'),
('7560867', '000000198'),
('7560867', '000000208'),
('7560867', '000000211'),
('7560867', '000000220'),
('7560867', '000000223');

INSERT INTO `mnt_estatus_orden` (`id_estado`, `id_orden_trabajo`, `id_usuario`, `fecha_p`) VALUES
(1, 45, '10701349', '2015-10-14 15:55:02'),
(1, 51, '10701349', '2015-10-14 16:19:30'),
(1, 74, '10701349', '2015-10-14 16:49:55'),
(1, 77, '10701349', '2015-10-14 16:54:10'),
(1, 78, '10701349', '2015-10-14 16:55:09'),
(1, 79, '10701349', '2015-10-14 16:55:42'),
(1, 83, '10701349', '2015-10-14 17:24:08'),
(1, 83, '8841651', '2015-11-30 06:21:42'),
(1, 84, '10701349', '2015-10-14 06:02:07'),
(1, 85, '10701349', '2015-10-14 06:03:19'),
(1, 87, '10701349', '2015-10-14 06:05:32'),
(1, 87, '17986853', '2015-12-01 17:06:45'),
(1, 90, '10701349', '2015-10-14 06:07:47'),
(1, 93, '8841651', '2016-01-21 14:55:54'),
(1, 95, '10131920', '2016-01-29 16:42:54'),
(1, 96, '8841651', '2016-02-02 16:20:05'),
(1, 97, '14382083', '2016-02-04 13:59:39'),
(1, 98, '11364017', '2016-02-04 15:00:10'),
(1, 99, '11364017', '2016-02-04 15:16:06'),
(1, 100, '11364017', '2016-02-04 15:18:29'),
(1, 101, '11364017', '2016-02-04 15:20:37'),
(1, 102, '11364017', '2016-02-04 15:22:06'),
(1, 103, '11364017', '2016-02-04 15:31:37'),
(1, 104, '14162837', '2016-02-04 06:42:38'),
(1, 105, '13989244', '2016-02-10 12:50:43'),
(1, 106, '13989244', '2016-02-10 12:53:22'),
(1, 107, '14162837', '2016-02-11 13:06:48'),
(1, 108, '14162837', '2016-02-11 13:20:22'),
(1, 109, '14162837', '2016-02-11 13:21:58'),
(1, 110, '14162837', '2016-02-11 13:23:41'),
(1, 111, '14162837', '2016-02-11 13:27:57'),
(1, 112, '14162837', '2016-02-11 13:30:09'),
(1, 113, '14162837', '2016-02-11 13:31:37'),
(1, 114, '14162837', '2016-02-11 13:34:30'),
(1, 115, '14162837', '2016-02-11 13:36:43'),
(1, 116, '14162837', '2016-02-11 13:37:36'),
(1, 117, '14162837', '2016-02-11 13:38:18'),
(1, 118, '14162837', '2016-02-11 13:40:40'),
(1, 119, '14162837', '2016-02-11 13:44:17'),
(1, 120, '14162837', '2016-02-11 13:45:02'),
(1, 121, '14162837', '2016-02-11 13:45:38'),
(1, 122, '14162837', '2016-02-11 13:50:34'),
(1, 123, '14162837', '2016-02-11 14:02:30'),
(1, 124, '14162837', '2016-02-11 14:04:48'),
(1, 125, '14162837', '2016-02-11 14:07:25'),
(1, 126, '14162837', '2016-02-11 14:11:23'),
(1, 127, '14162837', '2016-02-11 14:23:50'),
(1, 128, '14162837', '2016-02-11 14:29:36'),
(1, 129, '14162837', '2016-02-11 14:32:20'),
(1, 130, '14162837', '2016-02-12 13:17:21'),
(1, 131, '14162837', '2016-02-12 13:19:11'),
(1, 132, '14162837', '2016-02-12 13:21:09'),
(1, 133, '14162837', '2016-02-12 14:16:16'),
(1, 134, '14162837', '2016-02-12 15:02:47'),
(1, 135, '14162837', '2016-02-12 15:18:30'),
(1, 136, '14162837', '2016-02-12 15:29:30'),
(1, 137, '14162837', '2016-02-12 15:35:04'),
(1, 138, '14162837', '2016-02-12 15:44:41'),
(1, 139, '14162837', '2016-02-12 15:46:30'),
(1, 140, '14162837', '2016-02-12 15:50:24'),
(1, 141, '14162837', '2016-02-12 15:52:42'),
(1, 142, '14162837', '2016-02-12 15:55:48'),
(1, 143, '14162837', '2016-02-12 16:06:12'),
(1, 144, '14162837', '2016-02-12 16:10:24'),
(1, 145, '14382083', '2016-02-12 17:18:37'),
(1, 146, '14382083', '2016-02-12 17:21:39'),
(1, 147, '14382083', '2016-02-12 17:24:22'),
(1, 148, '14382083', '2016-02-12 17:25:54'),
(1, 149, '14382083', '2016-02-12 05:34:28'),
(1, 150, '14162837', '2016-02-12 05:35:33'),
(1, 151, '14162837', '2016-02-12 05:42:43'),
(1, 152, '14162837', '2016-02-12 05:44:07'),
(1, 153, '14162837', '2016-02-12 05:45:39'),
(1, 154, '14162837', '2016-02-12 06:02:26'),
(1, 155, '14162837', '2016-02-12 06:05:10'),
(1, 156, '14162837', '2016-02-12 06:08:26'),
(1, 157, '14162837', '2016-02-12 06:09:47'),
(1, 158, '14162837', '2016-02-12 06:11:22'),
(1, 159, '14162837', '2016-02-12 06:12:23'),
(1, 160, '14162837', '2016-02-12 06:13:25'),
(1, 161, '14162837', '2016-02-12 06:17:59'),
(1, 162, '14382083', '2016-02-12 06:18:04'),
(1, 163, '14162837', '2016-02-12 06:19:26'),
(1, 164, '14382083', '2016-02-12 06:20:00'),
(1, 165, '14162837', '2016-02-15 13:53:04'),
(1, 166, '14162837', '2016-02-15 15:54:54'),
(1, 167, '7084323', '2016-02-16 15:21:51'),
(1, 168, '14162837', '2016-02-16 16:38:51'),
(1, 169, '14162837', '2016-02-16 16:47:13'),
(1, 170, '8841651', '2016-02-17 12:25:53'),
(1, 171, '10131920', '2016-02-18 13:06:23'),
(1, 171, '8841651', '2016-02-17 12:36:01'),
(1, 174, '11364017', '2016-02-17 15:23:58'),
(1, 175, '11364017', '2016-02-17 15:28:28'),
(1, 176, '11364017', '2016-02-22 14:57:24'),
(1, 177, '14162837', '2016-02-22 06:32:10'),
(1, 178, '14162837', '2016-02-22 06:33:48'),
(1, 179, '14162837', '2016-02-23 14:24:30'),
(1, 180, '14162837', '2016-02-23 15:05:10'),
(1, 181, '14162837', '2016-02-23 15:30:36'),
(1, 182, '14162837', '2016-02-23 15:34:58'),
(1, 183, '14162837', '2016-02-23 15:36:37'),
(1, 184, '14162837', '2016-02-23 16:42:13'),
(1, 185, '14162837', '2016-02-23 16:44:13'),
(1, 186, '14162837', '2016-02-23 16:45:53'),
(1, 187, '14162837', '2016-02-23 16:47:24'),
(1, 188, '14162837', '2016-02-23 16:49:02'),
(1, 189, '14162837', '2016-02-23 16:50:15'),
(1, 190, '14162837', '2016-02-23 16:52:48'),
(1, 191, '14162837', '2016-02-23 16:54:14'),
(1, 192, '14162837', '2016-02-23 16:56:55'),
(1, 193, '14162837', '2016-02-23 17:03:14'),
(1, 194, '14162837', '2016-02-23 17:04:35'),
(1, 195, '14162837', '2016-02-23 17:05:25'),
(1, 196, '14162837', '2016-02-23 17:06:26'),
(1, 197, '14162837', '2016-02-23 17:07:19'),
(1, 198, '14162837', '2016-02-23 17:08:37'),
(1, 199, '14162837', '2016-02-23 17:11:55'),
(1, 200, '14162837', '2016-02-23 17:13:19'),
(1, 201, '14162837', '2016-02-23 17:14:37'),
(1, 202, '14162837', '2016-02-23 17:17:40'),
(1, 203, '14162837', '2016-02-23 17:18:38'),
(1, 204, '14162837', '2016-02-23 17:19:33'),
(1, 205, '14162837', '2016-02-23 17:21:04'),
(1, 206, '14162837', '2016-02-23 17:22:36'),
(1, 207, '14162837', '2016-02-23 17:24:28'),
(1, 208, '14382083', '2016-02-23 05:43:21'),
(1, 209, '14382083', '2016-02-23 05:45:37'),
(1, 210, '14382083', '2016-02-23 05:47:37'),
(1, 211, '14382083', '2016-02-23 05:49:28'),
(1, 212, '14382083', '2016-02-23 05:51:35'),
(1, 213, '14382083', '2016-02-23 05:53:00'),
(1, 214, '14382083', '2016-02-23 05:55:14'),
(1, 215, '14382083', '2016-02-23 05:56:42'),
(1, 216, '14382083', '2016-02-23 05:58:31'),
(1, 217, '14382083', '2016-02-23 05:59:38'),
(1, 218, '14382083', '2016-02-23 06:00:57'),
(1, 219, '14382083', '2016-02-23 06:02:06'),
(1, 220, '14382083', '2016-02-23 06:05:12'),
(1, 221, '7084323', '2016-02-29 08:24:31'),
(1, 222, '10577808', '2016-03-01 14:26:37'),
(1, 223, '11155728', '2016-03-03 16:13:39'),
(1, 224, '11155728', '2016-03-03 16:16:16'),
(1, 225, '21031725', '2016-03-03 16:16:18'),
(1, 226, '14162837', '2016-03-04 15:15:04'),
(1, 227, '8841651', '2016-03-08 12:52:44'),
(1, 228, '8841651', '2016-03-08 12:54:49'),
(1, 229, '8841651', '2016-03-08 13:10:27'),
(1, 230, '11809738', '2016-03-08 14:56:47'),
(1, 231, '11809738', '2016-03-08 15:30:27'),
(1, 232, '14162837', '2016-03-08 15:58:01'),
(1, 233, '11809738', '2016-03-08 16:33:23'),
(1, 234, '11809738', '2016-03-08 16:36:25'),
(1, 235, '11155728', '2016-03-09 16:36:46'),
(1, 236, '14162837', '2016-03-11 14:05:47'),
(1, 237, '14162837', '2016-03-11 14:35:48'),
(1, 238, '14162837', '2016-03-11 14:41:52'),
(1, 239, '7113823', '2016-03-15 13:21:09'),
(1, 240, '7122700', '2016-03-15 14:03:54'),
(1, 241, '11809738', '2016-03-16 11:54:50'),
(1, 242, '11809738', '2016-03-16 11:59:35'),
(1, 243, '11809738', '2016-03-16 12:04:17'),
(1, 244, '11809738', '2016-03-16 12:13:48'),
(1, 245, '14162837', '2016-03-16 12:21:40'),
(1, 246, '11809738', '2016-03-16 12:26:17'),
(1, 247, '11809738', '2016-03-16 13:05:54'),
(1, 248, '11809738', '2016-03-16 13:42:03'),
(1, 249, '7122700', '2016-03-29 17:05:28'),
(1, 250, '7122700', '2016-03-29 17:13:03'),
(1, 251, '7122700', '2016-03-29 17:16:08'),
(1, 252, '7122700', '2016-03-29 17:21:05'),
(1, 253, '7122700', '2016-03-29 17:24:57'),
(1, 254, '7122700', '2016-03-29 17:29:31'),
(1, 255, '7122700', '2016-03-29 05:36:07'),
(1, 256, '7122700', '2016-03-29 05:38:57'),
(1, 257, '7122700', '2016-03-29 05:41:39'),
(1, 258, '7122700', '2016-03-29 05:44:30'),
(1, 259, '7122700', '2016-03-29 05:47:44'),
(1, 260, '7122700', '2016-03-29 05:49:36'),
(1, 261, '7122700', '2016-03-29 05:51:14'),
(1, 262, '7122700', '2016-03-29 05:52:43'),
(1, 263, '10577808', '2016-04-06 08:20:51'),
(1, 264, '14162837', '2016-04-07 15:10:16'),
(1, 265, '14162837', '2016-04-07 16:00:41'),
(1, 266, '11364017', '2016-04-08 11:48:11'),
(1, 267, '7122700', '2016-04-08 17:05:32'),
(1, 268, '13989244', '2016-04-11 15:13:24'),
(1, 269, '11364017', '2016-04-13 12:39:42'),
(1, 270, '11364017', '2016-04-13 14:02:13'),
(1, 271, '11364017', '2016-04-13 14:03:31'),
(1, 272, '11364017', '2016-04-13 14:05:03'),
(1, 273, '11364017', '2016-04-13 14:06:17'),
(1, 274, '7122700', '2016-04-13 16:20:04'),
(1, 275, '14162837', '2016-04-13 16:39:02'),
(1, 276, '14162837', '2016-04-13 16:41:28'),
(1, 277, '14162837', '2016-04-13 16:43:36'),
(1, 278, '14162837', '2016-04-13 16:45:31'),
(1, 279, '14162837', '2016-04-13 16:48:03'),
(1, 280, '14162837', '2016-04-13 16:49:48'),
(1, 281, '11364017', '2016-04-22 12:09:41'),
(1, 282, '11364017', '2016-04-22 12:11:12'),
(1, 283, '11364017', '2016-04-22 12:12:30'),
(1, 284, '11364017', '2016-04-22 12:13:46'),
(1, 285, '11364017', '2016-04-22 12:15:08'),
(1, 286, '14162837', '2016-04-22 14:50:56'),
(1, 287, '14162837', '2016-04-22 14:54:00'),
(1, 288, '11364017', '2016-04-22 15:44:44'),
(1, 289, '11364017', '2016-04-22 15:47:18'),
(1, 290, '11364017', '2016-04-22 15:49:15'),
(1, 291, '11364017', '2016-04-22 15:51:01'),
(1, 292, '11364017', '2016-04-22 15:52:12'),
(1, 293, '11364017', '2016-04-22 15:53:14'),
(1, 294, '11364017', '2016-04-22 15:54:11'),
(1, 295, '11364017', '2016-04-22 15:56:07'),
(1, 296, '11364017', '2016-04-22 15:57:17'),
(1, 297, '11364017', '2016-04-22 15:59:45'),
(1, 298, '11364017', '2016-04-22 16:01:38'),
(1, 299, '11364017', '2016-04-22 16:02:52'),
(1, 300, '6484055', '2016-04-25 15:06:22'),
(2, 74, '8841651', '2016-02-03 14:05:06'),
(2, 77, '8841651', '2016-02-02 07:22:41'),
(2, 78, '8841651', '2016-02-02 07:22:52'),
(2, 79, '8841651', '2016-02-02 07:23:10'),
(2, 83, '17986853', '2015-10-14 05:43:30'),
(2, 83, '17986853', '2015-10-14 05:51:09'),
(2, 83, '8841651', '2015-11-30 06:09:08'),
(2, 83, '8841651', '2015-11-30 06:10:32'),
(2, 83, '8841651', '2015-11-30 06:21:01'),
(2, 83, '8841651', '2015-11-30 06:21:25'),
(2, 83, '8841651', '2015-11-30 06:21:35'),
(2, 83, '8841651', '2015-11-30 06:22:08'),
(2, 84, '8841651', '2015-11-30 06:13:46'),
(2, 85, '17986853', '2015-12-01 17:13:23'),
(2, 85, '8841651', '2015-11-30 06:13:38'),
(2, 87, '17986853', '2015-12-01 17:04:06'),
(2, 87, '17986853', '2015-12-01 17:07:09'),
(2, 90, '8841651', '2016-01-29 16:13:36'),
(2, 93, '8841651', '2016-01-21 14:58:48'),
(2, 93, '8841651', '2016-01-21 15:00:28'),
(2, 95, '8841651', '2016-01-29 16:52:02'),
(2, 96, '10131920', '2016-02-04 16:49:45'),
(2, 97, '10131920', '2016-02-04 16:46:27'),
(2, 99, '10131920', '2016-04-13 13:54:55'),
(2, 100, '10131920', '2016-02-04 16:42:41'),
(2, 101, '10131920', '2016-02-04 16:39:58'),
(2, 102, '10131920', '2016-02-04 16:41:39'),
(2, 103, '10131920', '2016-04-13 13:52:26'),
(2, 104, '10131920', '2016-03-03 16:41:02'),
(2, 105, '10131920', '2016-03-03 16:39:47'),
(2, 110, '10131920', '2016-03-03 16:36:51'),
(2, 115, '10131920', '2016-03-03 16:35:51'),
(2, 122, '10131920', '2016-03-03 16:34:47'),
(2, 164, '10131920', '2016-02-18 13:10:56'),
(2, 166, '10131920', '2016-02-18 13:10:19'),
(2, 167, '10131920', '2016-02-17 13:49:58'),
(2, 167, '10131920', '2016-02-17 14:02:22'),
(2, 170, '10131920', '2016-02-17 14:32:27'),
(2, 171, '10131920', '2016-02-17 14:07:33'),
(2, 171, '10131920', '2016-02-18 13:06:56'),
(2, 174, '10131920', '2016-02-17 15:27:44'),
(2, 175, '10131920', '2016-02-17 17:22:16'),
(2, 176, '10131920', '2016-03-03 16:31:52'),
(2, 178, '10131920', '2016-03-03 16:30:41'),
(2, 179, '10131920', '2016-03-03 16:29:28'),
(2, 186, '10131920', '2016-03-03 16:28:05'),
(2, 187, '10131920', '2016-03-03 16:26:27'),
(2, 195, '10131920', '2016-03-01 15:02:33'),
(2, 196, '10131920', '2016-03-01 15:01:54'),
(2, 197, '10131920', '2016-03-03 16:22:25'),
(2, 198, '10131920', '2016-03-03 16:19:45'),
(2, 201, '10131920', '2016-03-03 16:18:20'),
(2, 208, '10131920', '2016-03-03 16:16:55'),
(2, 209, '10131920', '2016-03-01 15:01:00'),
(2, 210, '10131920', '2016-03-01 14:59:20'),
(2, 211, '10131920', '2016-03-03 16:14:06'),
(2, 215, '10131920', '2016-03-03 16:43:32'),
(2, 216, '10131920', '2016-03-01 15:16:26'),
(2, 218, '10131920', '2016-03-03 16:27:28'),
(2, 219, '10131920', '2016-03-03 16:11:15'),
(2, 220, '10131920', '2016-03-03 16:09:36'),
(2, 221, '10131920', '2016-03-01 15:13:16'),
(2, 223, '10131920', '2016-03-03 16:16:08'),
(2, 224, '10131920', '2016-03-07 13:09:37'),
(2, 225, '10131920', '2016-03-03 16:20:36'),
(2, 229, '8841651', '2016-04-08 16:08:00'),
(2, 229, '8841651', '2016-04-08 16:09:03'),
(2, 266, '10131920', '2016-04-13 13:45:01'),
(2, 267, '10131920', '2016-04-13 13:50:15'),
(2, 268, '10131920', '2016-04-13 13:57:39'),
(2, 269, '10131920', '2016-04-13 13:55:53'),
(3, 74, '8841651', '2016-02-03 14:08:45'),
(3, 93, '8841651', '2016-01-21 15:07:29'),
(3, 95, '8841651', '2016-01-29 16:57:02'),
(3, 99, '10131920', '2016-04-13 14:01:41'),
(3, 103, '10131920', '2016-04-13 13:53:53'),
(3, 104, '10131920', '2016-03-03 16:42:06'),
(3, 105, '10131920', '2016-03-03 16:40:25'),
(3, 115, '10131920', '2016-03-03 16:36:17'),
(3, 167, '10131920', '2016-03-07 14:45:02'),
(3, 170, '10131920', '2016-02-18 13:05:35'),
(3, 174, '10131920', '2016-03-07 08:46:31'),
(3, 175, '10131920', '2016-03-07 14:42:53'),
(3, 208, '10131920', '2016-03-03 16:17:34'),
(3, 219, '10131920', '2016-03-03 16:12:23'),
(3, 221, '10131920', '2016-03-28 13:25:13'),
(3, 224, '10131920', '2016-03-07 14:43:25'),
(3, 229, '6484055', '2016-04-25 15:01:24'),
(4, 77, '8841651', '2016-02-02 07:23:54'),
(4, 78, '8841651', '2016-02-02 07:23:47'),
(4, 79, '8841651', '2016-02-02 07:23:27'),
(4, 79, '8841651', '2016-02-02 07:23:38'),
(4, 83, '8841651', '2016-02-02 07:21:31'),
(4, 84, '8841651', '2016-02-02 07:22:18'),
(4, 85, '8841651', '2016-02-02 07:21:50'),
(4, 87, '8841651', '2016-02-02 07:22:03'),
(4, 90, '8841651', '2016-02-02 07:20:44'),
(5, 93, '8841651', '2016-01-21 15:03:58'),
(5, 122, '10131920', '2016-03-03 16:35:06'),
(5, 176, '10131920', '2016-03-03 16:32:42'),
(5, 197, '10131920', '2016-03-03 16:23:58'),
(5, 198, '10131920', '2016-03-03 16:20:07'),
(5, 216, '10131920', '2016-03-07 14:44:08'),
(6, 95, '8841651', '2016-01-29 16:53:51'),
(6, 201, '10131920', '2016-03-03 16:19:01'),
(6, 225, '10131920', '2016-03-03 16:21:26');

INSERT INTO `mnt_asigna_cuadrilla` (`id_usuario`, `id_cuadrilla`, `id_ordenes`) VALUES
('10131920', 1, '000000097'),
('10131920', 1, '000000099'),
('10131920', 1, '000000101'),
('10131920', 1, '000000102'),
('10131920', 1, '000000267'),
('10131920', 1, '000000268'),
('10131920', 3, '000000096'),
('10131920', 3, '000000174'),
('10131920', 3, '000000195'),
('10131920', 3, '000000196'),
('10131920', 3, '000000209'),
('10131920', 3, '000000210'),
('10131920', 3, '000000266'),
('10131920', 3, '000000269'),
('10131920', 4, '000000104'),
('10131920', 4, '000000105'),
('10131920', 4, '000000110'),
('10131920', 4, '000000115'),
('10131920', 4, '000000122'),
('10131920', 4, '000000164'),
('10131920', 4, '000000171'),
('10131920', 4, '000000176'),
('10131920', 4, '000000178'),
('10131920', 4, '000000179'),
('10131920', 4, '000000186'),
('10131920', 4, '000000187'),
('10131920', 4, '000000197'),
('10131920', 4, '000000198'),
('10131920', 4, '000000208'),
('10131920', 4, '000000211'),
('10131920', 4, '000000220'),
('10131920', 4, '000000223'),
('10131920', 5, '000000218'),
('10131920', 5, '000000219'),
('10131920', 6, '000000100'),
('10131920', 8, '000000166'),
('10131920', 8, '000000167'),
('10131920', 8, '000000175'),
('10131920', 8, '000000215'),
('10131920', 8, '000000216'),
('10131920', 8, '000000221'),
('10131920', 8, '000000224'),
('10131920', 19, '000000103'),
('17986853', 3, '000000087'),
('8841651', 1, '000000090'),
('8841651', 4, '000000078'),
('8841651', 4, '000000079'),
('8841651', 4, '000000093'),
('8841651', 5, '000000077'),
('8841651', 8, '000000074'),
('8841651', 8, '000000083'),
('8841651', 8, '000000229');

INSERT INTO `mnt_observacion_orden` (`id_usuario`, `id_orden_trabajo`, `id_observacion`, `observac`) VALUES
('10701349', 45, 48, ''),
('10701349', 51, 54, ''),
('10701349', 74, 77, ''),
('10701349', 77, 80, ''),
('10701349', 78, 81, ''),
('10701349', 79, 82, ''),
('10701349', 83, 86, ''),
('10701349', 84, 87, ''),
('10701349', 85, 88, ''),
('10701349', 87, 90, ''),
('10701349', 90, 93, ''),
('8841651', 90, 96, 'GDFGSDFGSDFGSD'),
('10131920', 95, 97, 'CONTROL DE ESTUDIOS'),
('14382083', 97, 98, 'LABORATORIO DOCENCIA 6 (DPTO BIOLOGÍA)'),
('11364017', 98, 99, 'DPTO. MATEMÁTICA'),
('11364017', 99, 100, 'DPTO. MATEMÁTICA'),
('11364017', 100, 101, 'DPTO. MATEMÁTICA'),
('11364017', 101, 102, 'DPTO. MATEMÁTICA'),
('11364017', 102, 103, 'DPTO. MATEMÁTICA'),
('11364017', 103, 104, 'DPTO. MATEMÁTICA'),
('10131920', 103, 105, 'DPTO. MATEMÁTICA'),
('14162837', 104, 106, 'LABORATORIO DE DOCENCIA I GENETICA'),
('14162837', 107, 107, 'LABORATORIO DE DOCENCIA I GENETICA'),
('14162837', 108, 108, 'LABORATORIO DE DOCENCIA I GENETICA'),
('14162837', 109, 109, 'LABORATORIO DE DOCENCIA I GENETICA'),
('14162837', 110, 110, 'LABORATORIO DE DOCENCIA I GENETICA'),
('14162837', 111, 111, 'LABORATORIO DE DOCENCIA I BIOQUIMICA'),
('14162837', 112, 112, 'LABORATORIO DE DOCENCIA III (LIASKA)'),
('14162837', 113, 113, 'LABORATORIO DE DOCENCIA III (LIASKA)'),
('14162837', 114, 114, 'LABORATORIO DE DOCENCIA IV (ESTHER)'),
('14162837', 115, 115, 'LABORATORIO VII (JOELI)'),
('14162837', 116, 116, 'LABORATORIO VII (JOELI)'),
('14162837', 117, 117, 'LABORATORIO VII (JOELI)'),
('14162837', 118, 118, 'LABORATORIO IX (DAYANA ARAUJO)'),
('14162837', 119, 119, 'MUSEO DE ZOOLOGIA (FRANGER)'),
('14162837', 120, 120, 'MUSEO DE ZOOLOGIA (FRANGER)'),
('14162837', 121, 121, 'MUSEO DE ZOOLOGIA (FRANGER)'),
('14162837', 122, 122, 'HERBARIO (EDGAR CARRASQUERO)'),
('14162837', 123, 123, 'CUARTO DE RACTIVOS LIQUIDOS Y SOLIDOS'),
('14162837', 124, 124, 'CUARTO DE RACTIVOS LIQUIDOS Y SOLIDOS'),
('14162837', 125, 125, 'LABORATORIO VIII (ANA KARINA)'),
('14162837', 126, 126, 'CUARTO DE REACTIVOS LIQUIDOS Y SOLIDOS'),
('14162837', 127, 127, 'CUARTO DE RACTIVOS LIQUIDOS Y SOLIDOS, DESECHOS'),
('14162837', 128, 128, 'CUARTO DE BOMBONAS BIOTECNOLOGIA (ESTHER)'),
('14162837', 129, 129, 'DEPOSITO DEL BIOMAC (PROF JOSE GREGORIO RODRIGUEZ)'),
('14162837', 130, 130, 'BIOTECNOLOGIA APLICADA (PROF DOMENICO PAVONE)'),
('14162837', 131, 131, 'BIOTECNOLOGIA APLICADA (PROF DOMENICO PAVONE)'),
('14162837', 132, 132, 'BIOTECNOLOGIA APLICADA (PROF DOMENICO PAVONE)'),
('14162837', 133, 133, 'BIOTECNOLOGIA APLICADA (PROF DOMENICO PAVONE)'),
('14162837', 134, 134, 'BIOTECNOLOGIA APLICADA (PROF DOMENICO PAVONE)'),
('14162837', 135, 135, 'LABORATORIO DE DOCENCIA I (DORIS REYES)'),
('14162837', 136, 136, 'LABORATORIO DE DOCENCIA I (DORIS REYES)'),
('14162837', 137, 137, 'LABORATORIO DE DOCENCIA I (DORIS REYES)'),
('14162837', 138, 138, 'LABORATORIO DE DOCENCIA I (DORIS REYES)'),
('14162837', 139, 139, 'LABORATORIO DE DOCENCIA I (DORIS REYES)'),
('14162837', 140, 140, 'LABORATORIO DE DOCENCIA I (DORIS REYES)'),
('14162837', 141, 141, 'LABORATORIO DE DOCENCIA I BIOQUIMICA'),
('14162837', 142, 142, 'LABORATORIO DE DOCENCIA II'),
('14162837', 143, 143, 'LABORATORIO DE DOCENCIA IV '),
('14162837', 144, 144, 'LABORATORIO DE DOCENCIA IV'),
('14382083', 145, 145, 'LABORATORIO DE DOCENCIA 2 (DPTO BIOLOGÍA)'),
('14382083', 146, 146, 'LABORATORIO DE DOCENCIA 2 (DPTO BIOLOGÍA)'),
('14382083', 147, 147, 'LABORATORIO DE DOCENCIA 2 (DPTO BIOLOGÍA)'),
('14382083', 148, 148, 'LABORATORIO DE DOCENCIA 2 (DPTO BIOLOGÍA)'),
('14382083', 149, 149, 'LABORATORIO DOCENCIA 3 (DPTO BIOLOGÍA)'),
('14162837', 150, 150, 'LABORATORIO DE DOCENCIA IV'),
('14162837', 151, 151, 'LABORATORIO DE DOCENCIA IV'),
('14162837', 152, 152, 'LABORATORIO DE DOCENCIA IV'),
('14162837', 153, 153, 'LABORATORIO DE DOCENCIA IV'),
('14162837', 154, 154, 'LABORATORIO DE DOCENCIA IV'),
('14162837', 155, 155, 'LABORATORIO DE DOCENCIA IV'),
('14162837', 156, 156, 'LABORATORIO DE DOCENCIA IV'),
('14162837', 157, 157, 'LABORATORIO DE DOCENCIA IV'),
('14162837', 158, 158, 'LABORATORIO DE DOCENCIA IV'),
('14162837', 159, 159, 'LABORATORIO DE DOCENCIA IV'),
('14162837', 160, 160, 'LABORATORIO DE DOCENCIA IV'),
('14162837', 161, 161, 'LABORATORIO DE DOCENCIA IV'),
('14382083', 162, 162, 'MUSEO ZOOLOGIA (DPTO DE BIOLOGÍA)'),
('14162837', 163, 163, 'LABORATORIO DE DOCENCIA IV'),
('14382083', 164, 164, 'HERBARIO (DPTO DE BIOLOGÍA)'),
('14162837', 165, 165, 'LABORATORIO DE DOCENCIA I MICRO'),
('14162837', 166, 166, 'DEPÓSITO DEL BIOMAC ECOLOGÍA'),
('14162837', 168, 167, 'LABORATORIO DE DOCENCIA I BIOQUÍMICA'),
('14162837', 169, 168, 'LABORATORIO DE DOCENCIA I GENÉTICA'),
('10131920', 167, 169, 'FUE COMO AYUDANTE EGIDIO LóPEZ, HEBER NO ESTABA EN ESE MOMENTO.'),
('11364017', 174, 170, 'DPTO. MATEMÁTICA'),
('11364017', 175, 171, 'DPTO. MATEMÁTICA'),
('10131920', 175, 172, 'HAY QUE HACER EL DIAGNóSTICO PARA SABER CUáNTOS SON Y EL TIPO (TUBO, REDONDO, ETC.)'),
('10131920', 171, 173, 'GRANADO FUE A VERIFICAR Y NO HABíA BOTE DE AGUA EN ESE MOMENTO. LE NOTIFICÓ A LA PROF. MARYLIN (ESTUVO PRESENTE RAFAEL DE LA DPTO DE COMPUTACIÓN)'),
('10131920', 170, 174, 'REPARACIÓN DE EQUIPOS INSTALANDO REPUESTOS (CAPACITOR DE 50 MFD, MASTER KIT DE ARRANQUE PPP5). CAMBIO DE MOTOR VENTILADOR DE UNIDAD CONDENSADORA. SUGIERE CAMBIO'),
('10131920', 169, 175, 'A LA ESPERA DE VERIFICACFIÓN EN FUNCIONAMIENTO DEL AIRE REPARADO'),
('11364017', 176, 176, 'DPTO. MATEMÁTICA'),
('14162837', 177, 177, 'LABORATORIO DE DOCENCIA IV'),
('14162837', 178, 178, 'ANIMALARIO (ANTIGUO CEPARIO)'),
('14162837', 179, 179, 'LABNEC. AL LADO DE LA AULA B03'),
('14162837', 180, 180, 'LABORATORIO DE DOCENCIA I BIOQUÍMICA'),
('14162837', 181, 181, 'LABORATORIO DE DOCENCIA III'),
('14162837', 182, 182, 'LABORATORIO DE DOCENCIA I MICRO'),
('14162837', 183, 183, 'LABORATORIO DE DOCENCIA I MICRO'),
('14162837', 184, 184, 'LABORATORIO DE DOCENCIA I GENÉTICA'),
('14162837', 185, 185, 'LABORATORIO DE DOCENCIA I GENÉTICA'),
('14162837', 186, 186, 'LABORATORIO DE DOCENCIA I MICRO'),
('14162837', 187, 187, 'LABORATORIO DE DOCENCIA I BIOQUÍMICA'),
('14162837', 188, 188, 'LABORATORIO DE DOCENCIA I BIOQUÍMICA'),
('14162837', 189, 189, 'LABORATORIO DE DOCENCIA I BIOQUÍMICA'),
('14162837', 190, 190, 'LABORATORIO DE DOCENCIA I BIOQUÍMICA'),
('14162837', 191, 191, 'LABORATORIO DE DOCENCIA I BIOQUÍMICA'),
('14162837', 192, 192, 'LABORATORIO DE DOCENCIA I BIOQUÍMICA'),
('14162837', 193, 193, 'LABORATORIO DE DOCENCIA IV'),
('14162837', 194, 194, 'LABORATORIO DE DOCENCIA IV'),
('14162837', 195, 195, 'LABORATORIO DE DOCENCIA IV'),
('14162837', 196, 196, 'LABORATORIO DE DOCENCIA IV'),
('14162837', 197, 197, 'LABORATORIO DE DOCENCIA IV'),
('14162837', 198, 198, 'LABORATORIO DE DOCENCIA IV'),
('14162837', 199, 199, 'LABNEC. AL LADO DE LA AULA B03'),
('14162837', 200, 200, 'ANIMALARIO ANTIGUO CEPARIO'),
('14162837', 201, 201, 'ANIMALARIO ANTIGUO CEPARIO'),
('14162837', 202, 202, 'LABORATORIOS DE BIOLOGIA'),
('14162837', 203, 203, 'DEPÓSITO DEL BIOMAC ECOLOGÍA'),
('14162837', 204, 204, 'DEPÓSITO DEL BIOMAC ECOLOGÍA'),
('14162837', 205, 205, 'DEPÓSITO DEL BIOMAC ECOLOGÍA'),
('14162837', 206, 206, 'DEPÓSITO DEL BIOMAC ECOLOGÍA'),
('14162837', 207, 207, 'CUARTO DE REACTIVOS BIOLOGÍA'),
('14382083', 208, 208, 'LABORATORIO DE DOCENCIA III (DPTO BIOLOGIA)'),
('14382083', 209, 209, 'LABORATORIO DE DOCENCIA III (DPTO BIOLOGIA)'),
('14382083', 210, 210, 'LABORATORIO DE DOCENCIA III (DPTO BIOLOGIA)'),
('14382083', 211, 211, 'LABORATORIO DE DOCENCIA III (DPTO BIOLOGIA)'),
('14382083', 212, 212, 'LABORATORIO DE DOCENCIA III (DPTO BIOLOGIA)'),
('14382083', 213, 213, 'LABORATORIO DE DOCENCIA III (DPTO BIOLOGIA)'),
('14382083', 214, 214, 'LABORATORIO DE DOCENCIA III (DPTO BIOLOGIA)'),
('14382083', 215, 215, 'LABORATORIO DE DOCENCIA III (DPTO BIOLOGIA)'),
('14382083', 216, 216, 'LABORATORIO DE DOCENCIA III (DPTO BIOLOGIA)'),
('14382083', 217, 217, 'LABORATORIO DE DOCENCIA III (DPTO BIOLOGIA)'),
('14382083', 218, 218, 'LABORATORIO DE DOCENCIA III (DPTO BIOLOGIA)'),
('14382083', 219, 219, 'LABORATORIO DE DOCENCIA III (DPTO BIOLOGIA)'),
('14382083', 220, 220, 'LABORATORIO DE DOCENCIA V (DPTO BIOLOGIA)'),
('7084323', 221, 221, 'BIBLIOTECA'),
('10577808', 222, 222, 'DIRECCION DE BIOLOGIA'),
('11155728', 223, 223, 'DEPARTAMENTO DE FÍSICA'),
('11155728', 224, 224, 'DEPARTAMENTO DE FÍSICA'),
('21031725', 225, 225, 'DPTO. MATEMÁTICA'),
('14162837', 226, 226, 'LABNEC. AL LADO DE LA AULA B03'),
('10131920', 103, 227, 'DPTO. MATEMÁTICA'),
('11809738', 230, 228, 'AULA AQ-101 EDIF QUIMICA-FACYT'),
('11809738', 231, 229, 'EDIFICIO DE QUIMICA'),
('14162837', 232, 230, 'ANIMALARIO (ANTIGUO CEPARIO)'),
('11809738', 233, 231, 'EDIFICIO DE QUIMICA, 2DO PISO'),
('11809738', 234, 232, 'EDIFICIO DE QUIMICA PB'),
('14162837', 236, 233, 'LABNEC (NEUROCIENCIAS)'),
('14162837', 237, 234, 'BIOTECNOLOGÍA APLICADA'),
('14162837', 238, 235, 'CUBÍCULO DE SUPERVISORES'),
('11809738', 241, 236, 'LAB FQ-EDIF DPTO QUIMICA'),
('11809738', 242, 237, 'AULA AQ-101 EDIF QUIMICA-FACYT'),
('11809738', 243, 238, '1ER PISO, EDIF QUIMICA'),
('11809738', 244, 239, 'EDIFICIO DE QUIMICA PB'),
('14162837', 245, 240, 'CUBÍCULO DE ASISTENTES DE BIOLOGÍA'),
('11809738', 246, 241, 'EDIFICIO DE QUIMICA PB'),
('11809738', 247, 242, 'EDIFICIO DE QUIMICA PB'),
('11809738', 248, 243, 'EDIFICIO DE QUIMICA PB'),
('7122700', 249, 244, 'EDIFICIO DE QUIMICA PB'),
('7122700', 250, 245, 'EDIFICIO DE QUIMICA PB'),
('7122700', 251, 246, 'EDIFICIO DE QUIMICA SEGUNDO PISO'),
('7122700', 252, 247, 'PRIMER PISO'),
('7122700', 253, 248, 'PATIO EDIFICIO DE QUÍMICA '),
('7122700', 254, 249, 'PRIMER PISO EDIFICIO DE QUIMICA '),
('7122700', 255, 250, 'PATIO EDIFICIO DE QUÍMICA '),
('7122700', 256, 251, 'PATIO EDIFICIO DE QUÍMICA '),
('7122700', 257, 252, 'PATIO EDIFICIO DE QUÍMICA '),
('7122700', 258, 253, 'PATIO EDIFICIO DE QUÍMICA '),
('7122700', 259, 254, 'PATIO EDIFICIO DE QUÍMICA '),
('7122700', 260, 255, 'SEGUNDO PISO EDIFICIO QUIMICA'),
('7122700', 261, 256, 'SEGUNDO PISO EDIFICIO QUIMICA'),
('7122700', 262, 257, 'PATIO EDIFICIO DE QUÍMICA '),
('10577808', 263, 258, 'DIRECCION DE BIOLOGIA'),
('14162837', 264, 259, 'LABORATORIO DE BIOTECNOLOGÍA APLICADA'),
('14162837', 265, 260, 'LABORATORIO DE DOCENCIA IV'),
('11364017', 266, 261, 'DPTO. MATEMÁTICA'),
('7122700', 267, 262, 'EDIFICIO DE QUÍMICA SEGUNDO PISO '),
('13989244', 268, 263, 'EDIFICIO DE COMPUTACION'),
('11364017', 269, 264, 'DPTO. MATEMÁTICA'),
('11364017', 270, 265, 'DPTO. MATEMÁTICA'),
('11364017', 271, 266, 'DPTO. MATEMÁTICA'),
('11364017', 272, 267, 'DPTO. MATEMÁTICA'),
('11364017', 273, 268, 'DPTO. MATEMÁTICA'),
('7122700', 274, 269, 'EDIFICIO DE QUÍMICA. '),
('14162837', 275, 270, 'LABORATORIO DE DOCENCIA IV (BIOTECNOLOGÍA)'),
('14162837', 276, 271, 'LABORATORIO DE DOCENCIA VI'),
('14162837', 277, 272, 'MUSEO DE ZOOLOGÍA'),
('14162837', 278, 273, 'LABORATORIO DE DOCENCIA IV (BIOTECNOLOGÍA)'),
('14162837', 279, 274, 'LABORATORIO DE DOCENCIA I GENÉTICA'),
('14162837', 280, 275, 'LABORATORIO DE DOCENCIA VI'),
('11364017', 281, 276, 'DPTO. MATEMÁTICA'),
('11364017', 282, 277, 'DPTO. MATEMÁTICA'),
('11364017', 283, 278, 'DPTO. MATEMÁTICA'),
('11364017', 284, 279, 'DPTO. MATEMÁTICA'),
('11364017', 285, 280, 'DPTO. MATEMÁTICA'),
('14162837', 286, 281, 'LABORATORIO DE DOCENCIA IV (BIOTECNOLOGÍA) LADO A'),
('14162837', 287, 282, 'LABORATORIO DE DOCENCIA I MICRO GENETICA'),
('11364017', 288, 283, 'DPTO. MATEMÁTICA'),
('11364017', 289, 284, 'DPTO. MATEMÁTICA'),
('11364017', 290, 285, 'DPTO. MATEMÁTICA'),
('11364017', 291, 286, 'DPTO. MATEMÁTICA'),
('11364017', 292, 287, 'DPTO. MATEMÁTICA'),
('11364017', 293, 288, 'DPTO. MATEMÁTICA'),
('11364017', 294, 289, 'DPTO. MATEMÁTICA'),
('11364017', 295, 290, 'DPTO. MATEMÁTICA'),
('11364017', 296, 291, 'DPTO. MATEMÁTICA'),
('11364017', 297, 292, 'DPTO. MATEMÁTICA'),
('11364017', 298, 293, 'DPTO. MATEMÁTICA'),
('11364017', 299, 294, 'DPTO. MATEMÁTICA');

INSERT INTO `mnt_responsable_orden` (`id_responsable`, `tiene_cuadrilla`, `id_orden_trabajo`) VALUES
('10266594', 'si', '000000074'),
('10266594', 'si', '000000166'),
('10266594', 'si', '000000167'),
('10266594', 'si', '000000175'),
('10266594', 'si', '000000215'),
('10266594', 'si', '000000216'),
('10266594', 'si', '000000221'),
('10266594', 'si', '000000224'),
('10266594', 'si', '000000229'),
('10455543', 'si', '000000090'),
('10455543', 'si', '000000097'),
('10455543', 'si', '000000099'),
('10455543', 'si', '000000101'),
('10455543', 'si', '000000102'),
('10455543', 'si', '000000267'),
('10455543', 'si', '000000268'),
('12092890', 'si', '000000100'),
('12092890', 'si', '000000103'),
('13047133', 'no', '000000170'),
('15494959', 'si', '000000096'),
('15494959', 'si', '000000174'),
('15494959', 'si', '000000195'),
('15494959', 'si', '000000196'),
('15494959', 'si', '000000209'),
('15494959', 'si', '000000210'),
('15494959', 'si', '000000266'),
('15494959', 'si', '000000269'),
('6484055', 'si', '000000077'),
('6484055', 'si', '000000218'),
('6484055', 'si', '000000219'),
('7560867', 'si', '000000078'),
('7560867', 'si', '000000079'),
('7560867', 'si', '000000093'),
('7560867', 'si', '000000104'),
('7560867', 'si', '000000105'),
('7560867', 'si', '000000110'),
('7560867', 'si', '000000115'),
('7560867', 'si', '000000122'),
('7560867', 'si', '000000164'),
('7560867', 'si', '000000171'),
('7560867', 'si', '000000176'),
('7560867', 'si', '000000178'),
('7560867', 'si', '000000179'),
('7560867', 'si', '000000186'),
('7560867', 'si', '000000187'),
('7560867', 'si', '000000197'),
('7560867', 'si', '000000198'),
('7560867', 'si', '000000208'),
('7560867', 'si', '000000211'),
('7560867', 'si', '000000220'),
('7560867', 'si', '000000223');

INSERT INTO `mnt_miembros_cuadrilla` (`id_cuadrilla`, `id_trabajador`) VALUES
(1, '10455543'),
(2, '17066227'),
(2, '16280386'),
(3, '15494959'),
(4, '7560867'),
(4, '13047133'),
(5, '6484055'),
(6, '12092890'),
(7, '8711369'),
(7, '20699287'),
(8, '10266594'),
(3, '23649287'),
(8, '12106491'),
(6, '16503761'),
(18, '17679264'),
(19, '10266594'),
(19, '12092890');
